,news,source
0,ದರ್ಶ ಸೂಪರ್ ಸ್ಪೆಷಾಲಿಟಿ ಆಸ್ಪತ್ರೆ ಉದ್ಘಾಟನೆ ಆ 16ಕ್ಕೆ ,prajavani
1,ಬಹೂಪಯೋಗಿ ಡ್ರೋನ್‌ ಅಭಿವೃದ್ಧಿಪಡಿಸುತ್ತಿರುವ ಎಚ್‌ಎಎಲ್‌ ,prajavani
2,ದಕ್ಷಿಣ ಕನ್ನಡ: ವ್ಯಾಪಾರ ನಿರ್ಬಂಧ ತೆರವು– 144 ಸೆಕ್ಷನ್‌ ಮುಂದುವರಿಕೆ ,prajavani
3,ಅತ್ಯಾಚಾರಿಗೆ ಮರಣದಂಡನೆ ಶಿಕ್ಷೆ ಕುರಿತು ಗೆಹಲೋತ್‌ ಹೇಳಿಕೆ: ಬಿಜೆಪಿ ಕಿಡಿ ,prajavani
4,ಆರೋಗ್ಯ ಸರ್ವರ ಸ್ವತ್ತಾಗಲಿ–ಮಾಜಿ ಶಾಸಕ ಗವಿಯಪ್ಪ ,prajavani
5,ಪ್ರವೀಣ್‌ ನೆಟ್ಟಾರು ಹತ್ಯೆ: ಮತ್ತಿಬ್ಬರ ಬಂಧನ ,prajavani
6,ಮಣಿಪುರ ಸ್ವಾಯತ್ತ ಮಸೂದೆ: ಎಟಿಎಸ್‌ಯುಎಂ ಪ್ರತಿಭಟನೆ ,prajavani
7,12ರಿಂದ ರಾಯರ ಆರಾಧನಾ ಮಹೋತ್ಸವ ,prajavani
8,‘ಶಾಂತಿಯಿಂದ ಹಬ್ಬ ಆಚರಿಸಿ’ ,prajavani
9,ವಿಶ್ವಕರ್ಮ ಸಮಾಜ ಎಸ್‌ಟಿಗೆ ಸೇರಿಸಿ ,prajavani
10,ಮೊಹರಂ: 32 ಬಂಡಿ ಎಳೆದ ಎತ್ತು ,prajavani
11,ಕರಾಟೆ ಹೆಣ್ಣುಮಕ್ಕಳಿಗೆ ವರದಾನ: ನಡಹಳ್ಳಿ ,prajavani
12,‘ಗ್ರಾಮಸಭೆ ನಡೆಸಿ ಮನೆ ಹಂಚಿಕೆ ಮಾಡಿ’ ,prajavani
13,‘ಶೃತಿ ಸೇರಿದಾಗ’ ಕಾರ್ಯಕ್ರಮ ,prajavani
14,ದೇಶ ಬಲಿಷ್ಠವಾಗಿಸಲು ಯುವಶಕ್ತಿಗೆ ಕರೆ ,prajavani
15,ಆಕಾಸಾ ಏರ್‌ ಸೇವೆ ಆರಂಭ ,prajavani
16,"ಟ್ರಿಪಲ್‌ ಜಂಪ್‌ ಚಿನ್ನ, ಬೆಳ್ಳಿ ಭಾರತಕ್ಕೆ ",prajavani
17,ಶುಲ್ಕ ಪರಿಷ್ಕರಣೆ ಅಗತ್ಯ: ವಿಐಎಲ್‌ ,prajavani
18,ಪತಿ ಕೊಲ್ಲಿಸಿದ ಪತ್ನಿ ಸೇರಿ ನಾಲ್ವರ ಬಂಧನ ,prajavani
19,‘ಕಾರ್ಪೊರೇಟ್‌’ ಕಪಿಮುಷ್ಟಿಯಲ್ಲಿ ಮಾಧ್ಯಮಗಳು: ಸಿ.ಜಿ.ಮಂಜುಳಾ ಹೇಳಿಕೆ ,prajavani
20,ಚಾಮರಾಜನಗರ ಜಿಲ್ಲೆಗೆ 25 ವರ್ಷ: ಅಭಿವೃದ್ಧಿಗೆ ಆಗಬೇಕಾಗಿರುವುದೇನು? ,prajavani
21,ಹುತಾತ್ಮ ಸೇನಾನಿ ಮೇಜರ್‌ ಕೆ.ಕೆ.ರಾವ್‌ಗೆ ನಮನ ,prajavani
22,ಖಾದಿ ಧ್ವಜಕ್ಕೆ ಮಾತ್ರ ಅವಕಾಶಕ್ಕೆ ಆಗ್ರಹ ,prajavani
23,ಕೇಂದ್ರ ಸಂಪುಟ ಸೇರಲ್ಲ: ಬಿಹಾರ ಸಿಎಂ ನಿತೀಶ್ ಕುಮಾರ್‌ ನೇತೃತ್ವದ ಜೆಡಿಯು ,prajavani
24,ಹುಲಿ ಸಂರಕ್ಷಿತ ಪ್ರದೇಶ ಘೋಷಣೆ ಸಿ.ಎಂ ನಿರ್ಧಾರಕ್ಕೆ: ಉಮೇಶ ಕತ್ತಿ ,prajavani
25,ಸೇತುವೆಯಾಗಿ ಕಾರ್ಯ: ಶಿವರಾಜ್ ,prajavani
26,"ಶೀಘ್ರ ಕನ್ನಡ, ಜಾನಪದ ಪಿಜಿ ಆರಂಭ ",prajavani
27,ಉಗ್ರ ಸಂಘಟನೆಯೊಂದಿಗೆ ಸಂಪರ್ಕ ಹೊಂದಿದ್ದ ವ್ಯಕ್ತಿ ಬಂಧನ ,prajavani
28,58ನೇ ‘ಮನೆಯಂಗಳದಲ್ಲಿ ಮಾತು’ ,prajavani
29,ತ್ಯಾಗ ಬಲಿದಾನದ ಸಂಕೇತವೇ ಸ್ವಾತಂತ್ರ್ಯ ,prajavani
30,ಆಳಂದದಲ್ಲಿ 75 ಕಿ.ಮೀ. ತಿರಂಗ ಯಾತ್ರೆ ,prajavani
31,ಫಿಡೆ ಉಪಾಧ್ಯಕ್ಷರಾಗಿ ಆನಂದ್ ,prajavani
32,ಬಹಮನಿಯರ ಕೋಟೆ ಮೇಲೆ ಹಾರಾಡಲಿದೆ ರಾಷ್ಟ್ರಧ್ವಜ ,prajavani
33,ದೆಹಲಿ: ಸಕ್ರಿಯ ಐಎಸ್‌ ಉಗ್ರನನ್ನು ಬಂಧಿಸಿದ ಎನ್‌ಐಎ ,prajavani
34,ಹೆಣ ಕಂಡರೆ ಓಡೋಡಿ ಬರುವ ಶೋಭಾ ಸಮಸ್ಯೆಗಳಿಗೆ ಬಾಯಿ ಬಿಡದಿರುವುದೇಕೆ?: ಕಾಂಗ್ರೆಸ್ ,prajavani
35,ವಸತಿ ರಹಿತರ ಮಾಹಿತಿ ಸಂಗ್ರಹಿಸಿ: ಸಚಿವ ಕೋಟ ಶ್ರೀನಿವಾಸ ಪೂಜಾರಿ ಸೂಚನೆ ,prajavani
36,ಉತ್ತರ ಪ್ರದೇಶ: ಯೋಗಿ ಸಂಪುಟದ ಸಚಿವ ನಿಶಾದ್‌ಗೆ ಜಾಮೀನು ರಹಿತ ವಾರಂಟ್‌ ,prajavani
37,ಕಾಂಗ್ರೆಸ್‌ನಿಂದ ಮಾತ್ರ ಬಡವರ ಅಭಿವೃದ್ಧಿ: ಶಾಸಕ ಹಿಟ್ನಾಳ ಹೇಳಿಕೆ ,prajavani
38,ಮಹಿಳಾ ಹಾಕಿ: ಭಾರತ ತಂಡಕ್ಕೆ ಕಂಚು ,prajavani
39,ಬೆಳೆಹಾನಿ: ವಾಸ್ತವ ವರದಿ ಸಲ್ಲಿಸಿ ,prajavani
40,ಕಲ್ಲಿದ್ದಲು ಆಮದು ತಗ್ಗಿಸಲು ಸ್ಥಾಯಿ ಸಮಿತಿ ಸಲಹೆ ,prajavani
41,ದೆಹಲಿಯ ಜಾಮಾ ಮಸೀದಿ ದೇಶದ ಅತಿದೊಡ್ಡ ಮಸೀದಿಯಲ್ಲ: ಇತಿಹಾಸಕಾರರ ಅಭಿಪ್ರಾಯ ,prajavani
42,‘ಚಂದಯ್ಯ ಜಯಂತಿ ರಾಜ್ಯದಾದ್ಯಂತ ಆಚರಣೆ: ಅಭಿನಂದನೆ’ ,prajavani
43,"ಗೆಲುವನ್ನು ಆಚರಿಸಿ, ಕ್ಷಮೆ ಕೇಳಬೇಡಿ: ಪೂಜಾ ಗೆಹಲೋತ್‌ಗೆ ಪ್ರಧಾನಿ ಮೋದಿ ",prajavani
44,ಮಹಿಳಾ ಸಿಬ್ಬಂದಿಗೆ ವೈದ್ಯನಿಂದ ಲೈಂಗಿಕ ಕಿರುಕುಳ ,prajavani
45,ಪ್ಯಾರಾ ಟಿಟಿ: ಚಿನ್ನ ಗೆದ್ದ ಭಾವಿನಾ,prajavani
46,ಇದೇ 24ರಿಂದ ಸಿಯುಇಟಿ–ಯುಜಿ ಪರೀಕ್ಷೆ  ,prajavani
47,ಅತಿಕ್ರಮಣ ಜಾಗದಲ್ಲಿದ್ದವರಿಗೂ ಪರಿಹಾರ: ಶ್ರೀನಿವಾಸ ಪೂಜಾರಿ ಭರವಸೆ ,prajavani
48,ಶಿರಸಿ: ವಿಪತ್ತು ಪಡೆಯಿಂದ ಚಾವಣಿ ವ್ಯವಸ್ಥೆ ,prajavani
49,ಕೈಮಗ್ಗ ಸ್ಟಾರ್ಟಪ್ ಸವಾಲಿನಲ್ಲಿ ಭಾಗಿಯಾಗಲು ಯುವಕರಿಗೆ ಪ್ರಧಾನಿ ಕರೆ ,prajavani
50,Commonwealth Games ಟ್ರಿಪಲ್ ಜಂಪ್‌ನಲ್ಲಿ ಎರಡು ಪದಕ: ಭಾರತದ ಐತಿಹಾಸಿಕ ಸಾಧನೆ ,prajavani
51,"ಹಿಂದುತ್ವ, ಕಾರ್ಪೊರೆಟ್ ಅಕ್ರಮಕೂಟ ಸಂವಿಧಾನ ವಿರೋಧಿ ",prajavani
52,ಒಳನೋಟ ಪ್ರತಿಕ್ರಿಯೆಗಳು ,prajavani
53,ನನ್ನ ಧ್ವನಿಯನ್ನು ಅಡಗಿಸಲು ಸಾಧ್ಯವಿಲ್ಲ: ನಟ ಪ್ರಕಾಶ್‌ ರಾಜ್‌ ,prajavani
54,ಕಾಮನ್‌ವೆಲ್ತ್‌ ಪದಕ ವಿಜೇತ ಗುರುರಾಜ ಪೂಜಾರಿಗೆ ಅದ್ಧೂರಿ ಸ್ವಾಗತ ,prajavani
55,ಬಬಲೇಶ್ವರ ಪಾಕಿಸ್ತಾನದಲ್ಲಿ ಇದೆಯಾ: ಸವದಿ ಪ್ರಶ್ನೆ ,prajavani
56,"ಅಯೋಧ್ಯೆಯಲ್ಲಿ ಅಕ್ರಮ ಭೂ ವ್ಯವಹಾರ: ಮೇಯರ್, ಬಿಜೆಪಿ ಶಾಸಕ ಭಾಗಿ ",prajavani
57,"ನೆರೆ ಪರಿಹಾರ ನೀಡದ್ದರೆ ಹೋರಾಟ: ಕಾಂಗ್ರೆಸ್‌ ಶಾಸಕ ಎಂ.ಬಿ.ಪಾಟೀಲ                              
                        ",prajavani
58,"ಪಾಕ್‌ನಲ್ಲಿ ಗುಂಡಿನ ದಾಳಿ: ನಾಲ್ವರ ಸಾವು                              
                        ",prajavani
59,"‘ಮಸಸ್ಸನ್ನು ಶುದ್ಧವಾಗಿಟ್ಟುಕೊಳ್ಳಬೇಕು’                              
                        ",prajavani
60,"Commonwealth Games: ಫೈನಲ್‌ಗೆ ಸಿಂಧು, ಸೇನ್‌; ಚಿನ್ನಕ್ಕೆ ಇನ್ನೊಂದೇ ಹೆಜ್ಜೆ                              
                        ",prajavani
61,"ಆ.15ರೊಳಗೆ ಮಹಾರಾಷ್ಟ್ರ ಸಚಿವ ಸಂಪುಟ ವಿಸ್ತರಣೆ: ಫಡಣವೀಸ್‌ಗೆ ಗೃಹ ಖಾತೆ                              
                        ",prajavani
62,"BiggBoss Kannada OTTಗೆ ಚಾಲನೆ: 16 ಸ್ಪರ್ಧಿಗಳ ಪೂರ್ಣ ಮಾಹಿತಿ ಇಲ್ಲಿದೆ                              
                        ",prajavani
63,"ಫೋಟೊ ಸ್ಪರ್ಧೆ ವಿಜೇತರಿಗೆ ಬಹುಮಾನ ವಿತರಣೆ                              
                        ",prajavani
64,"ವಿಜಯಪುರ: ರೇವಣಸಿದ್ದೇಶ್ವರ ಯೋಜನೆಗೆ ಶೀಘ್ರ ಮಂಜೂರಾತಿ                              
                        ",prajavani
65,"ಸೇನಾ ತಾಲೀಮು ಕೈಬಿಡಲು ಚೀನಾಗೆ ವಿವಿಧ ರಾಷ್ಟ್ರಗಳ ಆಗ್ರಹ                              
                        ",prajavani
66,"ಕಲೈಸೆಲ್ವಿ ಸಿಎಸ್‌ಐಆರ್‌ನ ಮೊದಲ ಮಹಿಳಾ ಮಹಾ ನಿರ್ದೇಶಕಿ                              
                        ",prajavani
67,"Commonwealth Games: ಬಾಕ್ಸರ್ ಅಮಿತ್ ಪಂಘಲ್, ನೀತೂ ಘಂಘಸ್‌ಗೆ ಚಿನ್ನ                              
                        ",prajavani
68,"ತೈಲ ಕಂಪನಿಗಳಿಗೆ ₹18,480 ಕೋಟಿ ನಷ್ಟ                              
                        ",prajavani
69,"ಎಸ್‌ಎಸ್‌ಎಲ್‌ವಿ–ಡಿ1ರ ಮೂಲಕ ಉಡಾವಣೆ ಮಾಡಿದ ಉಪಗ್ರಹಗಳ ಬಳಕೆ ಸಾಧ್ಯವಿಲ್ಲ: ಇಸ್ರೊ                              
                        ",prajavani
70,"ಕೆನಡಾ | 10 ಲಕ್ಷಕ್ಕೂ ಹೆಚ್ಚು ಹುದ್ದೆಗಳು ಖಾಲಿ: ಭಾರತೀಯರತ್ತ ಮುಖ ಮಾಡಿದ ಸರ್ಕಾರ                              
                        ",prajavani
71,"ಮಹಾರಾಷ್ಟ್ರ ಸಂಪುಟ ವಿಸ್ತರಣೆ: ಬಿಜೆಪಿ ಹೈಕಮಾಂಡ್ ಜೊತೆ ಶಿಂದೆ ಚರ್ಚೆ ಸಾಧ್ಯತೆ                              
                        ",prajavani
72,"ಸಂಸತ್ ನಿಷ್ಕ್ರಿಯವಾಗಿದೆ, ಪ್ರಜಾಪ್ರಭುತ್ವ ಏದುಸಿರು ಬಿಡುತ್ತಿದೆ: ಪಿ. ಚಿದಂಬರಂ                              
                        ",prajavani
73,"ಮೂಢನಂಬಿಕೆ: ದೆವ್ವ ಬಿಡಿಸಲು ಹೋಗಿ 5 ವರ್ಷದ ಮಗಳನ್ನು ಕೊಂದ ಪೋಷಕರು                              
                        ",prajavani
74,"ಟಿಟಿ ಸಿಂಗಲ್ಸ್: ಸೆಮಿಗೆ ಶರತ್, ಸತ್ಯನ್‌                              
                        ",prajavani
75,"₹4.50 ಕೋಟಿ ವೆಚ್ಚದ ಕಾಮಗಾರಿಗೆ ಚಾಲನೆ                              
                        ",prajavani
76,"13ರಂದು ಕಾಂಗ್ರೆಸ್ ಪಾದಯಾತ್ರೆ:ಶಿವರಾಜ ತಂಗಡಗಿ                              
                        ",prajavani
77,"ಆರೋಪ ಸಾಬೀತು; ಆರು ತಿಂಗಳು ಶಿಕ್ಷೆ                              
                        ",prajavani
78,"‘ಐಕ್ಯತೆ ಬೆಳೆಸುವುದೇ ಎನ್‌ಎಸ್‌ಎಸ್‌’                              
                        ",prajavani
79,"ಮುಸ್ಲಿಮರಿಲ್ಲದ ಊರಲ್ಲಿ ಮೊಹರಂ ಸಂಭ್ರಮ!                              
                        ",prajavani
80,"‘ಬರವಣಿಗೆಯ ಕೌಶಲ ಅರಿಯಲು ಅಧ್ಯಯನ ಅಗತ್ಯ’                              
                        ",prajavani
81,"ಯುವಕನ ಬಲಿ ಪಡೆದ ಹೆದ್ದಾರಿ ಹೊಂಡ                              
                        ",prajavani
82,"ಖರೀದಿ ಕೇಂದ್ರ ತೆರೆಯಲು ಪ್ರಸ್ತಾವ                              
                        ",prajavani
83,"ಇಲ್ಲಿದೆ ಹಿಂದೂಗಳೇ ಕಟ್ಟಿಸಿದ ದರ್ಗಾ                              
                        ",prajavani
84,"‘ಪ್ರಾಕೃತಿಕ ಅನಾಹುತ: ಸರ್ಕಾರಕ್ಕೆ ಪತ್ರ’                              
                        ",prajavani
85,"ಇಂದು ಕಡಲಿಗೆ ಇಳಿಯದಂತೆ ಸೂಚನೆ                              
                        ",prajavani
86,"ಎನ್‌ಐಟಿಕೆ ಸಂಸ್ಥಾಪನಾ ದಿನ: ಸನ್ಮಾನ                              
                        ",prajavani
87,"ಬೆಂಕಿ ವೀಕ್ಷಕರಿಗೆ ಸಿಕ್ಕಿಲ್ಲ ಪೂರ್ಣ ವೇತನ                              
                        ",prajavani
88,"ವಿಡಿಯೊ: ಪೊಲೀಸ್‌ ಠಾಣೆಯೊಳಗೆ ಹೆಡ್‌ ಕಾನ್‌ಸ್ಟೆಬಲ್‌ ಮೇಲೆ ಯುವಕರಿಂದ ಹಲ್ಲೆ                              
                        ",prajavani
89,"ಒಂದಡೆ ಪ್ರವಾಹದಿಂದ ತತ್ತರ– ಕೆಲವೆಡೆ ನೀರಿಗೂ ತತ್ವಾರ                              
                        ",prajavani
90,"ಜಲಾವೃತ ಪ್ರದೇಶಗಳಿಗೆ ಸಿಇಒ ಭೇಟಿ                              
                        ",prajavani
91,"ಸಂಸದರ ಜನ್ಮದಿನ: ಅಭಿಮಾನಿಗಳಿಂದ ಆಚರಣೆ                              
                        ",prajavani
92,"ಕೇಶ ವಿನ್ಯಾಸ ವಸ್ತು ಪ್ರದರ್ಶನಕ್ಕೆ ಚಾಲನೆ                              
                        ",prajavani
93,"ಪ್ರವಾಹ: ಇನ್ನೂ ಎರಡು ಎಸ್‌ಡಿಆರ್‌ಎಫ್ ತಂಡ                              
                        ",prajavani
94,"ರೇಷ್ಮೆ ನೂಲಿನಲ್ಲಿ ಮೂಡಿದ ಡಾ.ರಾಜ್‌, ಪುನೀತ್‌                              
                        ",prajavani
95,"ಹೋರಾಟದ ದಿಕ್ಕು ತಪ್ಪಿಸಿದ ಕೊಳ್ಳ ಸಂರಕ್ಷಣಾಸಮಿತಿ: ರವೀಂದ್ರ ನಾಯ್ಕ ಆರೋಪ                              
                        ",prajavani
96,"ವಿಶೇಷ ಕುಶಲಿಗಳ ಕೈಚಳಕ                              
                        ",prajavani
97,"ಸೋರುವ ಸೂರು ಅಜ್ಜನಿಗೆ ಆಸರೆ                              
                        ",prajavani
98,"‘ಕಸ್ತೂರಿ ರಂಗನ್ ವರದಿ: ಜನರನ್ನು ತಪ್ಪು ದಾರಿಗೆ ಎಳೆಯುತ್ತಿದ್ದಾರೆ’                              
                        ",prajavani
99,"ಕಾಫಿನಾಡಿನ ವಿವಿಧೆಡೆ ಮತ್ತೆ ಮಳೆ ಆರ್ಭಟ                              
                        ",prajavani
100,"ಶ್ರೀನಿವಾಸ ನೆಲೆಯ ಕನಕರಾಯನ ಗುಡ್ಡ                              
                        ",prajavani
101,"ತಿಂಗಳ ಸಂಬಳ ನೀಡಿದ ಪೊಲೀಸರು                              
                        ",prajavani
102,"ನೆಲ್ಲಿಬೀಡು: ಗದ್ದೆಯಲ್ಲಿ ಕಂದಕ                              
                        ",prajavani
103,"ನಿರಂತರ ಮಳೆ- ತಾಲ್ಲೂಕಿನಾದ್ಯಂತ 50 ಮನೆಗಳಿಗೆ ಹಾನಿ                              
                        ",prajavani
104,"‘ಕ್ಷೇತ್ರದ ಅಭಿವೃದ್ಧಿಗೆ ₹50 ಕೋಟಿ’                              
                        ",prajavani
105,"ಸಮಸ್ಯೆಗಳ ಸುಳಿಯೊಳಗೆ ಅನ್ನದಾತರು                              
                        ",prajavani
106,"ಕನ್ನಡ ಕಡೆಗಣನೆ ಕೈಗಾರಿಕಾ ಒಕ್ಕೂಟ: ಆಕ್ಷೇಪ                              
                        ",prajavani
107,"‘ಸ್ವಾತಂತ್ರ್ಯ ಗಳಿಸಿದ್ದು, ಉಳಿಸಿದ್ದು ಕಾಂಗ್ರೆಸ್‌’                              
                        ",prajavani
108,"ಭಕ್ತಿ–ಭಾವದ ಕಟ್ಟದಪ್ಪ, ಪೊಟ್ಟಪ್ಪ ಸೇವೆ                              
                        ",prajavani
109,"ಅಮೃತ ಮಹೋತ್ಸವ: ಕಾಂಗ್ರೆಸ್‌ನಿಂದ ಪಾದಯಾತ್ರೆ                              
                        ",prajavani
110,"ಶೇಖರ ನಾಯ್ಕ್ ಹೃದಯಾಘಾತದಿಂದ ಸಾವು.                               
                        ",prajavani
111,"ಸಮನ್ವಿ ಸಾವಿಗೆ ಹೃದಯಾಘಾತ ಕಾರಣ                              
                        ",prajavani
112,"ಉರುಳಿಬಿದ್ದ ಬಸ್‌: 20 ಜನರಿಗೆ ಗಾಯ                              
                        ",prajavani
113,"ಮರ ಕಡಿತಲೆ: ಪ್ರಕರಣ ‌ದಾಖಲು                              
                        ",prajavani
114,"ಸ್ಟಾಫ್‌ ನರ್ಸ್, ಸಿಬ್ಬಂದಿ ಅಮಾನತಿಗೆ ಶಿಫಾರಸು                              
                        ",prajavani
115,"ಇಚ್ಛಾಶಕ್ತಿ ಕೊರತೆ; ಮೇಲೇಳದ ಕೈಗಾರಿಕೋದ್ಯಮ                              
                        ",prajavani
116,"ಷೇರುದಾರ ಸ್ನೇಹಿ ಯೋಜನೆಗೆ ಒತ್ತು                              
                        ",prajavani
117,"‘ಜೆಡಿಎಸ್ ಸಂಘಟನೆ ಬಲಪಡಿಸಲು ಒತ್ತು’                              
                        ",prajavani
118,"ಭರ್ತಿಯತ್ತ ಲಿಂಗನಮಕ್ಕಿ ಜಲಾಶಯ                              
                        ",prajavani
119,"ಮೂರೂವರೆ ತಾಸಿನಲ್ಲಿ 18 ಸಾವಿರ ಕ್ಯುಸೆಕ್ ಒಳಹರಿವು ಹೆಚ್ಚಳ                              
                        ",prajavani
120,"ಆಕಾಶ ಏರ್ ಕಂಪನಿಯ ಮೊದಲ ವಿಮಾನ ಹಾರಾಟ: ಸಚಿವ ಜ್ಯೋತಿರಾದಿತ್ಯ ಸಿಂಧಿಯಾ ಚಾಲನೆ                              
                        ",prajavani
121,"ಸ್ಮಾರ್ಟ್ ಸಿಟಿ ಕಾಮಗಾರಿ ಕಳಪೆ: ಆರೋಪ                              
                        ",prajavani
122,"ನುಗ್ಗುವ ಮಳೆ ನೀರು: ತಪ್ಪದ ಗೋಳು                              
                        ",prajavani
123,"‘ಹೊಸ ಶಿಕ್ಷಣ ನೀತಿ: ಪದವಿ ಅವಧಿ ಬದಲಾಗಿಲ್ಲ’                              
                        ",prajavani
124,"‘ಆಯುಷ್ ವಿ.ವಿ ಸ್ಥಾಪನೆಗೆ ಅಡ್ಡಿ ಸಲ್ಲ’                              
                        ",prajavani
125,"ಸರ್ಕಾರಿ ಶಾಲೆಯಲ್ಲಿ ಹೈಟೆಕ್ ಶೌಚಾಲಯ                              
                        ",prajavani
126,"ದ್ವೀಪದ ಸಂಪರ್ಕಕ್ಕೆ ಕಬ್ಬಿಣದ ಕಾಲುಸಂಕ                              
                        ",prajavani
127,"ಹೈಟೆನ್ಷನ್‌ ವೈರ್‌ ಇದ್ದಲ್ಲಿ ಡೋರ್‌ ನಂಬರ್‌ಗೆ ಆಕ್ಷೇಪ                              
                        ",prajavani
128,"ಸಿದ್ದರಾಮಯ್ಯ ಅಮೃತಮಹೋತ್ಸವ ಮುಂದಿನ ಚುನಾವಣೆಗೆ ದಿಕ್ಸೂಚಿ: ಎಸ್‌ಎಸ್‌ಎಂ                              
                        ",prajavani
129,"‘ಉತ್ತಮ ಆರೋಗ್ಯ ಕಾಪಾಡಿಕೊಳ್ಳಿ’                              
                        ",prajavani
130,"ಒಡಿಯೂರು ಶ್ರೀಗಳ ಜನ್ಮದಿನೋತ್ಸವ, ಗ್ರಾಮೋತ್ಸವ, ಗುರುವಂದನ ನಾಳೆಯಿಂದ                              
                        ",prajavani
131,"ಬಂಟ್ವಾಳ: ಮಳೆಗೆ ಸೋರುತ್ತಿದೆ ರೈಲ್ವೆ ನಿಲ್ದಾಣದ ಹೈಟೆಕ್ ಶೆಲ್ಟರ್‌                              
                        ",prajavani
132,"ಸುಬ್ರಹ್ಮಣ್ಯ: ಸಂಘಸಂಸ್ಥೆ, ಸ್ಥಳೀಯರಿಂದ ಸಂಪರ್ಕ ಬೆಸೆಯುವ ಕಾರ್ಯ                              
                        ",prajavani
133,"ಗೌರಸಮುದ್ರ ಜಾತ್ರೆಯೊಳಗೆ ಸಜ್ಜಾಗುವವೇ ರಸ್ತೆಗಳು?                              
                        ",prajavani
134,"40 ವರ್ಷಗಳ ನಂತರ ಕೋಡಿ ಬಿದ್ದ ಕ್ಯಾದಿಗುಂಟೆ ಕೆರೆ                              
                        ",prajavani
135,"ಕಲಾವಿದರನ್ನು ಗುರುತಿಸುವ ಕಾರ್ಯ ನಿರಂತರವಾಗಲಿ: ನಟ ಸುಚೇಂದ್ರ ಪ್ರಸಾದ್                              
                        ",prajavani
136,"ಮೊಳಗಲಿದೆ ಸ್ವಾತಂತ್ರ್ಯೋತ್ಸವದ ಕಹಳೆ                              
                        ",prajavani
137,"ವಿದ್ಯುತ್‌ ಕಾರಿಡಾರ್‌ ಪರಿಹಾರಕ್ಕೆ ಆಗ್ರಹಿಸಿ ರೈತರ ಪ್ರತಿಭಟನೆ                              
                        ",prajavani
138,"ರೈತ ಮುಖಂಡರ ಬಂಧನ, ಬಿಡುಗಡೆ                              
                        ",prajavani
139,"‘ಚಿಮುಲ್; ನಾವು 2024ರವರೆಗೆ ನಿರ್ದೇಶಕರು’                              
                        ",prajavani
140,"ಜಲಾಶಯ ತುಂಬಿದಲ್ಲಿ ಪ್ರವಾಹ ಸಾಧ್ಯತೆ                              
                        ",prajavani
141,"ರೈತರ ಮೇಲಿನ ಗೋಲಿಬಾರ್‌ಗೆ 42 ವರ್ಷ                              
                        ",prajavani
142,"ತುಂಗ–ಭದ್ರಾ ನದಿಯಲ್ಲಿ ಹೆಚ್ಚಿದ ನೀರು: ಮತ್ತೆ ಪ್ರವಾಹದ ಆತಂಕ                              
                        ",prajavani
143,"ಶಿಕ್ಷಕರ ಇಚ್ಛಾಶಕ್ತಿ: ಮಾದರಿಯಾದ ಸರ್ಕಾರಿ ಶಾಲೆ                              
                        ",prajavani
144,"ಬಂಧನಕ್ಕೂ ಮುನ್ನ ಪಿಎಸ್‌ಐ ಅಣಕು ಪರೀಕ್ಷೆ!                              
                        ",prajavani
145,"ಇಸ್ರೊ | ಸಣ್ಣ ಉಪಗ್ರಹ ಉಡಾವಣೆ: ಕೊನೆ ಹಂತದಲ್ಲಿ ದತ್ತಾಂಶ ನಷ್ಟ                              
                        ",prajavani
146,"ಮಥುರ: ಅಂಗನವಾಡಿ ಕಾರ್ಯಕರ್ತೆ ಉದ್ಯೋಗಾಕಾಂಕ್ಷಿ ಮೇಲೆ ಸಾಮೂಹಿಕ ಅತ್ಯಾಚಾರ                              
                        ",prajavani
147,"ಸುಲಿಗೆ, ಮನೆ, ವಾಹನ ಕಳವು: ಮೂವರು ಆರೋಪಿಗಳ ಬಂಧನ                              
                        ",prajavani
148,"ವಿಪಕ್ಷಗಳ ಪೈಕಿ ಕೆಲವು ಬಿಜೆಪಿಗೆ ಬೆಂಬಲಿಸಿದ್ದು ದುರದೃಷ್ಟಕರ: ಮಾರ್ಗರೆಟ್‌ ಆಳ್ವ                              
                        ",prajavani
149,"ಗಾಜಾದಲ್ಲಿ ಇಸ್ರೇಲ್‌ ವೈಮಾನಿಕ ದಾಳಿ: ಮೃತರ ಸಂಖ್ಯೆ 24ಕ್ಕೆ ಏರಿಕೆ                              
                        ",prajavani
150,"ಇಸ್ರೊ ಚೊಚ್ಚಲ ಎಸ್‌ಎಸ್‌ಎಲ್‌ವಿ ನೌಕೆ ಉಡಾವಣೆಗೆ ಕ್ಷಣಗಣನೆ ಆರಂಭ                              
                        ",prajavani
151,"ಕೋಲಾರ: ಆರ್‌ಎಸ್‌ಎಸ್‌ ಮುಖಂಡನಿಗೆ ಚಾಕುವಿನಿಂದ ಹಲ್ಲೆ                              
                        ",prajavani
152,"ಪಾಕ್‌ಗೆ ಸೇರಿದ ಮೀನುಗಾರಿಕೆ ದೋಣಿ ಜಪ್ತಿ                              
                        ",prajavani
153,"ಚೆಸ್‌ ಒಲಿಂಪಿಯಾಡ್‌: ಅಮೆರಿಕ ಮಣಿಸಿದ ಭಾರತ ‘ಬಿ’                              
                        ",prajavani
154,"ರಾಜ್ಯಪಾಲರ ಹೆಸರಿನಲ್ಲಿ ವಂಚನೆ: ಬಳ್ಳಾರಿ ವ್ಯಕ್ತಿ ಬಂಧನ                              
                        ",prajavani
155,"ಎಸ್‌ಡಿಎ ನೇಮಕಾತಿ: ‘ಬ್ಲೂ ಟೂತ್‌’ ಬಳಸಿ ಅಕ್ರಮ; ಮೂವರು ಅಭ್ಯರ್ಥಿಗಳ ಡಿಬಾರ್‌                              
                        ",prajavani
156,"ಎಸಿಬಿ ವಿಚಾರಣೆ ಎದುರಿಸಿದ ಜಮೀರ್‌ ಅಹಮ್ಮದ್                              
                        ",prajavani
157,"ಕರ್ನಾಟಕದಲ್ಲಿ ಕೋವಿಡ್‌ ಹೆಚ್ಚಳ; ಲಸಿಕಾಕರಣಕ್ಕೆ ವೇಗ ನೀಡಿ: ಕೇಂದ್ರ ಸೂಚನೆ                              
                        ",prajavani
158,"ಒಳನೋಟ | ಬಡವರ ಹಣ: ಬಲಾಢ್ಯರ ಕಲ್ಯಾಣ!                              
                        ",prajavani
159,"ಪಿಎಸ್‌ಐ ಅಕ್ರಮ: ಮೊದಲ ರ‍್ಯಾಂಕ್‌ಗೆ 30 ಲಕ್ಷ ನೀಡಿದ್ದ ರಚನಾ - ಸಿಐಡಿ ತನಿಖೆ                              
                        ",prajavani
160,"ರಂಗಾಯಣ: ಅನುದಾನ ಕಡಿತಕ್ಕೆ ಆಕ್ಷೇಪ                              
                        ",prajavani
161,"ಯೋಜನಾ ಆಯೋಗದ ಹೆಸರು ಬದಲಿಸಿದ ರಾಜ್ಯ ಸರ್ಕಾರ                              
                        ",prajavani
162,"ಗುಂಡಿನ ದಾಳಿ ನಡೆಸಿ ಹಿರಿಯ ಅಧಿಕಾರಿ ಹತ್ಯೆ ಮಾಡಿದ ಸಿಐಎಸ್‌ಎಫ್‌ ಯೋಧ‌                              
                        ",prajavani
163,"ನೂಪುರ್‌ ಶರ್ಮಾ ಬೆಂಬಲಿಸಿ ಪೋಸ್ಟ್‌: ಯುವಕನ ಮೇಲೆ ಹಲ್ಲೆ                              
                        ",prajavani
164,"ಧನಕರ್ ನೂತನ ಉಪರಾಷ್ಟ್ರಪತಿ; ಮಾರ್ಗರೆಟ್ ಆಳ್ವ ಸೋಲು                              
                        ",prajavani
165,"ಚುನಾವಣೆಗೂ ಮೊದಲೇ ಸೋಲೊಪ್ಪಿಕೊಂಡ ಕಾಂಗ್ರೆಸ್‌: ಅಶ್ವತ್ಥ ನಾರಾಯಣ                              
                        ",prajavani
166,"ವಾರ ಭವಿಷ್ಯ: 7-8-2022ರಿಂದ 13-8-2022ರವರೆಗೆ                              
                        ",prajavani
167,"ವಿವಿಧ ಅಕಾಡೆಮಿಗಳಿಗೆ ಸದಸ್ಯರ ನೇಮಕ                              
                        ",prajavani
168,"ಲಾನ್‌ ಬಾಲ್ಸ್‌: ಪುರುಷರ ತಂಡಕ್ಕೆ ಬೆಳ್ಳಿ                              
                        ",prajavani
169,"ಶಿಕ್ಷಕರ ಸಮಸ್ಯೆಗಳಿಗೆ ಸದಾ ಸ್ಪಂದಿಸುವೆ: ಬಸವರಾಜ ಹೊರಟ್ಟಿ                              
                        ",prajavani
170,"ತ್ರಿಪುರ ಸುಂದರಮ್ಮ ದೇವಸ್ಥಾನ ಅಭಿವೃದ್ಧಿ ಕಾಮಗಾರಿ ಲೋಕಾರ್ಪಣೆ 21ರಂದು                              
                        ",prajavani
171,"ಯುವ ಪ್ರತಿಭೆಗಳಿಗೆ ಕಲಾ ತರಬೇತಿ                              
                        ",prajavani
172,"ಸಾಗರ ದಾಟಲು ತೆಪ್ಪ ಬೇಕು, ಸಂಸಾರ ಸಾಗರ ದಾಟಲು ತೆಪ್ಪಗಿರಬೇಕು                              
                        ",prajavani
173,"ಜೆಎಸ್‌ಎಸ್‌ ಆಸ್ಪತ್ರೆಯಲ್ಲಿ ಕಾರ್ಯಾಗಾರ                              
                        ",prajavani
174,"ಕೋವಿಡ್ ದೃಢ ಪ್ರಮಾಣ ಶೇ 3.38ಕ್ಕೆ ಏರಿಕೆ                              
                        ",prajavani
175,"60 ಸಾವಿರ ರಾಷ್ಟ್ರಧ್ವಜ ಪೂರೈಕೆಗೆ ತಯಾರಿ                              
                        ",prajavani
176,"ಸ್ವಾತಂತ್ರ್ಯ ಹೋರಾಟಕ್ಕೆ ಸರ್ಕಾರಿ ಕೆಲಸ ಬಿಟ್ಟೆ                              
                        ",prajavani
177,"ನೌಕಾನೆಲೆಯಲ್ಲಿ 10 ಕಿ.ಮೀ ‘ಸ್ವಾತಂತ್ರ್ಯ ಓಟ’                              
                        ",prajavani
178,"ಮೈಸೂರಲ್ಲಿ ಮಹಾರಾಜ ಟ್ರೋಫಿ ಕ್ರಿಕೆಟ್‌ ಸಂಭ್ರಮ                              
                        ",prajavani
179,"ಗ್ರಾಪಂಗಳಿಗೆ ಡಿಜಿಟಲ್‌ ಕಿಟ್‌ ವಿತರಣೆ                              
                        ",prajavani
180,"ಮಹಾರಾಷ್ಟ್ರ: ಮಹಿಳೆ ಮೇಲೆ ನಿರಂತರ ಅತ್ಯಾಚಾರ ಎಸಗಿ ರಸ್ತೆ ಬದಿ ಎಸೆದ ದುರುಳರು                              
                        ",prajavani
181,"ಕಾಲಿವುಡ್‌ ನಿರ್ಮಾಪಕರ ಮೇಲೆ ಐಟಿ ದಾಳಿ: ₹200 ಕೋಟಿಗೂ ಅಧಿಕ ಅಘೋಷಿತ ಹಣ ಪತ್ತೆ                              
                        ",prajavani
182,"ರಾಷ್ಟ್ರ ಧ್ವಜಾರೋಹಣ ಅಭಿಯಾನ ಯಶಸ್ವಿಗೊಳಿಸಿ                              
                        ",prajavani
183,"ತ್ಯಾಜ್ಯ ನೀರು ನಿರ್ವಹಣೆಯಲ್ಲಿ ವಿಫಲ: ಎನ್‌ಒಐಡಿಎಗೆ ₹100 ಕೋಟಿ ದಂಡ                              
                        ",prajavani
184,"ಜಾರ್ಖಂಡ್‌: 100ಕ್ಕೂ ಹೆಚ್ಚು ಹಂದಿಗಳ ಸಾವು; ಆಫ್ರಿಕನ್‌ ಹಂದಿ ಜ್ವರ ಶಂಕೆ                              
                        ",prajavani
185,"ಗುನ್ನಳ್ಳಿ ಗ್ರಾಮದಲ್ಲಿ ವನ ಮಹೋತ್ಸವ                              
                        ",prajavani
186,"ಬಂಡೀಪುರ: ದಸರೆಗೆ ಗಜಪಯಣ                              
                        ",prajavani
187,"‘ಭಾರತದಲ್ಲಿ ಜನಿಸಿದ ನಾವೇ ಧನ್ಯರು’                              
                        ",prajavani
188,"ವ್ಯವಸ್ಥೆ ಬದಲಿಸುವ ದಿವ್ಯ ಅಸ್ತ್ರ ವಿದ್ಯೆ                              
                        ",prajavani
189,"ಮಹಿಳಾ ಹಾಕಿ: ಸೆಮಿಫೈನಲ್‌ನಲ್ಲಿ ಎಡವಿದ ಭಾರತ                              
                        ",prajavani
190,"ಮೀಸಲಾತಿ ಪ್ರಮಾಣ ಹೆಚ್ಚಿಸಲು ಮನವಿ                              
                        ",prajavani
191,"ಡಿಪ್ಲೊಮಾ ವಿದ್ಯಾರ್ಥಿಗಳಿಗೆ ತರಬೇತಿ ಕಾರ್ಯಾಗಾರ                              
                        ",prajavani
192,"ದೇಶಕ್ಕೆ ಸ್ವಾತಂತ್ರ್ಯ ಲಭಿಸಿದ್ದು ತ್ಯಾಗ ಬಲಿದಾನದಿಂದ                               
                        ",prajavani
193,"ಮಳೆ, ಪ್ರವಾಹ: 140ಕ್ಕೂ ಹೆಚ್ಚು ಮನೆಗಳಿಗೆ ಹಾನಿ                              
                        ",prajavani
194,"ತ್ಯಾಜ್ಯ ಮರು ಬಳಕೆ; ಸ್ವಸ್ಥ ವಾತಾವರಣ ನಿರ್ಮಾಣ                              
                        ",prajavani
195,"ಹರ್ ಘರ್ ತಿರಂಗ ಹಬ್ಬದಂತೆ ಆಚರಿಸಿ                              
                        ",prajavani
196,"ನಾಡು–ನುಡಿ ಬಿಂಬಿಸುವ ಸಮ್ಮೇಳನವಾಗಲಿ                              
                        ",prajavani
197,"ಮೆಟ್ರೊ ರೈಲು: ಇನ್ನು ಬೆಳಗಿನ ಜಾವ ಮತ್ತು ತಡರಾತ್ರಿ 20 ನಿಮಿಷ ಕಾಯಬೇಕಿಲ್ಲ                              
                        ",prajavani
198,"ಬ್ಯಾಡ್ಮಿಂಟನ್‌: ಸೆಮಿಫೈನಲ್‌ಗೆ ಪಿ.ವಿ.ಸಿಂಧು ಲಗ್ಗೆ                              
                        ",prajavani
199,"ಸಿದ್ದರಾಮೋತ್ಸವಕ್ಕೂ ರಾಜಕೀಯ ಬದಲಾವಣೆಗೂ ಸಂಬಂಧವಿಲ್ಲ: ಕೋಟ ಶ್ರೀನಿವಾಸ ಪೂಜಾರಿ                              
                        ",prajavani
200,"ನಾಗಮಂಗಲ: ಶಾಸಕ ಸುರೇಶ್‌ಗೌಡ ವಿರುದ್ಧ ಎಫ್‌ಐಆರ್‌                              
                        ",prajavani
201,"ಅಥ್ಲೆಟಿಕ್ಸ್‌: ಭಾರತಕ್ಕೆ ಮತ್ತೆ 2 ಪದಕ; ಪ್ರಿಯಾಂಕಾ, ಅವಿನಾಶ್‌ಗೆ ಬೆಳ್ಳಿ                              
                        ",prajavani
202,"ಪೊಲೀಸ್‌ ನೇಮಕ ವಯೋಮಿತಿ ಹೆಚ್ಚಳಕ್ಕೆ ಆಗ್ರಹ                              
                        ",prajavani
203,"ಕಲ್ಮಾಡಿ ಚರ್ಚ್‌ನ ಮಹೋತ್ಸವ: ನೊವೆನಾ ಪ್ರಾರ್ಥನೆಗೆ ಚಾಲನೆ                              
                        ",prajavani
204,"ನಗರದ ರಸ್ತೆ ದುರಸ್ತಿಗೆ ಆಗ್ರಹ                              
                        ",prajavani
205,"ಮಕ್ಕಳಿಗೆ ತಂತ್ರಜ್ಞಾನದ ಶಿಕ್ಷಣ ಕೊಡಿ                              
                        ",prajavani
206,"ದೆಹಲಿ: ಅಬಕಾರಿ ನೀತಿ ಜಾರಿ ವೈಫಲ್ಯ11 ಅಧಿಕಾರಿಗಳು ಅಮಾನತು                              
                        ",prajavani
207,"ಥಾಯ್ ನೈಟ್‌ಕ್ಲಬ್‌ ಅಗ್ನಿ ಅವಘಡ: ಮೃತರ ಸಂಖ್ಯೆ 15ಕ್ಕೆ ಏರಿಕೆ                              
                        ",prajavani
208,"ಸಂಯುಕ್ತ ಕಿಸಾನ್‌ ಮೋರ್ಚಾದಿಂದ ದೇಶದೆಲ್ಲೆಡೆ ‘ಅಗ್ನಿಪಥ’ ವಿರೋಧಿ ಅಭಿಯಾನ                              
                        ",prajavani
209,"ಬಾಸ್ಮತಿ ಅಕ್ಕಿ ರಫ್ತು ಹೆಚ್ಚಳ                              
                        ",prajavani
210,"ಜಿಲ್ಲೆಯಲ್ಲಿ 326 ಬಾಲಕಾರ್ಮಿಕರು ಪತ್ತೆ: ಖೈನೂರ                              
                        ",prajavani
211,"ಬಾಕ್ಸಿಂಗ್‌: ಫೈನಲ್‌ಗೆ ಪಂಘಾಲ್, ನೀತು                              
                        ",prajavani
212,"ನೇಮಕಾತಿ ಪರೀಕ್ಷೆಯಲ್ಲಿ ಅಕ್ರಮ: 72 ಶಿಕ್ಷಕರ ವಜಾ                               
                        ",prajavani
213,"ಐಎನ್ಎಯಲ್ಲಿ ಸೇವೆ ಸಲ್ಲಿಸಿದ್ದ ಅಧಿಕಾರಿ ಈಶ್ವರ್‌ ಲಾಲ್‌ ಸಿಂಗ್‌ ನಿಧನ                              
                        ",prajavani
214,"ಸ್ವತಂತ್ರ ಭಾರತದ ಕಥೆ ಹೇಳುವ ‘ಇಂಡಿಯಾ ಕಿ ಉಡಾನ್‌’ ಅನಾವರಣ                              
                        ",prajavani
215,"ಹೌದು, ಸಿದ್ದರಾಮೋತ್ಸವದ ನಂತರ ನಾವು ನಿದ್ದೆ, ಊಟ ಏನೂ ಮಾಡ್ತಿಲ್ಲ-  ಈಶ್ವರಪ್ಪ                              
                        ",prajavani
216,"ಧ್ವಜಾರೋಹಣ ಕುಟುಂಬದ ಸಂಭ್ರಮವಾಗಲಿ                              
                        ",prajavani
217,"ಅಮೆರಿಕ: ಇಂಡಿಯಾನದಲ್ಲಿ ಗರ್ಭಪಾತ ನಿಷೇಧ                              
                        ",prajavani
218,"ಪರಿಸರ ಸ್ನೇಹಿ ಜೀವನಶೈಲಿ: ತಾಪಮಾನ ಬದಲಾವಣೆ ಸಮಾವೇಶದ ಮುಖ್ಯ ಧ್ಯೇಯ                              
                        ",prajavani
219,"ಎಚ್‌ಪಿಸಿಎಲ್‌ ನಷ್ಟ ₹10,196 ಕೋಟಿ                              
                        ",prajavani
220,"ಜನಸಂಖ್ಯಾ ಆಯೋಗ ರಚನೆ, ಎನ್‌ಆರ್‌ಸಿ ಜಾರಿಗೆ ಮಣಿಪುರ ನಿರ್ಧಾರ                              
                        ",prajavani
221,"ಜಿಲ್ಲೆಗೆ ಕೇಂದ್ರದಿಂದ 31 ಸಾವಿರ ಧ್ವಜ: ಸಿಇಒ                              
                        ",prajavani
222,"‘ಕನ್ನಡದಲ್ಲಿ ಕಾನೂನು ಪದವಿ: ಭಾಷಾಂತರ ಅವಾಂತರ’                              
                        ",prajavani
223,"ಲಂಚ: ಸಿಬಿಐನಿಂದ ಕೈಗಾರಿಕೋದ್ಯಮಿ ಪುತ್ರನ ಬಂಧನ                              
                        ",prajavani
224,"‘ಬೂತ್ ಮಟ್ಟದಿಂದ ಪಕ್ಷ ಬಲಪಡಿಸಲು ಕ್ರಮ’                              
                        ",prajavani
225,"ಎಸ್‌ಬಿಐ ನಿವ್ವಳ ಲಾಭ ಶೇ 7ರಷ್ಟು ಇಳಿಕೆ                              
                        ",prajavani
226,"ಆ. 10ರಂದು ಪಕ್ಷಾತೀತ ಪಾದಯಾತ್ರೆ: ಜೆ.ಆರ್‌.ಲೋಬೊ                              
                        ",prajavani
227,"ಮಳೆ ಹಾನಿ ನಿರ್ವಹಣೆ ರಾಜ್ಯ ಸರ್ಕಾರ ವಿಫಲ: ಖಾದರ್‌ ಆರೋಪ                              
                        ",prajavani
228,"ದೀಪೇಂದ್ರ ಹೂಡಾರ ಬಟ್ಟೆ ಹರಿಯುತ್ತಿರುವ ರಾಹುಲ್‌ ಗಾಂಧಿ: ಬಿಜೆಪಿ ಆರೋಪ                              
                        ",prajavani
229,"ಅಸಲಿ ಖಾತೆಗಳ ದೃಢೀಕರಣದ ಮಾಹಿತಿ ನೀಡಿದರೆ ಟ್ವಿಟರ್ ಖರೀದಿ ಮಾಡುವೆ: ಮಸ್ಕ್                              
                        ",prajavani
230,"75ನೇ ಸ್ವಾತಂತ್ರ್ಯೋತ್ಸವ: ಅಮೆರಿಕದ ಗಾಯಕಿ ಮೇರಿ ಮಿಲಬೆನ್‌ ಅತಿಥಿ                              
                        ",prajavani
231,"ಬಾಲಿವುಡ್‌ ನಟಿ ಅನ್ನೆ ಕಾರು ಅಪಘಾತ: ಗಂಭೀರ ಗಾಯ                              
                        ",prajavani
232,"ರೋಗಗ್ರಸ್ಥ ಮನಸ್ಥಿತಿ: ರಾಮನ ಅಪಮಾನ ಎಂಬ ಶಾ ಹೇಳಿಕೆಗೆ ಕಾಂಗ್ರೆಸ್‌ ತಿರುಗೇಟು                              
                        ",prajavani
233,"ದೇಶದಲ್ಲಿ ಕೋವಿಡ್ ಪ್ರಕರಣಗಳ ಹೆಚ್ಚಳಕ್ಕೆ ಓಮೈಕ್ರಾನ್ ಉಪ ತಳಿಗಳು ಕಾರಣ: ವರದಿ                              
                        ",prajavani
234,"ಕೊಣಾಜೆ: ಕರ್ತವ್ಯ ನಿರತ ಹೆಡ್‌ ಕಾನ್‌ಸ್ಟೆಬಲ್‌ ಜಗನ್ನಾಥ ಹೃದಯಾಘಾತದಿಂದ ನಿಧನ                              
                        ",prajavani
235,"Video: ‘ಲೈಗರ್’ ವಿಡಿಯೊ ಹಾಡಿಗೆ ವಿಜಯ್ ದೇವರಕೊಂಡ ಅಭಿಮಾನಿಗಳು ಫಿದಾ                              
                        ",prajavani
236,"U-20 ಅಥ್ಲೆಟಿಕ್ಸ್ ಚಾಂಪಿಯನ್‌ಷಿಪ್: ತ್ರಿಪಲ್ ಜಂಪ್‌ನಲ್ಲಿ ಬೆಳ್ಳಿ ಗೆದ್ದ ಸೆಲ್ವ                              
                        ",prajavani
237,"ತೈವಾನ್‌ ಕ್ಷಿಪಣಿ ಉತ್ಪಾದನೆಯ ಉಸ್ತುವಾರಿ ವಹಿಸಿದ್ದ ಅಧಿಕಾರಿ ಶವವಾಗಿ ಪತ್ತೆ                              
                        ",prajavani
238,"BiggBoss Kannada ott: ವೂಟ್‌ನಲ್ಲಿ ಲೈವ್‌, ಮನೆಯಲ್ಲಿ ಯಾರೆಲ್ಲಾ ಇದ್ದಾರೆ?                              
                        ",prajavani
239,"Covid India Update| ಇಂದು 19,406 ಪ್ರಕರಣ, 49 ಸಾವು                              
                        ",prajavani
240,"ಹಣ ಅಕ್ರಮ ವರ್ಗಾವಣೆ: ಸಂಜಯ್ ರಾವುತ್ ಪತ್ನಿ ವರ್ಷಾ ಇ.ಡಿ ವಿಚಾರಣೆಗೆ ಹಾಜರು                              
                        ",prajavani
241,"ದೆಹಲಿಯ ಸ್ಪಾನಲ್ಲಿ ಮಹಿಳೆ ಮೇಲೆ ಇಬ್ಬರಿಂದ ಅತ್ಯಾಚಾರ: ದೆಹಲಿ ಮಹಿಳಾ ಆಯೋಗದ ಆರೋಪ                              
                        ",prajavani
242,"ಉಪರಾಷ್ಟ್ರಪತಿ ಆಯ್ಕೆಗೆ ಮತದಾನ: ಪ್ರಧಾನಿ ಮೋದಿ ಮತ ಚಲಾವಣೆ                              
                        ",prajavani
243,"ದ್ವೀಪಗಳ ಬಳಿ ಡ್ರೋನ್‌ಗಳ ಹಾರಾಟ: ಎಚ್ಚರಿಕೆ ಸಂದೇಶ ರವಾನಿಸಿದ ತೈವಾನ್                              
                        ",prajavani
244,"ರಾಜ್ಯಮಟ್ಟದ ದೃಶ್ಯಕಲಾ ವಿಚಾರಸಂಕಿರಣ                              
                        ",prajavani
245,"‘ಮಲಬಾರ್‌’ಗೆ ಪ್ರಶಸ್ತಿ                              
                        ",prajavani
246,"ಪ್ರವೀಣ್‌ ನೆಟ್ಟಾರು ಹತ್ಯೆ ಪ್ರಕರಣದಲ್ಲಿ ಮತ್ತೊಬ್ಬ ಆರೋಪಿ ಪೊಲೀಸ್ ವಶಕ್ಕೆ?                              
                        ",prajavani
247,"‘ಪ್ಲಾಸ್ಟಿಕ್ ನಿಷೇಧ; ಕಟ್ಟುನಿಟ್ಟಾಗಿ ಜಾರಿಗೆ’                              
                        ",prajavani
248,"ಆ.8ರವರೆಗೆ ಜಿಲ್ಲೆಯಲ್ಲಿ ನಿರ್ಬಂಧ ಮುಂದುವರಿಕೆ                              
                        ",prajavani
249,"ಕಾಂಗ್ರೆಸ್‌ ಪಾದಯಾತ್ರೆ 7ರಂದು                              
                        ",prajavani
250,"ಶಿವದಾಸ ಘೋಷ್ ಜನ್ಮಶತಾಬ್ದಿ ಆಚರಣೆ                              
                        ",prajavani
251,"ಕಳವು ಪ್ರಕರಣ ಬೇಧಿಸಿದ ಪೊಲೀಸರು                              
                        ",prajavani
252,"ಸಾಮಾಜಿಕ ತಾಣಗಳ ಪೋಸ್ಟ್‌ ಮೇಲೆ ನಿಗಾ                              
                        ",prajavani
253,"ಪಿಎಫ್‌ಐ, ಎಸ್‌ಡಿಪಿಐ ನಿಷೇಧ ಸಾಧ್ಯತೆ: ಶೆಟ್ಟರ್‌                              
                        ",prajavani
254,"ಇಷ್ಟಾರ್ಥ ಸಿದ್ಧಿಗಾಗಿ ಲಕ್ಷ್ಮೀ ಆರಾಧನೆ                              
                        ",prajavani
255,"60 ಸಾವಿರ ರಾಷ್ಟ್ರಧ್ವಜ ಹಂಚಿಕೆ                              
                        ",prajavani
256,"ಮುಸ್ಲಿಂ ಮನೆಯಲ್ಲಿ ವರಮಹಾಲಕ್ಷ್ಮಿ ಸಂಭ್ರಮ                              
                        ",prajavani
257,"‘ಪರಿಸರ ಕಾಳಜಿ ಅವಶ್ಯ’                              
                        ",prajavani
258,"‘ಅಮೃತ ಭಾರತಿಗೆ ಸಮುದಾಯದಾರತಿ’                              
                        ",prajavani
259,"‘ಪಯಣ’ ಆಲ್ಬಮ್ ಸಾಂಗ್ ಬಿಡುಗಡೆ                              
                        ",prajavani
260,"ಎನ್‌ಸಿಸಿ ‘ಪ್ರೀತಿ’ಗೆ ಒಲಿದ ಗೌರವ                              
                        ",prajavani
261,"ಪಿಎಫ್‌ಐ, ಎಸ್‌ಡಿಪಿಐ ನಿಷೇಧಕ್ಕೆ ಆಗ್ರಹ                              
                        ",prajavani
262,"ನಗರಕ್ಕೆ ಬಂದ ‘ಕಾಡಿನ ಅತಿಥಿ’                              
                        ",prajavani
263,"ದೋಣಿ ಖಣ: ಹಂದಿನಾಯಿ ಹಾವಳಿ                              
                        ",prajavani
264,"ಅರಣ್ಯ ಇಲಾಖೆ ಕ್ರಮ ವಿರೋಧಿಸಿ ಪ್ರತಿಭಟನೆ                              
                        ",prajavani
265,"ಮನೆಯ ಗೋಡೆಗೆ ಗುದ್ದಿದ ಕಾರು                              
                        ",prajavani
266,"ಭತ್ತದ ಗದ್ದೆಯಲ್ಲಿ ಭೂಕುಸಿತ: ಆತಂಕ                              
                        ",prajavani
267,"ಆಲ್ದೂರು: ಆರಂಭಗೊಳ್ಳದ ವಸತಿ ಶಾಲೆ                              
                        ",prajavani
268,"ಸಿದ್ದರಾಮೇಶ್ವರ ಭವನದ ಭೂಮಿಪೂಜೆ                              
                        ",prajavani
269,"ಜಿಲ್ಲೆಯಾದ್ಯಂತ ವರಲಕ್ಷ್ಮೀ ಆರಾಧನೆ                              
                        ",prajavani
270,"ಫೋನ್‌ ಇನ್‌ ಕಾರ್ಯಕ್ರಮ: ಫಲಶ್ರುತಿ                              
                        ",prajavani
271,"ನೀರಿನಲ್ಲಿ ಸಿಲುಕಿದ್ದ ಮೂವರ ರಕ್ಷಣೆ                              
                        ",prajavani
272,"3150 ಧ್ವಜ ತಯಾರಿಸಿದ ಸ್ವಸಹಾಯ ಸಂಘಗಳು                              
                        ",prajavani
273,"ವರಮಹಾಲಕ್ಷ್ಮಿ ಪೂಜೆ ಸಂಭ್ರಮ                              
                        ",prajavani
274,"ರಾಷ್ಟ್ರಧ್ವಜ ತಯಾರಿಯಲ್ಲಿ 152 ಕುಟುಂಬಶ್ರೀ ಘಟಕಗಳು                              
                        ",prajavani
275,"ಹರಿಹರ ಪಲ್ಲತ್ತಡ್ಕ ರಸ್ತೆ: ತಾತ್ಕಾಲಿಕ ದುರಸ್ತಿ                              
                        ",prajavani
276,"ಒಡಿಯೂರು ಕ್ಷೇತ್ರದಲ್ಲಿ ವರಮಹಾಲಕ್ಷ್ಮಿ ಪೂಜೆ                              
                        ",prajavani
277,"‘ವ್ರತಾಚರಣೆಯಿಂದ ಏಕಾಗ್ರತೆ’                              
                        ",prajavani
278,"ಕನ್ಯಾಡಿ ಗುರುದೇವ ಮಠದಲ್ಲಿ ವರಮಹಾಲಕ್ಷ್ಮಿ ಪೂಜೆ                              
                        ",prajavani
279,"ಊರ ಶಾಲೆ ಉದ್ಧಾರಕ್ಕಾಗಿ ‘ನಾಟಕ’ಕ್ಕೆ ಮೊರೆ!                              
                        ",prajavani
280,"ಅರಣ್ಯ ಇಲಾಖೆ ದೌರ್ಜನ್ಯ ಖಂಡಿಸಿ ಪಾದಯಾತ್ರೆ                              
                        ",prajavani
281,"ಭಾರತಕ್ಕೆ ಕಚ್ಚಾತೈಲ ಪೂರೈಕೆ: ಸೌದಿ ಅರೇಬಿಯಾ ಜತೆ ರಷ್ಯಾ ಪೈಪೋಟಿ                              
                        ",prajavani
282,"ಸಂಭ್ರಮದ ವರಮಹಾಲಕ್ಷ್ಮಿ ಪೂಜೆ                              
                        ",prajavani
283,"‘ಸ್ವಾತಂತ್ರ್ಯ ಯೋಧರ ಕುಟುಂಬದವರಿಗೆ ನೆರವಾಗಿ’                              
                        ",prajavani
284,"‘ಉತ್ತಮ ಕಾರ್ಯ ಮಾಡಿ’                              
                        ",prajavani
285,"ಸಂಚಾರ ನಿಯಮ ಉಲ್ಲಂಘಿಸಿದ ಬೈಕ್‌ ಸವಾರನಿಗೆ ₹18,000 ದಂಡ                              
                        ",prajavani
286,"ಭಾಗ್ಯದ ಲಕ್ಷ್ಮಿ ಬಾರಮ್ಮ...                              
                        ",prajavani
287,"ಮಿನಿ ಬಸ್‌ ಲಾರಿ ಡಿಕ್ಕಿ: ವ್ಯಕ್ತಿ ಸಾವು                              
                        ",prajavani
288,"65 ವರ್ಷಗಳ ನಂತರ ವಾಣಿವಿಲಾಸಕ್ಕೆ ದಾಖಲೆಯ ನೀರು                              
                        ",prajavani
289,"ಎಲ್ಲೆಡೆ ವರಮಹಾಲಕ್ಷ್ಮೀ ಹಬ್ಬದ ಸಂಭ್ರಮ                              
                        ",prajavani
290,"ಹೃದಯಾಘಾತ: ಬಸ್‌ ನಿಲ್ದಾಣದಲ್ಲಿ ಕೆಎಸ್‌ಆರ್‌ಟಿಸಿ ಡಿಪೊ ವ್ಯವಸ್ಥಾಪಕ ನಿಧನ                              
                        ",prajavani
291,"ಚಿತ್ರದುರ್ಗ| ಕಲ್ಲಂಗಡಿ ಬೆಳೆ ನೀರು ಪಾಲು: ಬೆಳೆಗಾರ ಕಂಗಾಲು                              
                        ",prajavani
292,"ಹದಡಿ ಕೆರೆ ಏರಿ ಕುಸಿತ: ರೈತರಲ್ಲಿ ಆತಂಕ                              
                        ",prajavani
293,"ಸಿಂಹಾದ್ರಿ ಬೆಟ್ಟದಲ್ಲಿ ಜಲ ನರ್ತನ                              
                        ",prajavani
294,"ಕಬ್ಬಿಗೆ ಅವೈಜ್ಞಾನಿಕ ದರ: 12ರಂದು ಪ್ರತಿಭಟನೆ                              
                        ",prajavani
295,"ಪಿಎಸ್‌ಐ ಅಕ್ರಮ: ಮತ್ತೆ 8 ಅಭ್ಯರ್ಥಿಗಳ ಬಂಧನ                              
                        ",prajavani
296,"ಪ್ರವಾಹ: ನಿರಾಶ್ರಿತ ಮುಸ್ಲಿಂ ಕುಟುಂಬಗಳಿಗೆ ಆಶ್ರಯ ನೀಡಿದ ಹಿಂದೂ ದಂಪತಿ                              
                        ",prajavani
297,"ಸಚಿವ ಪ್ರಭು ಬಿ. ಚವ್ಹಾಣ್ ಹೆಸರಿನಲ್ಲಿ ನಕಲಿ ನೇಮಕಾತಿ ಆದೇಶ: ಶಿಕ್ಷಕ ಬಂಧನ                              
                        ",prajavani
298,"ರಕ್ಷಾಬಂಧನ ಹಬ್ಬ: ಕೈಗೆ ಕಟ್ಟುವ ದಾರ ‘ಬಂಧ’ವನ್ನೂ ಕಟ್ಟಲಿ..                              
                        ",prajavani
299,"ಮೇಡ್ ಇನ್ ಇಂಡಿಯಾ ಶ್ರೇಣಿಯ ಸೌಂಡ್ ಬಾರ್                              
                        ",prajavani
300,"ಗ್ಯಾಜೆಟ್ ಮಾರುಕಟ್ಟೆಗೆ ಐಕ್ಯೂ ಹೊಸ ಸ್ಮಾರ್ಟ್‌ಫೋನ್‌                              
                        ",prajavani
301,"ಕಾರುಗಳ ಗಾಜು ಒಡೆದು ಕಳ್ಳತನ: ಇಬ್ಬರ ಬಂಧನ                              
                        ",prajavani
302,"ಕಾಶ್ಮೀರ ಕುರಿತ ಇಸ್ಲಾಮಿಕ್‌ ಸಹಕಾರ ಸಂಘಟನೆ ಹೇಳಿಕೆಯಲ್ಲಿ ಮತಾಂಧತೆ ವಾಸನೆ: ಭಾರತ                              
                        ",prajavani
303,"ಬಿಹಾರ: ಕಳ್ಳಭಟ್ಟಿ ಸೇವಿಸಿ 11 ಜನ ಸಾವು, 12 ಮಂದಿ ಗಂಭೀರ                              
                        ",prajavani
304,"ಕೋವಿಡ್‌| ಜುಲೈ 30ರಂದು ಬೈಡನ್‌ಗೆ ಮರುಸೋಂಕು: ಪರೀಕ್ಷಾ ವರದಿ ಈಗಲೂ ಪಾಸಿಟಿವ್‌!                              
                        ",prajavani
305,"CWG 2022: ಮಹಿಳಾ ಹಾಕಿ ಸೆಮಿಫೈನಲ್‌ನಲ್ಲಿ ಆಸ್ಟ್ರೇಲಿಯಾ ವಿರುದ್ಧ ಭಾರತಕ್ಕೆ ಸೋಲು                              
                        ",prajavani
306,"ಡೋಲೊದಿಂದ ಉಡುಗೊರೆ ಪಡೆದ ವೈದ್ಯರ ಮಾಹಿತಿ ಕೊಡಿ: ಐಟಿ ಇಲಾಖೆಗೆ ಎನ್‌ಎಂಸಿ ಪತ್ರ                              
                        ",prajavani
307,"ಕಾಬುಲ್‌ನಲ್ಲಿ ಬಾಂಬ್‌ ದಾಳಿ: 8 ಸಾವು                              
                        ",prajavani
308,"ತಲೈವಟ್ಟಿ ಮುನಿಯಪ್ಪನ್‌ ಈಗ ಬುದ್ಧ!                              
                        ",prajavani
309,"ಹಾವೇರಿ: ಸಾಕಾರಗೊಳ್ಳದ ಮಾದರಿ ಜಿಲ್ಲೆ ಸಂಕಲ್ಪ                              
                        ",prajavani
310,"ಶಿರಸಿ: ವಸತಿ ಯೋಜನೆಗೆ ‘ನಿವೇಶನ’ ಗ್ರಹಣ                              
                        ",prajavani
311,"46 ದಿನ ಜೈಲಿನಲ್ಲಿದ್ದೆ: ಸ್ವಾತಂತ್ರ್ಯ ಹೋರಾಟಗಾರ ಸಿ.ಆರ್‌.ರಂಗಶೆಟ್ಟಿ                              
                        ",prajavani
312,"ಮಹೀಂದ್ರ ಲಾಭ ₹2,360 ಕೋಟಿ                              
                        ",prajavani
313,"ಬೀದರ್: ಬೀಗಿದ ಬೀಟ್‌ರೂಟ್‌, ಹಿಗ್ಗಿದ ಹಿರೇಕಾಯಿ                              
                        ",prajavani
314,"CWG 2022: ಕುಸ್ತಿ ಅಖಾಡದಲ್ಲಿ ಭಾರತಕ್ಕೆ ಮೂರು ಚಿನ್ನ                              
                        ",prajavani
315,"ಪೀಠೋಪಕರಣ ಮಾರಾಟ ಮೇಳ                              
                        ",prajavani
316,"ರಾಜ್ಯದಲ್ಲಿ ₹34,432 ಕೋಟಿ ಹೂಡಿಕೆ ಪ್ರಸ್ತಾವಗಳಿಗೆ ಒಪ್ಪಿಗೆ                              
                        ",prajavani
317,"ಬೆಂಗಳೂರು: ಸಂಭ್ರಮ ಹೆಚ್ಚಿಸಿದ ವರಮಹಾಲಕ್ಷ್ಮಿ                              
                        ",prajavani
318,"ಕುಂದಾಪುರ: ಮಹಿಳೆ ಹಲ್ಲೆ ನಡೆಸಿ ಆಭರಣ ದೋಚಿದ ಖದೀಮ                              
                        ",prajavani
319,"ಶಿವ, ಕಾಳಿ ಆಕ್ಷೇಪಾರ್ಹ ಚಿತ್ರ ಪ್ರಕಟ: ಎಫ್‌ಐಆರ್‌ ದಾಖಲು                              
                        ",prajavani
320,"ಬೊಳುವಾರು: ಮಹಡಿಯಿಂದ ಬಿದ್ದು 9ನೇ ತರಗತಿ ವಿದ್ಯಾರ್ಥಿ ಸಾವು                              
                        ",prajavani
321,"ಜಿಎಸ್‌ಟಿ ವಿರುದ್ಧ ಜೆಡಿಎಸ್‌ ಆಕ್ರೋಶ: ಕೇಂದ್ರ ಸರ್ಕಾರದ ವಿರುದ್ಧ ಕಿಡಿ                              
                        ",prajavani
322,"ತಿರಂಗಾ ಅಭಿಯಾನದ ಮುನ್ನ ಕ್ಷಮೆ ಯಾಚಿಸಲಿ: ಸಿದ್ದರಾಮಯ್ಯ                              
                        ",prajavani
323,"ಮೋದಿ ಸರ್ಕಾರದ ರಣಹೇಡಿ ಕೃತ್ಯ: ರೇಣುಕಾ ಸಿಂಗೆ                              
                        ",prajavani
324,"ಸ್ಕೈಲೈಟ್‌ ತಾಲೀಮು ನಡೆಸಿದ ಭಾರತೀಯ ಸೇನೆ                              
                        ",prajavani
325,"ನಮ್ಮ ಕ್ಲಿನಿಕ್‌: ಲಾಂಛನಗಳಿಗೆ ಆರೋಗ್ಯ ಇಲಾಖೆ ಆಹ್ವಾನ                              
                        ",prajavani
326,"ಉಡುಪಿ: ಮಹಾಲಕ್ಷ್ಮೀ ಪೂಜೆ, ಐಶ್ವರ್ಯ ಸಿದ್ದಿಗೆ ಪ್ರಾರ್ಥನೆ                              
                        ",prajavani
327,"ಭಾರತದಲ್ಲಿ ಮತದಾನ ಕಡ್ಡಾಯಗೊಳಿಸಲು ಸಾಧ್ಯವಿಲ್ಲ: ಕೇಂದ್ರ ಸ್ಪಷ್ಟನೆ                              
                        ",prajavani
328,"ರಾಜಕೀಯ ಕಾರಣದಿಂದ ಕಾಶ್ಮೀರ ಸಮಸ್ಯೆ: ಚಕ್ರವತ್ರಿ ಸೂಲಿಬೆಲೆ                              
                        ",prajavani
329,"ಬೀದರ್‌: ವರಮಹಾಲಕ್ಷ್ಮಿ ವ್ರತ, ಅರಿಶಿಣ - ಕುಂಕುಮ ವಿತರಣೆ                              
                        ",prajavani
330,"ಸಂತ್ರಸ್ತರ ಪುನರ್ವಸತಿಗೆ ಒತ್ತು: ಸಚಿವ ಆರ್‌.ಅಶೋಕ                              
                        ",prajavani
331,"ಅಮೆರಿಕದ ಬಾಂಧವ್ಯಕ್ಕೆ ಚೀನಾ ತಿಲಾಂಜಲಿ: ತೈವಾನ್‌ ಸುತ್ತ ಸೇನಾ ತಾಲೀಮು ತೀವ್ರ                              
                        ",prajavani
332,"ಯುವಕರ ಹತ್ಯೆ: ಪರಿಹಾರ ನೀಡಿಕೆಯಲ್ಲಿ ತಾರತಮ್ಯ ಇಲ್ಲ –ಸಚಿವ ಅಶೋಕ                              
                        ",prajavani
333,"ಕಲಬುರಗಿ: ಇಡಿಯಿಂದ ಮಲ್ಲಿಕಾರ್ಜುನ ಖರ್ಗೆ ವಿಚಾರಣೆಗೆ ಕಾಂಗ್ರೆಸ್ ಆಕ್ರೋಶ                              
                        ",prajavani
334,"ದಸರಾ ಮಹೋತ್ಸವಕ್ಕೆ 14 ಆನೆಗಳು: ಭಾನುವಾರ ವೀರನಹೊಸಳ್ಳಿಯಿಂದ ಗಜಪಯಣ                              
                        ",prajavani
335,"ಚೆಸ್‌ ಒಲಿಂಪಿಯಾಡ್: ಭಾರತ ತಂಡಗಳಿಗೆ ಗೆಲುವು                              
                        ",prajavani
336,"10 ವರ್ಷಗಳಿಂದ ಜೈಲಿನಲ್ಲಿರುವ ಕೈದಿಗಳ ಬಿಡುಗಡೆಗೆ ಸುಪ್ರೀಂ ಕೋರ್ಟ್‌ ಸಲಹೆ                              
                        ",prajavani
337,"ಕಾಮಗಾರಿ ನಿಗದಿತ ಅವಧಿಯಲ್ಲಿ ಪೂರ್ಣಗೊಳಿಸಿ: ಸಚಿವ ಕೋಟ ಸೂಚನೆ                              
                        ",prajavani
338,"ಆಲಮಟ್ಟಿ: ಯುವಜನ ಸಂಕಲ್ಪ ಯಾತ್ರೆಯ ವೈಭವ                              
                        ",prajavani
339,"ಶಿರಸಿ: ಮರು ನಿರ್ಮಾಣವಾಗದ ಹಾಸ್ಟೆಲ್ ಆವರಣಗೋಡೆ                              
                        ",prajavani
340,"ಚಾಮರಾಜನಗರ: ವರಮಹಾಲಕ್ಷ್ಮಿ ಹಬ್ಬ ಸಂಭ್ರಮ                              
                        ",prajavani
341,"ವಿಜಯಪುರ | ಹರ್ ಘರ್ ತಿರಂಗಾ ಅಭಿಯಾನ: ತ್ರಿವರ್ಣ ಧ್ವಜ ವಿತರಣೆ                              
                        ",prajavani
342,"ಟೇಬಲ್‌ ಟೆನಿಸ್‌: ಕ್ವಾರ್ಟರ್‌ಗೆ ಮಣಿಕಾ, ಶ್ರೀಜಾ                              
                        ",prajavani
343,"ಕಾಶ್ಮೀರ ಸಮಸ್ಯೆಯನ್ನು ಭಾರತ, ಪಾಕ್‌ ಮಾತುಕತೆಯಿಂದ ಪರಿಹರಿಸಿಕೊಳ್ಳಬೇಕು: ಚೀನಾ                              
                        ",prajavani
344,"ತೇಜಸ್ ಖರೀದಿಗೆ ಅಮೆರಿಕ, ಆಸ್ಟ್ರೇಲಿಯಾ ಸೇರಿ 6 ದೇಶಗಳ ಆಸಕ್ತಿ: ಕೇಂದ್ರ ಸರ್ಕಾರ                              
                        ",prajavani
345,"ಮಕ್ಕಳಲ್ಲಿ ರಕ್ತಹೀನತೆ ಪ್ರಮಾಣ ಶೇ 9ರಷ್ಟು ಹೆಚ್ಚಳ: ಆರೋಗ್ಯ ಸಮೀಕ್ಷೆ                              
                        ",prajavani
346,"ಹೆದ್ದಾರಿಗಳು ಶೀಘ್ರ ಗುಂಡಿ ಮುಕ್ತ, ಜನಸ್ನೇಹಿ ಆಡಳಿತ: ಕೂರ್ಮಾರಾವ್‌                              
                        ",prajavani
347,"ಸಂಪುಟ ಕಾರ್ಯದರ್ಶಿ ರಾಜೀವ್‌ ಸೇವಾ ಅವಧಿ ಒಂದು ವರ್ಷ ವಿಸ್ತರಣೆ                               
                        ",prajavani
348,"ಫ್ರಾನ್ಸ್‌ ಭೀಕರ ಬರಗಾಲ ಎದುರಿಸುತ್ತಿದೆ: ಪ್ರಧಾನಿ ಎಲಿಜಬೆತ್‌                              
                        ",prajavani
349,"ಮಂಗಳೂರು: ದೇಗುಲಗಳಲ್ಲಿ ಗಂಟೆಯ ನಾದ, ಮಂತ್ರದ ನಿನಾದ                              
                        ",prajavani
350,"ಭ್ರಷ್ಟಾಚಾರ ಹಗರಣ: ಪಾರ್ಥ ಚಟರ್ಜಿ, ಅರ್ಪಿತಾ 14 ದಿನ ನ್ಯಾಯಾಂಗ ಬಂಧನಕ್ಕೆ                              
                        ",prajavani
351,"ಚಾಮರಾಜನಗರ: ಬಿಡುವು ನೀಡಿದ ಮಳೆ, ಮುಂದುವರಿದ ನೆರೆ ಭೀತಿ                              
                        ",prajavani
352,"ಬ್ರಿಟನ್: ಟಿ.ವಿ ಚರ್ಚೆಯಲ್ಲಿ ಮತದಾರರ ಮನಗೆದ್ದ ರಿಷಿ ಸುನಕ್‌                              
                        ",prajavani
353,"ವಿಜಯಪುರ: ವರಮಹಾಲಕ್ಷ್ಮಿ ಪೂಜೆ ಸಂಭ್ರಮ                              
                        ",prajavani
354,"ಮಂಡ್ಯ: ಕಾಳಜಿ ಕೇಂದ್ರಕ್ಕೆ ತೆರಳಲು ನಿರಾಕರಣೆ                              
                        ",prajavani
355,"ಬೀದರ್: 75 ಸಾವಿರ ರಾಷ್ಟ್ರ ಧ್ವಜ ಉಚಿತ ವಿತರಣೆ                              
                        ",prajavani
356,"ಶ್ರೀಲಂಕಾ: ಆ.10ರವರೆಗೆ ಪ್ರತಿಭಟನೆ ಮುಂದುವರಿಯುವ ಸಾಧ್ಯತೆ                              
                        ",prajavani
357,"ಚಾಮರಾಜನಗರ: ಓಮ್ನಿ ಕಾರಿನ ಮೇಲೆ ಬಿದ್ದ ಆಲದ ಮರ, ತಂದೆ - ಮಗ ಸ್ಥಳದಲ್ಲೇ ಸಾವು                              
                        ",prajavani
358,"ನರ ದೌರ್ಬಲ್ಯವಿದ್ದರೆ ಮಕ್ಕಳು ಆಗೋದು ವಿಳಂಬ: ರಮೇಶ್‌ ಕುಮಾರ್‌ ವ್ಯಂಗ್ಯ                              
                        ",prajavani
359,"ದಕ್ಷಿಣ ಕೊರಿಯಾ: ಚಂದ್ರನ ಕಕ್ಷೆಗೆ ಪ್ರಥಮ ಬಾಹ್ಯಾಕಾಶ ನೌಕೆ ಉಡಾವಣೆ                              
                        ",prajavani
360,"ಝೀ ನ್ಯೂಸ್‌ ಸಂಪಾದಕ ಅಹುಜಾ ಬಂಧನಕ್ಕೆ ಸುಪ್ರೀಂ ಕೋರ್ಟ್‌ ತಡೆ                              
                        ",prajavani
361,"ರಾಷ್ಟ್ರಧ್ವಜಕ್ಕಿಂತ ಮಿಗಿಲಾದ ಧ್ವಜವಿಲ್ಲ: ವಿದ್ಯಾಸಾಗರ್ ಚಿನಮಗೇರಿ                              
                        ",prajavani
362,"ಮಂಕಿಪಾಕ್ಸ್‌: ಅಮೆರಿಕದಲ್ಲಿ ಆರೋಗ್ಯ ತುರ್ತುಸ್ಥಿತಿ ಘೋಷಣೆಗೆ ಸಿದ್ಧತೆ                              
                        ",prajavani
363,"ಪುನಃ ಸಕ್ರಿಯಗೊಂಡ ಮೃತ ಹಂದಿಯ ಜೀವಕೋಶ, ಅಂಗಾಂಗಗಳು: ಯಶಸ್ವಿ ಪ್ರಯೋಗ                              
                        ",prajavani
364,"ವಿಜಯಪುರ | ಡೋಣಿ ನದಿ ಆರ್ಭಟ: ಜಮೀನು ಜಲಾವೃತ, ಹಲವೆಡೆ ಬೆಳೆ ನಾಶ                              
                        ",prajavani
365,"ಲೋಕ ಅದಾಲತ್ ಪ್ರಯೋಜನ ಪಡೆಯಿರಿ: ಬಸವರಾಜ ಚೇಗರೆಡ್ಡಿ                              
                        ",prajavani
366,"ಕರಾಚಿ: ಮೊಹಂಜೊ–ದಾರೊ ಬಳಿ ಬುದ್ಧ ಪೆಂಡೆಂಟ್‌ ಪತ್ತೆ                              
                        ",prajavani
367,"ಪ್ರೀತಿಯಿಂದ ಕೆಲಸ ಮಾಡಿದರೆ ಯಶಸ್ಸು: ಪ್ರೊ.ಸ.ಚಿ. ರಮೇಶ                              
                        ",prajavani
368,"ಅರಸು ಜಯಂತಿ ಅರ್ಥಪೂರ್ಣ ಆಚರಣೆಗೆ ಸೂಚನೆ: ಜಿಲ್ಲಾಧಿಕಾರಿ ಶಿವಕುಮಾರ                              
                        ",prajavani
369,"ಕಾಮನ್‌ವೆಲ್ತ್‌ ಕೂಟ: ಕುಸ್ತಿ ಪಂದ್ಯದ ವೇಳೆ ಕಳಚಿ ಬಿದ್ದ ಧ್ವನಿವರ್ಧಕ                              
                        ",prajavani
370,"ಕಲಬುರಗಿ: 254 ಮಕ್ಕಳಿಗೆ ಬ್ಯಾಗ್ ವಿತರಣೆ                              
                        ",prajavani
371,"ಚೀನಾ ಪ್ರಜೆಗಳಿಗೆ ವೀಸಾ: ತಮಿಳುನಾಡಿನ ಆರು ಸ್ಥಳಗಳಲ್ಲಿ ಇ.ಡಿ ಶೋಧ                              
                        ",prajavani
372,"ಮಹಾರಾಜ ಟ್ರೋಫಿ ಟಿ- 20 ಕ್ರಿಕೆಟ್‌ ಟೂರ್ನಿ: ಮೈಸೂರು ವಾರಿಯರ್ಸ್‌ ತಂಡ ಪ್ರಕಟ                              
                        ",prajavani
373,"ಲಾನ್‌ ಬಾಲ್ಸ್: ಲವ್ಲಿ–ಸೈಕಿಯಾಗೆ ಸೋಲು                              
                        ",prajavani
374,"ಮಹದೇಶ್ವರ ಬೆಟ್ಟ: ಹೊಗೆನಕಲ್ ಜಲಪಾತ ಪ್ರದೇಶ ಮುಳುಗಡೆ                              
                        ",prajavani
375,"ಮೈಸೂರು: ಯೋಜನಾ ನಿರ್ದೇಶಕರ ಹುದ್ದೆಗೆ ಅರ್ಜಿ                              
                        ",prajavani
376,"ತಾಂತ್ರಿಕ ಸಮಸ್ಯೆ: ಸಿಯುಇಟಿ ಪರೀಕ್ಷಾರ್ಥಿಗಳ ಅಸಮಾಧಾನ                              
                        ",prajavani
377,"ಕಾರುಗಳಿಗೆ ಆರು ಏರ್‌ಬ್ಯಾಗ್‌ ಕಡ್ಡಾಯ: ಸಚಿವ ನಿತಿನ್ ಗಡ್ಕರಿ                              
                        ",prajavani
378,"ಕೇರಳದಲ್ಲಿ ಮುಂದುವರಿದ ಮಳೆ: 8 ಜಿಲ್ಲೆಗಳಲ್ಲಿ ಆರೆಂಜ್‌ ಅಲರ್ಟ್‌ ಘೋಷಣೆ                              
                        ",prajavani
379,"ಕಳ್ಳಭಟ್ಟಿ ಸೇವಿಸಿ ಏಳು ಮಂದಿ ಸಾವು: ಬಿಹಾರದಲ್ಲಿ ಮುಂದುವರಿದ ಸಾವಿನ ಸರಣಿ                              
                        ",prajavani
380,"ಆ.7ಕ್ಕೆ ಪ್ರಧಾನಿ ನರೇಂದ್ರ ಮೋದಿ ಅಧ್ಯಕ್ಷತೆಯಲ್ಲಿ ನೀತಿ ಆಯೋಗದ ಸಭೆ                              
                        ",prajavani
381,"ಮಹಾರಾಷ್ಟ್ರ: ಸಾಮ್ನಾ ಪತ್ರಿಕೆಯ ಸಂಪಾದಕರಾಗಿ ಉದ್ಧವ್ ಠಾಕ್ರೆ ಅಧಿಕಾರ ಸ್ವೀಕಾರ                              
                        ",prajavani
382,"ಸೆಪ್ಟೆಂಬರ್‌ನಲ್ಲಿ ಬೀದರ್‌ನಲ್ಲಿ ಗ್ರಾಮೀಣ ಯುವಕರ ಸಮಾವೇಶ: ರೇವಣಸಿದ್ದಪ್ಪ                              
                        ",prajavani
383,"ಪ್ರವೀಣ್‌ ನೆಟ್ಟಾರು ಕುಟುಂಬಕ್ಕೆ ಯುವವಾಹಿನಿ ಸಂಸ್ಥೆಯಿಂದ ಆರ್ಥಿಕ ನೆರವು                              
                        ",prajavani
384,"ದೇಶದಲ್ಲಿ ಪ್ರಜಾಪ್ರಭುತ್ವ ಸಾಯುತ್ತಿದೆ: ರಾಹುಲ್‌ ಟೀಕೆಗೆ ಬಿಜೆಪಿ ತಿರುಗೇಟು                              
                        ",prajavani
385,"ಮಂಗಳೂರು: ಆ.7ರಂದು ಸುಭಾಷ್ ನಗರದಲ್ಲಿ ಟಿಪ್ಪು ಹೌಸ್‌ ಹಸ್ತಾಂತರ                              
                        ",prajavani
386,"ಕಲ್ಯಾಣದೊಳಗಡಗಿದೆ ವಿಶ್ವ ಕಲ್ಯಾಣ: ಮಹಾಂತ ಸ್ವಾಮೀಜಿ ಮುದಗಲ್                              
                        ",prajavani
387,"ಕೊಂಕಣಿ ಚಿತ್ರ ‘ಆಳ್ಶಿರೆಡ್ಡೆ’ ಬಿಡುಗಡೆಗೆ ಸಜ್ಜು                              
                        ",prajavani
388,"ದಾವಣಗೆರೆ: ಹ್ಯಾಕ್‌ ಮಾಡುತ್ತಿದ್ದ ರಾಜಸ್ಥಾನದ ಸೈಬರ್‌ ವಂಚಕನ ಬಂಧನ                              
                        ",prajavani
389,"ಸೆ.30ರಂದು ತೋತಾಪುರಿ ಬಿಡುಗಡೆ, ನಗುವಿನ ಹಬ್ಬಕ್ಕೆ ಸಿದ್ಧರಾಗಿ ಎಂದ ಜಗ್ಗೇಶ್                              
                        ",prajavani
390,"ಕರೀನಾ ಪ್ರೆಗ್ನೆನ್ಸಿ ಬೈಬಲ್‌ಗೆ ವಿರೋಧ: ಸರ್ಕಾರದ ಮೂಲಕ ದೂರು ದಾಖಲಿಸಿ- ಹೈಕೋರ್ಟ್                              
                        ",prajavani
391,"ನದಿ ದಂಡೆಗೆ ತೆರಳದಂತೆ ಡಿ.ಸಿ. ಮನವಿ                              
                        ",prajavani
392,"ಶಿಕ್ಷಕರ ನೇಮಕಾತಿ ಹಗರಣ: ಪಾರ್ಥ ಚಟರ್ಜಿ ಮಗಳು, ಅಳಿಯನ ಮೇಲೆ ಇ.ಡಿ ನಿಗಾ                              
                        ",prajavani
393,"ಬೆಲೆ ಏರಿಕೆ ವಿರುದ್ಧ ಪ್ರತಿಭಟನೆ: ರಾಹುಲ್ ಗಾಂಧಿ, ಶಶಿ ತರೂರ್ ಪೊಲೀಸ್ ವಶಕ್ಕೆ                              
                        ",prajavani
394,"CWG 2022: ಪದಕ ಗೆದ್ದ ಸುಧೀರ್, ಶ್ರೀಶಂಕರ್‌ಗೆ ಪ್ರಧಾನಿ ಮೋದಿ ಅಭಿನಂದನೆ                              
                        ",prajavani
395,"ಭಾರತದಲ್ಲಿ ಪ್ರಜಾಪ್ರಭುತ್ವ ಸಾಯುತ್ತಿದೆ: ಬಿಜೆಪಿ ವಿರುದ್ಧ ರಾಹುಲ್ ಗಾಂಧಿ ಆಕ್ರೋಶ                              
                        ",prajavani
396,"ಜಮ್ಮು–ಕಾಶ್ಮೀರ: 370ನೇ ವಿಧಿ ರದ್ದತಿ ಬಳಿಕ ಹಿಂಸಾಚಾರದಲ್ಲಿ ಗಣನೀಯ ಇಳಿಕೆ                              
                        ",prajavani
397,"ಉಪ ರಾಷ್ಟ್ರಪತಿ ಚುನಾವಣೆ: ಮಾರ್ಗರೇಟ್‌ ಆಳ್ವ ಬೆಂಬಲಿಸಲು ಟಿಆರ್‌ಎಸ್‌ ತೀರ್ಮಾನ                              
                        ",prajavani
398,"Covid India Update| 24 ಗಂಟೆಗಳಲ್ಲಿ 20,551 ಪ್ರಕರಣ, 70 ಸಾವು                              
                        ",prajavani
399,"ತೈವಾನ್ ಪ್ರತ್ಯೇಕಿಸಲು ಬಿಡೆವು: ಚೀನಾ ಉದ್ದೇಶಿಸಿ ನ್ಯಾನ್ಸಿ ಪೆಲೊಸಿ ಹೇಳಿಕೆ                              
                        ",prajavani
400,"ರೂಪಾಯಿ ಚೇತರಿಕೆ: ಡಾಲರ್‌ ಎದುರು 46 ಪೈಸೆ ಗಳಿಕೆ                              
                        ",prajavani
401,"ಕೈಗಾರಿಕಾ ಕಾರಿಡಾರ್‌ಗೆ ಜಮೀನು ನೀಡಲ್ಲ                              
                        ",prajavani
402,"ಜಂಗ್ಲಿಪೀರ್ ದರ್ಗಾಕ್ಕೆ ಮುಜಾವರ್ ನೇಮಕ                              
                        ",prajavani
403,"ಮಳೆ ಅಬ್ಬರ: ಅಂದಾಜಿಗೆ ಸಿಗದಷ್ಟು ನಷ್ಟ                              
                        ",prajavani
404,"ಚೇಳೂರು ಶಾಲೆಯಲ್ಲಿ ಮಾದರಿ ಮೇಷ್ಟ್ರು: ಶೌಚಾಲಯ ಸ್ವಚ್ಛಗೊಳಿಸುವ ಶಿಕ್ಷಕ                              
                        ",prajavani
405,"ಗಮನ ಸೆಳೆಯುತ್ತಿದೆ ಬಣ್ಣ ಬಣ್ಣದ ಗೆಣಸು                              
                        ",prajavani
406,"ಸ್ವಂತ ಖರ್ಚಿನಲ್ಲಿ ಧ್ವಜ ಸ್ತಂಭ ನಿರ್ಮಾಣ                              
                        ",prajavani
407,"ಕತ್ತಲಾದ ಮೇಲೆ ಸುರಿವ ಮಳೆ                              
                        ",prajavani
408,"ವರಮಹಾಲಕ್ಷ್ಮೀ: ಖರೀದಿ ಜೋರು                              
                        ",prajavani
409,"‘1,318 ಹೆಕ್ಟೇರ್ ಬೆಳೆ, 267 ಮನೆಗೆ ಹಾನಿ’                              
                        ",prajavani
410,"ಪಟ್ಟಣ ಪಂಚಾಯಿತಿ ವಿರುದ್ಧ ಧರಣಿ                              
                        ",prajavani
411,"ನಾಪತ್ತೆಯಾಗಿದ್ದ ಯುವಕ ಶವವಾಗಿ ಪತ್ತೆ                              
                        ",prajavani
412,"ಚೌಕಿಮಠ ಉತ್ತರಾಧಿಕಾರಿ ಪುರಪ್ರವೇಶ ಇಂದು                              
                        ",prajavani
413,"ಭಾರಿ ಮಳೆಗೆ ಕಲಬುರಗಿ ಜಿಲ್ಲೆ ತತ್ತರ                              
                        ",prajavani
414,"ಔರಾದ್‍ನಲ್ಲಿ ಸೈಕಲ್ ರ್‍ಯಾಲಿ                              
                        ",prajavani
415,"ಜನರ ಆಶೀರ್ವಾದ ಇದ್ದರೆ ಮತ್ತೆ ಸಿಎಂ: ಎಚ್.ಡಿ.ಕುಮಾರಸ್ವಾಮಿ                              
                        ",prajavani
416,"ದೈಹಿಕ, ಮಾನಸಿಕ ಸ್ಥೈರ್ಯ ವೃದ್ಧಿಗೆ ಕ್ರೀಡೆ; ರಮೇಶ ಪೆದ್ದೇ                              
                        ",prajavani
417,"ಉಕ್ಕಿಹರಿದ ಹಳ್ಳ: ಸೇತುವೆ ಮುಳುಗಡೆ                              
                        ",prajavani
418,"ಭಾಲ್ಕಿಯಲ್ಲಿ ಸೈಕಲ್ ಜಾಥಾ                              
                        ",prajavani
419,"‘ಮನೆ ಮನೆಗೆ ತಿರಂಗಾ ಯಶಸ್ವಿಗೊಳಿಸಿ’                              
                        ",prajavani
420,"ಕಾಳಜಿ ಕೇಂದ್ರಕ್ಕೆ 21 ಸಂತ್ರಸ್ತರ ಸ್ಥಳಾಂತರ                              
                        ",prajavani
421,"ನೆರೆ ನೀರಿನಲ್ಲಿ ಕೊಚ್ಚಿ ಹೋಗಿದ್ದ ರಾಜು–ರಾಣಿ ಪತ್ತೆ                              
                        ",prajavani
422,"‌ಮೂಡುಬಿದಿರೆ: ಜನನ– ಮರಣ ನೋಂದಣಿ ಕಾಯ್ದೆ ತಿದ್ದುಪಡಿ: ಹಿಂಪಡೆಯಲು ಆಗ್ರಹ                              
                        ",prajavani
423,"ಬಿಲ್ಲವ ಸಮಾಜದಿಂದ ‌ಪ್ರವೀಣ್‌ ನೆಟ್ಟಾರು ಕುಟುಂಬಕ್ಕೆ ಮನೆ ನಿರ್ಮಿಸುವ ಸಂಕಲ್ಪ                              
                        ",prajavani
424,"ಉತ್ತರ ಪ್ರದೇಶದ ಗೋಶಾಲೆಯಲ್ಲಿ 50 ಜಾನುವಾರುಗಳ ನಿಗೂಢ ಸಾವು: ತನಿಖೆಗೆ ಸಿಎಂ ಆದೇಶ                              
                        ",prajavani
425,"ಕೊಚ್ಚಿ ಹೋದ ರಸ್ತೆ, ಸೇತುವೆ                              
                        ",prajavani
426,"ಮೂವರು ಅಂತರರಾಜ್ಯ ಮನೆ ಕಳ್ಳರ ಬಂಧನ                              
                        ",prajavani
427,"ಮಳೆಯಿಂದ ಅಡಿಕೆ ರಕ್ಷಣೆ: ಇಲ್ಲಿದೆ ಬ್ರಹ್ಮಾವರ ಕೃಷಿ ವಿಜ್ಞಾನ ಕೇಂದ್ರ ತಜ್ಞರ ಸಲಹೆ                              
                        ",prajavani
428,"ಕಾರ್ಕಳ: ಅಸ್ವಸ್ಥ ವೃದ್ಧೆ ಆತ್ಮಹತ್ಯೆ                              
                        ",prajavani
429,"ಫೇಸ್‌ಬುಕ್ ಬರಹ: ಪ್ರಕರಣ ದಾಖಲು                              
                        ",prajavani
430,"ಕರ ಸಮಾಧಾನ: ₹7 ಕೋಟಿ ಉಳಿತಾಯ                              
                        ",prajavani
431,"ಗದಗ ಜಿಲ್ಲೆಗೆ ರಜತ ಮಹೋತ್ಸವ ಸಂಭ್ರಮ: ಅಭಿವೃದ್ಧಿಯಲ್ಲಿ ಕಾಣದ ಹೋರಾಟದ ಕಿಚ್ಚು                              
                        ",prajavani
432,"ಶಿವಮೊಗ್ಗ: ಬೀದಿ ಬದಿಯಲ್ಲಿನ ವ್ಯಾಪಾರವೂ ಇನ್ನು ‘ಸ್ಮಾರ್ಟ್’                              
                        ",prajavani
433,"ಹೆದ್ದಾರಿ ಬದಿಯ ಗ್ರಾಮಗಳಿಗೆ ನುಗ್ಗುವ ನೀರು                              
                        ",prajavani
434,"ಜೀವನದಲ್ಲಿ ಹೆಚ್ಚಿದ ದುರ್ಭಾವ: ಮುರುಘಾ ಶರಣರ ವಿಷಾದ                              
                        ",prajavani
435,"ಫಸಲ್ ಬಿಮಾ ತಾರತಮ್ಯ: ರೈತರ ಆಕ್ರೋಶ                              
                        ",prajavani
436,"ವರಮಹಾಲಕ್ಷ್ಮಿ ಹಬ್ಬ: ಗಗನಕ್ಕೇರಿದ ಹೂ, ಹಣ್ಣು ದರ                              
                        ",prajavani
437,"ಶಿಕಾರಿಪುರ: ಚುರುಕುಗೊಂಡ ಭತ್ತದ ನಾಟಿ ಕಾರ್ಯ                              
                        ",prajavani
438,"ಧರ್ಮಪುರ: ಮಳೆಗೆ ಬೆಳೆ ಹಾನಿ                              
                        ",prajavani
439,"ನೌಕರರಿಗೆ ಉಚಿತ ಚಿಕಿತ್ಸೆ ಯೋಜನೆ ಶೀಘ್ರ                              
                        ",prajavani
440,"ಶಿಮುಲ್: ಅಧ್ಯಕ್ಷರಾಗಿ  ಶ್ರೀಪಾದರಾವ್ ಅಧಿಕಾರ ಸ್ವೀಕಾರ                              
                        ",prajavani
441,"ಮಾಯದಂತ ಮಳೆ; ತತ್ತರಿಸಿದ ಸಿಹಿಮೊಗ್ಗೆ                              
                        ",prajavani
442,"ಶಿವಮೊಗ್ಗ: ಮಾರು ದುಂಡು ಮಲ್ಲಿಗೆ, ಕನಕಾಂಬರಕ್ಕೆ ₹400                              
                        ",prajavani
443,"‘ಕಾಂಗ್ರೆಸ್ ಅಧಿಕಾರಕ್ಕೆ ಬರುವ ಮುನ್ಸೂಚನೆ’                              
                        ",prajavani
444,"‘ಸಾಗುವಳಿ ಚೀಟಿ ನೀಡಲು ಹಣ ವಸೂಲಿ’                              
                        ",prajavani
445,"ಸರ್ಕಾರಿ ಪ್ರೌಢಶಾಲೆ: ಸದಸ್ಯತ್ವ ಅಭಿಯಾನಕ್ಕೆ ಚಾಲನೆ                              
                        ",prajavani
446,"ಪ್ರಚೋದನಾಕಾರಿ ಸಂದೇಶ: ಪ್ರಕರಣ ದಾಖಲು                              
                        ",prajavani
447,"ಬೆಳೆಗಾರರ ವಿಶ್ವಾಸ ಗಳಿಸಿದ ‘ಮ್ಯಾಮ್ಕೋಸ್’                              
                        ",prajavani
448,"ಬಿರುಸಿನ ಮಳೆ ನಡುವೆಯೇ ಖರೀದಿ ಸಂಭ್ರಮ                              
                        ",prajavani
449,"ಬದುಕು ಬಲಗೊಳ್ಳಲು ಆಚಾರ ವಿಚಾರ ಮುಖ್ಯ                              
                        ",prajavani
450,"ಅರ್ಹ ರೈತರಿಗೆ ಸೌಲಭ್ಯ ತಲುಪಿಸಿ                              
                        ",prajavani
451,"ಬದುಕು ಬರಡಾಗಿಸಿದ ಮಳೆ: ಸಂಕಷ್ಟದಲ್ಲಿ ಮೀನುಗಾರರು                              
                        ",prajavani
452,"ಬೆಂಕಿ ಅವಘಡ:ಇಬ್ಬರಿಗೆ ಗಾಯ                              
                        ",prajavani
453,"ಅರ್ಧ ಬೆಲೆಗೆ ಸರಕು ಮಾರಾಟ!                              
                        ",prajavani
454,"ಅಕ್ರಮ ಸಾಗಣೆ:ಗೋವಾ ಮದ್ಯ ವಶ                              
                        ",prajavani
455,"ಪ್ರವಾಸಿ ತಾಣಗಳಿಗೆ ಸಿಇಒ ಭೇಟಿ                              
                        ",prajavani
456,"ಭಯೋತ್ಪಾದಕ ಚಟುವಟಿಕೆಗಳಿಗೆ ನೆರವು ನೀಡಿದ ಆರೋಪದಲ್ಲಿ ದಾವೂದ್‌ ಸಂಬಂಧಿ ಸೆರೆ                              
                        ",prajavani
457,"ಸ್ವಾತಂತ್ರ್ಯದ ಅಮೃತ ಮಹೋತ್ಸವ: 150 ಪಾರಂಪರಿಕ ತಾಣಗಳಲ್ಲಿ ತ್ರಿವರ್ಣ ಧ್ವಜಾರೋಹಣ                              
                        ",prajavani
458,"CWG 2022: ಪುರುಷರ ಲಾಂಗ್ ಜಂಪ್‌ನಲ್ಲಿ ಭಾರತದ ಶ್ರೀಶಂಕರ್‌ಗೆ ಬೆಳ್ಳಿ                              
                        ",prajavani
459,"CWG 2022: ಪ್ಯಾರಾ ಪವರ್‌ಲಿಫ್ಟಿಂಗ್‌ನಲ್ಲಿ ಸುಧೀರ್ ಸಾಧನೆ – ಭಾರತಕ್ಕೆ ಚಿನ್ನ                              
                        ",prajavani
460,"ನ್ಯಾಷನಲ್ ಹೆರಾಲ್ಡ್‌ ಪ್ರಕರಣ: ಯಂಗ್‌ ಇಂಡಿಯನ್ ಕಚೇರಿಯಲ್ಲಿ ಮತ್ತೆ ಶೋಧ                              
                        ",prajavani
461,"ಚುನಾವಣೆಗೆ ಸಜ್ಜಾಗುತ್ತಿರುವ ರಾಷ್ಟ್ರೀಯ ಪಕ್ಷಗಳು: ಎಚ್ಚರಿಕೆ ಕೊಟ್ಟ ನೇತಾರರು                              
                        ",prajavani
462,"ಕಲಾಪದ ನಡುವೆಯೇ ಮಲ್ಲಿಕಾರ್ಜುನ ಖರ್ಗೆಗೆ ಇ.ಡಿ ಸಮನ್ಸ್                              
                        ",prajavani
463,"CWG 2022: ಹರ್ಮನ್‌ಪ್ರೀತ್‌ ಸಿಂಗ್ ಹ್ಯಾಟ್ರಿಕ್‌, ಸೆಮಿಫೈನಲ್‌ಗೆ ಭಾರತ ಲಗ್ಗೆ                              
                        ",prajavani
464,"ಕೆಪಿಟಿಸಿಎಲ್‌: ಕೋರ್ಟ್‌ಗೆ ಹೋದವರಿಗಷ್ಟೇ ಪರೀಕ್ಷೆಗೆ ಪ್ರವೇಶ!                              
                        ",prajavani
465,"ಬ್ರಿಟ್ನಿ ಗ್ರಿನರ್‌ಗೆ 9.5 ವರ್ಷದ ಜೈಲುಶಿಕ್ಷೆಗೆ ಆಗ್ರಹ                              
                        ",prajavani
466,"ಬಿಬಿಎಂಪಿ ವಾರ್ಡ್‌ ಮೀಸಲಾತಿ: ಬಿಜೆಪಿಯಿಂದಲೇ ಆಕ್ರೋಶ                              
                        ",prajavani
467,"ಚುರುಮುರಿ | ಯಾಪಿ ಬರ್ತ್ ಡೇ!                              
                        ",prajavani
468,"ಎಟಿಜಿಎಂ ಪರೀಕ್ಷಾರ್ಥ ಉಡಾವಣೆ ಯಶಸ್ವಿ                              
                        ",prajavani
469,"ಕೆರೆ ತುಂಬಿಕೊಳ್ಳಲಿದೆ ‘ವರದಾ’ ನೀರು                              
                        ",prajavani
470,"ಭೂಮಿಯ ಸತ್ವ ಉಳಿಸುವ ಪದ್ಧತಿಯಲ್ಲಿ ಯಶಸ್ಸು ಕಂಡ ರೈತ ಮಲ್ಲಿಕಾರ್ಜುನ                              
                        ",prajavani
471,"ಹಾವೇರಿ: ಏಲಕ್ಕಿ ಕಂಪಿನ ನಾಡಿಗೆ ರಜತ ಸಂಭ್ರಮ                              
                        ",prajavani
472,"ಕೃಷಿ ಮಹಿಳೆಯರ ತ್ವಚೆ ರಕ್ಷಣೆಗೆ ಸುಧಾರಿತ ಏಪ್ರಾನ್‌                              
                        ",prajavani
473,"‘ಹರ್ ಘರ್ ತಿರಂಗಾ’ಅಭಿಯಾನ: ಹರಿಯಾಣ ಜೈಲುಗಳಲ್ಲಿ 25,000 ರಾಷ್ಟ್ರಧ್ವಜ ತಯಾರಿ                              
                        ",prajavani
474,"ತೈವಾನ್‌ ಗುರಿಯಾಗಿಸಿ 11 ಖಂಡಾಂತರ ಕ್ಷಿಪಣಿ ಉಡಾಯಿಸಿದ ಚೀನಾ                              
                        ",prajavani
475,"ಎ.ಸಿ.ಕಚೇರಿಯಲ್ಲಿ ಮತದಾರರ ಸೇವಾ ಕೇಂದ್ರ ಆರಂಭ                              
                        ",prajavani
476,"ಕಾಯ್ದೆ ತಿದ್ದುಪಡಿ: ಹಿಂಪಡೆಯಲು ಆಗ್ರಹ                              
                        ",prajavani
477,"ಆರಂಭದಲ್ಲೇ ಅಬ್ಬರಿಸುತ್ತಿರುವ ಆಶ್ಲೇಷ                              
                        ",prajavani
478,"ದ್ವೇಷ ಹರಡುವ 130 ಪ್ರಕರಣ: ರಿಜಿಜು                              
                        ",prajavani
479,"ಇನ್ನೆಂದೂ ಚುನಾವಣೆಯಲ್ಲಿ ಸ್ಪರ್ಧಿಸದಂತೆ ‘ಅನರ್ಹತೆ ಭೀತಿಯಲ್ಲಿ ಇಮ್ರಾನ್‌ ಖಾನ್‌                              
                        ",prajavani
480,"ಅಮೃತ ಮಹೋತ್ಸವದ ರಥಯಾತ್ರೆಗೆ ಚಾಲನೆ                              
                        ",prajavani
481,"ಪರದೇಶಪ್ಪನ ಮಠ ಪ್ರದೇಶ: ವಿಷ ಸೇವನೆಗೆ ಮುಂದಾದ ಗ್ರಾಮಸ್ಥರು                              
                        ",prajavani
482,"ತಾಂತ್ರಿಕ ಕಾರಣ: ಸಿಯುಇಟಿ–ಯುಜಿ ಪರೀಕ್ಷೆ ರದ್ದು                              
                        ",prajavani
483,"ಮುನ್ನೆಚ್ಚರಿಕೆ ಡೋಸ್‌ ತೆಗೆದುಕೊಳ್ಳಿ: ಮೋದಿ ಒತ್ತಾಯ                              
                        ",prajavani
484,"ಬ್ಯಾಡ್ಮಿಂಟನ್‌: ಪ್ರೀ ಕ್ವಾರ್ಟರ್‌ಗೆ ಸಿಂಧು, ಶ್ರೀಕಾಂತ್                              
                        ",prajavani
485,"ಭಾರಿ ವಾಹನ ನಿರ್ಬಂಧ ಅವಧಿ ವಿಸ್ತರಣೆಗೆ ಚಿಂತನೆ                              
                        ",prajavani
486,"‘ಪ್ರಜಾವಾಣಿ’ ಫೋನ್‌ ಇನ್‌ ಕಾರ್ಯಕ್ರಮ: ನರೇಗಾ ಕಾಮಗಾರಿಯ ಪ್ರಯೋಜನ ಪಡೆಯಿರಿ                              
                        ",prajavani
487,"ವರಮಹಾಲಕ್ಷ್ಮಿ ಹಬ್ಬ; ಖರೀದಿ ಭರಾಟೆ                              
                        ",prajavani
488,"‘ಪತ್ರಕರ್ತರಿಗೆ ಅಧಿಕೃತ ಗುರುತಿನ ಚೀಟಿ’                              
                        ",prajavani
489,"ನಿರಂತರ ಮಳೆ: ಕೊಳೆತ ಉದ್ದು ಬೆಳೆ                              
                        ",prajavani
490,"ರಸ್ತೆ ಬದಿಗೆ ನಂದಿ ಪಂಚಾಯಿತಿ ಕಸ                              
                        ",prajavani
491,"₹2 ಕೋಟಿ ವೆಚ್ಚದ ರಸ್ತೆ ಕಾಮಗಾರಿಗೆ ಚಾಲನೆ                              
                        ",prajavani
492,"ಟಿ.ಎಸ್.ಎಸ್. ಆಸ್ಪತ್ರೆ: ಕ್ಯಾನ್ಸರ್ ವಿಭಾಗ                              
                        ",prajavani
493,"ಟಾಕಳೆ ಜಾಮೀನು ಅರ್ಜಿ ವಜಾ                              
                        ",prajavani
494,"‘ಪ್ರವಚನಗಳು ಬದುಕಿಗೆ ಪ್ರೇರಕ ಶಕ್ತಿ’                              
                        ",prajavani
495,"ಹೂವು, ಹಣ್ಣು ವ್ಯಾಪಾರಿಗಳ ಪ್ರತಿಭಟನೆ                              
                        ",prajavani
496,"150 ಅಡಿ ಉದ್ದದ ರಾಷ್ಟ್ರಧ್ವಜ ಮೆರವಣಿಗೆ 13ಕ್ಕೆ                              
                        ",prajavani
497,"ರೈತರಿಗೆ ಪತಂಜಲಿ ಸಾವಯವ ಕೃಷಿ ಸಮ್ಮಾನ                              
                        ",prajavani
498,"ಆ.7ರಂದು ಇಸ್ರೊದಿಂದ ಎರಡು ಉಪಗ್ರಹ ಉಡಾವಣೆ                              
                        ",prajavani
499,"ಮುದನೀಡಿದ ಬೆಳಗು ‘ಸಂಗೀತ ಸಂಜೆ’                              
                        ",prajavani
500,"ಅಕ್ಟೋಬರ್‌ ವೇಳೆಗೆ ಪಾಕ್‌ ಚುನಾವಣೆ ಸಾಧ್ಯತೆ                              
                        ",prajavani
501,"ಉತ್ತಮ ಭವಿಷ್ಯಕ್ಕೆ ಕೌಶಲ ಬೆಳೆಸಿಕೊಳ್ಳಿ                              
                        ",prajavani
502,"ಅಪರಾಧ ಕೃತ್ಯ ತುಂಡರಿಸಲು ತಂತ್ರ: ವಿವಿಧ ಆಯಾಮಗಳಲ್ಲಿ ತನಿಖೆ                              
                        ",prajavani
503,"ಸಹಕಾರ ಕ್ಷೇತ್ರಕ್ಕೆ ಶಿವರಾಯರ ಕೊಡುಗೆ ಅಪಾರ                              
                        ",prajavani
504,"ಗಡಿ ಜಿಲ್ಲೆಯಲ್ಲಿ ವರುಣನ ಅಬ್ಬರ ಪ್ರವಾಹ ಭೀತಿ: ಜನಜೀವನ ಅಸ್ತವ್ಯಸ್ತ                              
                        ",prajavani
505,"ಎಸಿಬಿ ಬಲೆಗೆ ಬಿದ್ದ ತೋಟಗಾರಿಕೆ ಇಲಾಖೆ ಸಹಾಯಕ ನಿರ್ದೇಶಕ ತೋಟಯ್ಯ                              
                        ",prajavani
506,"ರಾಸಾಯನಿಕ ದುರಂತ ಜಾಗೃತಿ ಮೂಡಿಸಿದ ಪ್ರದರ್ಶನ                              
                        ",prajavani
507,"ಬಾಕ್ಸಿಂಗ್: ಲವ್ಲಿನಾ ಬೊರ್ಗೊಹೈನ್‌ಗೆ ಆಘಾತ; ಸೆಮಿಫೈನಲ್‌ಗೆ ಅಮಿತ್, ಜಾಸ್ಮಿನ್                              
                        ",prajavani
508,"ಪತ್ರಕರ್ತ ಸಿದ್ದಿಕ್ ಜಾಮೀನು ಅರ್ಜಿ ತಿರಸ್ಕೃತ                              
                        ",prajavani
509,"ಸುಪ್ರಿಂ ಕೋರ್ಟ್‌: ದಶಕದಿಂದ ಇತ್ಯರ್ಥಕ್ಕೆ ಕಾಯುತ್ತಿರುವ 10 ಸಾವಿರ ಪ್ರಕರಣ                              
                        ",prajavani
510,"ರುಂಡ–ಮುಂಡ ಬೇರ್ಪಡಿಸಿದ್ದ ಇಬ್ಬರು ಮಹಿಳೆಯರ ಕೊಲೆ ಪ್ರಕರಣ ಭೇದಿಸಿದ ಪೊಲೀಸರು                              
                        ",prajavani
511,"ಮಳೆ ಹಾನಿ ಪ್ರದೇಶಕ್ಕೆ ಜಿಲ್ಲಾಧಿಕಾರಿ ಭೇಟಿ                              
                        ",prajavani
512,"ವಿಜಯಪುರ ಅಭಿವೃದ್ಧಿ ಕಾಮಗಾರಿ ಪರಿಶೀಲನೆ                              
                        ",prajavani
513,"ರೈಲ್ವೆ ಪ್ರಯಾಣ ದರ: ಹಿರಿಯ ನಾಗರಿಕರಿಗೆ ರಿಯಾಯಿತಿ ನೀಡಲು ಶಿಫಾರಸು                              
                        ",prajavani
514,"ಡಾರ್ನಿಯರ್‌ 228: ಕಣ್ಗಾವಲು ಕಾರ್ಯಾಚರಣೆ; ಇತಿಹಾಸ ಬರೆದ ನೌಕಾಪಡೆಯ ವನಿತೆಯರು                              
                        ",prajavani
515,"ಮುಂಬೈನಲ್ಲಿ ₹1,400 ಕೋಟಿ ಮೌಲ್ಯದ ಮಾದಕ ವಸ್ತು ವಶ                              
                        ",prajavani
516,"ಲಿಂಗತ್ವ ಅಲ್ಪಸಂಖ್ಯಾತರಿಗೆ ಮೂಲಸೌಕರ್ಯ ಒದಗಿಸಿ                              
                        ",prajavani
517,"5ಜಿ ಬಂದರೂ ಕೈಗೆಟುಕುವ ಬೆಲೆಯಲ್ಲಿ ಟೆಲಿಕಾಂ ಸೇವೆ: ಅಶ್ವಿನಿ ವೈಷ್ಣವ್                              
                        ",prajavani
518,"ನಂದಿನಿಗೆ ‘ಕನ್ನಡ ಭೂಷಣ’ ಪ್ರಶಸ್ತಿ                              
                        ",prajavani
519,"ಪ್ರವೀಣ್ ಹತ್ಯೆ ಕುರಿತ ಪ‍್ರಮುಖ ಮಾಹಿತಿ ಲಭ್ಯ: ಆಲೋಕ್ ಕುಮಾರ್                              
                        ",prajavani
520,"ಭಾರಿ ಮಳೆಗೆ 64 ಜನರ ಸಾವು: ಆರ್‌.ಅಶೋಕ್‌                              
                        ",prajavani
521,"ಕೆಎಂಸಿಯಲ್ಲಿ ಮಕ್ಕಳ ಅಸ್ಥಿ ಮಜ್ಜೆ ಕಸಿ ಚಿಕಿತ್ಸೆ                              
                        ",prajavani
522,"ವರಮಹಾಲಕ್ಷ್ಮೀ ಪೂಜಾ ಸಂಭ್ರಮ: ಮಾರುಕಟ್ಟೆಯಲ್ಲಿ ಹೂವು, ಹಣ್ಣುಗಳ ಖರೀದಿ ಭರಾಟೆ                              
                        ",prajavani
523,"ವರ ಮಹಾಲಕ್ಷ್ಮಿ ಹಬ್ಬಕ್ಕೆ ಭರದ ಸಿದ್ಧತೆ                              
                        ",prajavani
524,"ಗರ್ಭಪಾತಕ್ಕೆ ವೈದ್ಯಕೀಯ ವೆಚ್ಚ: ಕಾರ್ಯಾದೇಶಕ್ಕೆ ಬೈಡನ್‌  ಸಹಿ                              
                        ",prajavani
525,"ನೇಪಾಳದಲ್ಲಿ ನವೆಂಬರ್ 20ಕ್ಕೆ ಸಾರ್ವತ್ರಿಕ ಚುನಾವಣೆ                              
                        ",prajavani
526,"ಅಮೃತ ಮಹೋತ್ಸವ: ಸೈಕಲ್‌ ಜಾಥಾದಲ್ಲಿ ಸಂಭ್ರಮಿಸಿದ ವಿದ್ಯಾರ್ಥಿಗಳು                              
                        ",prajavani
527,"ನೇಕಾರಿಕೆ ವೃತ್ತಿಗೆ ಪುನರುಜ್ಜೀವನ                              
                        ",prajavani
528,"ಮಂಡ್ಯ: ಜಿಲ್ಲೆಯಾದ್ಯಂತ ಜಲ ದಿಗ್ಬಂಧನ                              
                        ",prajavani
529,"ಕುಟುಂಬ ಪಿಂಚಣಿ ಹೆಚ್ಚಳಕ್ಕೆ ಒತ್ತಾಯ                              
                        ",prajavani
530,"ಕಾಂಗ್ರೆಸ್‌ ಕಾರ್ಯಕರ್ತರ ಪ್ರತಿಭಟನೆ                              
                        ",prajavani
531,"ವಿದ್ಯಾರ್ಥಿಗಳಿಗೆ ಚಿತ್ರಕಲೆ, ನಿಬಂಧ ಸ್ಪರ್ಧೆ                              
                        ",prajavani
532,"ಕೊಳೆಗೇರಿ ನಿವಾಸಿಗಳಿಗೆ ನಿವೇಶನ ನೀಡುವಂತೆ ಪ್ರತಿಭಟನೆ                              
                        ",prajavani
533,"ಜ್ಯೋತಿರ್ಲಿಂಗ ದರ್ಶನ ಪಡೆದರೆ ಮೋಕ್ಷ                              
                        ",prajavani
534,"ಪ್ರೊ ಕಬಡ್ಡಿ ಲೀಗ್ ಆಟಗಾರರ ಹರಾಜು ಪ್ರಕ್ರಿಯೆ: ಆ.5ರಿಂದ ಆರಂಭ                              
                        ",prajavani
535,"ಸಿಬಿಎಸ್‍ಇ, ಐಸಿಎಸ್‍ಇ ವಿದ್ಯಾರ್ಥಿಗಳಿಗೂ ಅವಕಾಶ                              
                        ",prajavani
536,"ವಿಶ್ವಸಂಸ್ಥೆ ಭದ್ರತಾ ಮಂಡಳಿ ವಿಶೇಷ ಸಭೆಗೆ ಭಾರತ ಆತಿಥ್ಯ                              
                        ",prajavani
537,"ಪ್ರತಿಭಟಿಸದಂತೆ ದೆಹಲಿ ಪೊಲೀಸರ ಎಚ್ಚರಿಕೆ: ಪ್ರತಿಭಟಿಸಿಯೇ ಸಿದ್ಧ ಎಂದ ಕಾಂಗ್ರೆಸ್‌                              
                        ",prajavani
538,"ಮಹಿಳೆಯರ 200 ಮೀ. ಓಟ: ಸೆಮಿಫೈನಲ್‌ ಪ್ರವೇಶಿಸಿದ ಹಿಮಾ ದಾಸ್                              
                        ",prajavani
539,"ಮನಸ್ಸಿನ ಶುಚಿಗೆ ಪ್ರವಚನ ಕೇಳಿ: ಸಿದ್ದರಾಮ ಸ್ವಾಮೀಜಿ                              
                        ",prajavani
540,"ನಾರಾವಿಯಲ್ಲಿ ವರುಣನ ಆರ್ಭಟ: ಹಲವು ತೋಟಗಳು ಜಲಾವೃತ                              
                        ",prajavani
541,"ಆ.7ರಿಂದ ಮಹಾರಾಜ ಟ್ರೋಫಿ; ಅನಾವರಣಗೊಳಿಸಿದ ನಟ ಸುದೀಪ್‌                              
                        ",prajavani
542,"ಲಾಹೋರ್‌: 1,200 ವರ್ಷದಷ್ಟು ಹಳೆಯ ದೇವಾಲಯ ಸಾರ್ವಜನಿಕರ ದರ್ಶನಕ್ಕೆ ಮುಕ್ತ                              
                        ",prajavani
543,"ಹಣ ಅಕ್ರಮ ವರ್ಗಾವಣೆ: ಸಂಜಯ್ ರಾವುತ್ ಪತ್ನಿಗೆ ಇ.ಡಿ ಸಮನ್ಸ್                              
                        ",prajavani
544,"ಭಾರತದಿಂದ ಸಾಕಷ್ಟು ಪ್ರೀತಿ ಸಿಕ್ಕಿದೆ: ಪಾಕಿಸ್ತಾನದ ಚಿನ್ನದ ಹುಡುಗ ನೂಹ್‌ ಭಟ್‌                              
                        ",prajavani
545,"ಖರ್ಗೆ ಉಪಸ್ಥಿತಿಯಲ್ಲಿ ಯಂಗ್ ಇಂಡಿಯಾ ಸಂಸ್ಥೆ ಕಚೇರಿಯಲ್ಲಿ ಇ.ಡಿ ಶೋಧ ಆರಂಭ                              
                        ",prajavani
546,"ಕಾವೇರಿ ಟೆಲಿಕಾಂನ ₹40.14 ಕೋಟಿ ಆಸ್ತಿ ಜಪ್ತಿ ಮಾಡಿದ ಇ.ಡಿ                              
                        ",prajavani
547,"ದೇಶದಲ್ಲಿ ಮಂಕಿಪಾಕ್ಸ್‌ ಏರಿಕೆ: ತಜ್ಞರ ಸಭೆ ನಡೆಸಿದ ಕೇಂದ್ರ                               
                        ",prajavani
548,"ಈಜು: ಅದ್ವೈತ್‌ಗೆ 7ನೇ ಸ್ಥಾನ                              
                        ",prajavani
549,"1,472 ಐಎಎಸ್‌, 864 ಐಪಿಎಸ್‌ ಹುದ್ದೆಗಳು ಖಾಲಿ: ಜಿತೇಂದರ್ ಸಿಂಗ್‌                              
                        ",prajavani
550,"ಬ್ರಿಟನ್ ಪ್ರಧಾನಿ ಚುನಾವಣೆ: 2ನೇ ಸಮೀಕ್ಷೆಯಲ್ಲೂ ರಿಷಿ ಸುನಕ್ ಹಿಂದಿಕ್ಕಿದ ಲಿಜ್                              
                        ",prajavani
551,"ಶ್ರೀಕೃಷ್ಣನ ಜನ್ಮಸ್ಥಳ ವಿವಾದ:ಕೆಳಹಂತದ ಕೋರ್ಟ್‌ನ ವಿಚಾರಣೆಗೆ ಹೈಕೋರ್ಟ್ ತಡೆ                              
                        ",prajavani
552,"ಶಿವಸೇನಾ ಯಾರದ್ದೆಂಬ ಬಗ್ಗೆ ತಕ್ಷಣ ನಿರ್ಧಾರ ಬೇಡ: ಆಯೋಗಕ್ಕೆ ಸುಪ್ರೀಂ ಸಲಹೆ                              
                        ",prajavani
553,"ಜಾರ್ಖಂಡ್‌: ಬಿಜೆಪಿ ಶಾಸಕರ ಅಮಾನತು ವಾಪಸ್‌                              
                        ",prajavani
554,"ಜೊಮಾಟೊದಲ್ಲಿನ ಶೇ 2.34ರಷ್ಟು ಷೇರು ಮಾರಿದ ಟೈಗರ್‌ ಗ್ಲೋಬಲ್‌                              
                        ",prajavani
555,"ಚಿನ್ನದ ದರ ₹487ರಷ್ಟು ಹೆಚ್ಚಳ                              
                        ",prajavani
556,"ಜೂನ್‌ ತ್ರೈಮಾಸಿಕ: ಗೇಲ್‌ ಲಾಭ ಶೇ 51ರಷ್ಟು ಹೆಚ್ಚಳ                              
                        ",prajavani
557,"ಆಮ್ ಆದ್ಮಿ ಪಕ್ಷ ಸೇರಿದ ಹಾಸ್ಯ ನಟ ಟೆನ್ನಿಸ್‌ ಕೃಷ್ಣ                              
                        ",prajavani
558,"ಮಹಾರಾಜ ಟ್ರೋಫಿ ಟ್ವೆಂಟಿ –20 ಕ್ರಿಕೆಟ್‌ ಆಗಸ್ಟ್‌ 7ರಿಂದ                              
                        ",prajavani
559,"ಸಂಸತ್ತಿನ ಕಲಾಪದ ನಡುವೆಯೇ ಹಾಜರಾಗುವಂತೆ  ಇ.ಡಿ ಸಮನ್ಸ್ ನೀಡಿದೆ: ಖರ್ಗೆ                              
                        ",prajavani
560,"ಕೋಮು ಗಲಭೆ: ಬೈಕ್‌ನಲ್ಲಿ ಹಿಂಬದಿ ಪುರುಷ ಸವಾರರಿಗೆ ನಿರ್ಬಂಧ- ಅಲೋಕ್ ಕುಮಾರ್                              
                        ",prajavani
561,"ಹರಿಯಾಣ ಕಾಂಗ್ರೆಸ್‌ನ ಮಾಜಿ ನಾಯಕ ಕುಲದೀಪ್‌ ಬಿಷ್ಣೋಯಿ ಬಿಜೆಪಿಗೆ ಸೇರ್ಪಡೆ                              
                        ",prajavani
562,"ಮುಖ್ಯನ್ಯಾಯಮೂರ್ತಿ ಸ್ಥಾನಕ್ಕೆ ಯು.ಯು ಲಲಿತ್‌ ಹೆಸರು ಶಿಫಾರಸು ಮಾಡಿದ ಸಿಜೆಐ                              
                        ",prajavani
563,"EPFO | ಪಿಂಚಣಿ ಖಾತೆದಾರರ ಮಾಹಿತಿ ಸೋರಿಕೆ: ಎಚ್ಚರಿಕೆ ನೀಡಿದ ಭದ್ರತಾ ಸಂಶೋಧಕ                              
                        ",prajavani
564,"ಬಾಲಿವುಡ್‌ ಖ್ಯಾತ ನಟ ಮಿಥಿಲೇಶ್ ಚತುರ್ವೇದಿ ನಿಧನ                              
                        ",prajavani
565,"ಶಿಂದೆ ಬಣಕ್ಕೆ ಶಿವಸೇನಾ ಚಿಹ್ನೆ ನೀಡುವ ಬಗ್ಗೆ ನಿರ್ಧಾರ ಬೇಡ: ಆಯೋಗಕ್ಕೆ ಸುಪ್ರೀಂ                              
                        ",prajavani
566,"ದೇಶದಲ್ಲಿ 19,893 ಕೋವಿಡ್ ಹೊಸ ಪ್ರಕರಣ ಪತ್ತೆ: 53 ಜನರ ಸಾವು                              
                        ",prajavani
567,"ಚೆಸ್‌ ಒಲಿಂಪಿಯಾಡ್‌: ಭಾರತ ಮಹಿಳಾ ತಂಡಕ್ಕೆ ಜಯ                              
                        ",prajavani
568,"ಆಸ್ಟ್ರೇಲಿಯಾ, ದಕ್ಷಿಣ ಆಫ್ರಿಕಾ ಎದುರಿನ ಸರಣಿಗಳಿಗೆ ಭಾರತ ಆತಿಥ್ಯ                              
                        ",prajavani
569,"ರಾಹುಲ್ ಗಾಂಧಿಗೂ ತಟ್ಟಿದ ಟ್ರಾಫಿಕ್ ಜಾಮ್ ಬಿಸಿ                              
                        ",prajavani
570,"ಸ್ಕೇಟಿಂಗ್‌ನಲ್ಲಿ ಕಾಶ್ಮೀರಕ್ಕೆ ತೆರಳುತ್ತಿದ್ದ ಯುವಕ ರಸ್ತೆ ಅಪಘಾತದಲ್ಲಿ ಮೃತ್ಯು                              
                        ",prajavani
571,"ಜಿಲ್ಲೆಯಲ್ಲಿ ‘ಇಂದು ರೆಡ್‌ಅಲರ್ಟ್‌’ ಘೋಷಣೆ                              
                        ",prajavani
572,"ವಿವಿಧೆಡೆ ಕಕ್ಕಡ ಪದಿನೆಟ್ ಸಂಭ್ರಮ                              
                        ",prajavani
573,"ಪರಿಹಾರ ಕೂಡಲೇ ವಿತರಣೆಗೆ ಸಚಿವ ಸೂಚನೆ                              
                        ",prajavani
574,"ಮುಂಡಗೋಡ: ಗ್ರಾಮ ಪಂಚಾಯ್ತಿ ಸದಸ್ಯೆ ಕೊಲೆ                              
                        ",prajavani
575,"ಹೆತ್ತ ತಾಯಿಯನ್ನೇ ಬಿಟ್ಟು ಹೋದ ಮಗ                              
                        ",prajavani
576,"ತೋಪಿನಕಟ್ಟಿ ಸಂಸ್ಥಾನ ಬೃಹನ್ಮಠದ ಲೋಕಾರ್ಪಣೆ                              
                        ",prajavani
577,"ಮೂವರು ಸುಲಿಗೆಕೋರರ ಬಂಧನ                              
                        ",prajavani
578,"ವಕ್ಫ್ ಸಲಹಾ ಮಂಡಳಿಗೆ ಹೊಸಳ್ಳಿ ಅಧ್ಯಕ್ಷ                              
                        ",prajavani
579,"ಕನ್ನಡ ರಥಕ್ಕೆ ಅದ್ದೂರಿ ಸ್ವಾಗತ                              
                        ",prajavani
580,"ಧಾರ್ಮಿಕ ಆಚರಣೆಗಳಲ್ಲಿ ವೈಜ್ಞಾನಿಕ ಸತ್ಯ                              
                        ",prajavani
581,"ಮಳೆಯಿಂದ ಹಾನಿಯಾದ ರಸ್ತೆ ದುರಸ್ತಿಪಡಿಸಿ                              
                        ",prajavani
582,"ನಾಗರಹಳ್ಳಿಯಲ್ಲಿ ಜಾತ್ರೆ ಸಂಭ್ರಮ                              
                        ",prajavani
583,"ಬಡ್ತಿಗೆ ತಕ್ಕಂತೆ ವೇತನ ನಿಗದಿ ಮಾಡಲು ಆಗ್ರಹ                              
                        ",prajavani
584,"ಮೆಗ್ಗಾನ್‌ನಲ್ಲಿ ಸಿಗುತ್ತಿಲ್ಲ ಸಮರ್ಪಕ ಚಿಕಿತ್ಸೆ; ಆರೋಪ                              
                        ",prajavani
585,"ಮಲೆನಾಡಿನಲ್ಲಿ ಭಯದ ವಾತಾವರಣ                              
                        ",prajavani
586,"ಪಾಲಿಶ್‌ ಮಾಡುವ ನೆಪ: ಮಾಂಗಲ್ಯ ಅಪಹರಣ                              
                        ",prajavani
587,"ದಕ್ಷಿಣ ಕನ್ನಡದಾದ್ಯಂತ ಶಾಂತಿ ಸಭೆ ನಡೆಸಲು ಆಗ್ರಹ                              
                        ",prajavani
588,"ದ್ವಿಚಕ್ರ ವಾಹನ ಸವಾರರಿಗೆ ಹೆಲ್ಮೆಟ್‌, ಗುಲಾಬಿ                              
                        ",prajavani
589,"ರಸ್ತೆ ಅವ್ಯವಸ್ಥೆ: ಪರಿಶಿಷ್ಟರ ಪರದಾಟ                              
                        ",prajavani
590,"15 ಶಾಲೆಗಳಿಗೆ ಶುದ್ಧ ನೀರು: ₹9 ಲಕ್ಷ ವೆಚ್ಚ                              
                        ",prajavani
591,"ಮತ್ತೆ ಚಿಗುರಿದ ಕ್ರಿಕೆಟ್ ಅಂಗಣದ ಕನಸು                              
                        ",prajavani
592,"ಸಿದ್ದರಾಮೋತ್ಸವಕ್ಕೆ ಬಸ್‌: ಸಾರಿಗೆ ವ್ಯವಸ್ಥೆ ಇಲ್ಲದೆ ಜನರ ಪರದಾಟ                              
                        ",prajavani
593,"’ವೀರಶೈವ ಲಿಂಗಾಯತರನ್ನು ಹಿಂದುಳಿದವರ ಪಟ್ಟಿಗೆ ಸೇರಿಸಿ‘                              
                        ",prajavani
594,"ಚಿಕ್ಕಮಗಳೂರು ಕ್ಷೇತ್ರದಿಂದ ಸ್ಪರ್ಧಿಸಲು ಸಿದ್ದರಾಮಯ್ಯಗೆ ಸಚಿನ್‌ ಮೀಗಾ ಮನವಿ                              
                        ",prajavani
595,"ಕಾಂಗ್ರೆಸ್ ಸಂವೇದನಾಶೀಲತೆ ಕಳೆದುಕೊಂಡಿತೆ?: ಸಿ.ಟಿ.ರವಿ                              
                        ",prajavani
596,"ಹತ್ತಾರು ಬಾರಿ ದುರಸ್ತಿ ಕಂಡರೂ ನಿಂತಿಲ್ಲ ನೀರು ಪೋಲು                              
                        ",prajavani
