" ಬಾಳಾಠಾಕ್ರೆ ತಿಲಕ ಇಡುತ್ತಿರುವುದು ಏಕನಾಥ್ ಶಿಂಧೆಗಲ್ಲ, ಶಿಂಧೆ ಗುರು ಆನಂದ ದಿಘೆಗೆ']"
 ಜಾಮಾ ಮಸೀದಿಯ ಗುಮ್ಮಟಕ್ಕೆ ಹಾನಿ? ಇಲ್ಲಿದೆ ವೈರಲ್\u200c ಫೋಟೋ ಅಸಲಿಯತ್ತು']
" ಇ.ಡಿ. ಸಮನ್ಸ್\u200c ಬೆನ್ನಲ್ಲೇ ಸೋನಿಯಾ ಗಾಂಧಿ ಹಳೆ ವೀಡಿಯೊ ವೈರಲ್""]"
" ಬಿಜೆಪಿ ಕಚೇರಿಯಿಂದಲೇ 'ಸಾಮ್ರಾಟ್ ಪೃಥ್ವಿರಾಜ್' ಪ್ರಮೋಷನ್? ಅಕ್ಷಯ್-ಶಾ ವೈರಲ್\u200c ಫೋಟೋ ಸತ್ಯಾಂಶವೇನು?""]"
" 'ಗೋ ಬ್ಯಾಕ್\u200c ಮೋದಿ' ಎಂದ ತಮಿಳುನಾಡು ಬಿಜೆಪಿ ಶಾಸಕಿ? ಇಲ್ಲಿದೆ ವೈರಲ್\u200c ಫೋಟೋ ಅಸಲಿ ಕಹಾನಿ ""]"
 ಧಾರ್ಮಿಕ ಉಡುಗೆ ತೊಟ್ಟು KSRTC ಬಸ್\u200c ಓಡಿಸಿದ ಚಾಲಕ?  ವೈರಲ್\u200c ಚಿತ್ರದ ಹಿಂದಿನ ಸತ್ಯವೇನು?\u200c']
 ಕ್ವಾಡ್ ಶೃಂಗದಲ್ಲಿ ಪ್ರಧಾನಿ ಮೋದಿ ಕಡೆಗಣಿಸಿದ ಜೋ ಬೈಡೆನ್\u200c? ವೈರಲ್\u200c ವಿಡಿಯೋ ಸತ್ಯಾಸತ್ಯತೆ ಏನು?']
 ಕಚ್ಚಾ ಬಾದಾಮ್\u200c ಗಾಯಕ ಭುವನ್ ಬಡ್ಯಾಕರ್\u200cಗೆ ರೈಲ್ವೆಯಲ್ಲಿ ಮ್ಯಾನೇಜರ್\u200c ಕೆಲಸ?']
 ವಾರಾಣಸಿಯ ನಂದಿ ವಿಗ್ರಹ ಎನ್ನಲಾದ ವೈರಲ್\u200c ಫೋಟೋ ಮಹಾರಾಷ್ಟ್ರದ್ದು']
"['ಹೈಸ್ಕೂಲ್ ಪಠ್ಯದಲ್ಲಿ ಸಿದ್ಧಾರೂಢರ ಜಾತ್ರೆಯ ವೈಶಿಷ್ಟ್ಯ, ವೈರಲ್ ಸುದ್ದಿ ನಿಜಾವೋ ಸುಳ್ಳೋ..?']"
" ಕಾಂಗ್ರೆಸ್ ಚಿಂತನ ಶಿಬಿರದ ಮೇಲ್ಛಾವಣಿಗೆ ಪಾಕಿಸ್ತಾನ ಧ್ವಜದ ಬಣ್ಣ, ಕಾರ್ಪೆಟ್\u200c ಮಾತ್ರ ಕೇಸರಿ? ']"
 ಬ್ಯಾಂಕ್ ಆಫ್ ಇಂಗ್ಲೆಂಡ್ ಗವರ್ನರಾಗಿ ರಘುರಾಮ್ ರಾಜನ್ ನೇಮಕವಾಗಿಲ್ಲ
" ಕ್ರಿಕೆಟ್\u200c ಆಡಿದ ಪ್ರಧಾನಿ ಮೋದಿ, ನಿಜನಾ ಇದು.?']"
" ತಮಿಳುನಾಡಿನಲ್ಲಿ ಮಸೀದಿಗಿಂತ, ದೇವಸ್ಥಾನಗಳಿಗೆ ಹೆಚ್ಚಿನ ವಿದ್ಯುತ್ ದರ ನಿಗದಿ.? ']"
 ತಣ್ಣಗಾದ ನಿಂಬೆ ಸಿಪ್ಪೆ ಕ್ಯಾನ್ಸರ್ ಗುಣಪಡಿಸಬಹುದು ಎಂಬುದಕ್ಕೆ ಯಾವುದೇ ವೈಜ್ಞಾನಿಕ ಪುರಾವೆಗಳಿಲ್ಲ']
" ಸ್ವತಂತ್ರ ಭಾರತದ ಮೊದಲ ಇಫ್ತಾರ್ ಪಾರ್ಟಿಯಲ್ಲಿ\u200c ನೆಹರು, ಅಂಬೇಡ್ಕರ್? ವೈರಲ್\u200c ಫೋಟೊ ಸತ್ಯಾಸತ್ಯತೆ ಏನು?']"
 ಪ್ರಧಾನಮಂತ್ರಿ ಕಲ್ಯಾಣ ನಿಧಿಗೆ ಕಾಶ್ಮೀರ ಫೈಲ್ಸ್\u200c ತಂಡ ₹200 ಕೋಟಿ ದೇಣಿಗೆ ನೀಡಿದ್ದು ಸುಳ್ಳು   ']
 ಇಂಡಿಯನ್\u200c ಆಯಿಲ್\u200cನಿಂದ ಗ್ರಾಹಕರಿಗೆ 6 ಸಾವಿರ ರೂ ಮೌಲ್ಯದ ಗಿಫ್ಟ್ ವೋಚರ್']
 ಮರ ಉಳಿಸಲು ರಸ್ತೆ ಪಥವನ್ನೇ ಬದಲಿಸಿದ ಗುತ್ತಿಗೆದಾರ? ವೈರಲ್\u200c ಫೋಟೋ ಸತ್ಯಾಸತ್ಯತೆ ಏನು?']
" ಬಿಸಿಲಿನಿಂದ ಸಿಂಹದ ಮರಿ ಕಾಪಾಡಿದ ಆನೆ ಫೋಟೋ ವೈರಲ್, ಅಷ್ಟಕ್ಕೂ ಸತ್ಯವೇನು?']"
" ತಡೆಯಾಜ್ಞೆ ವದಂತಿ ನಂಬಬೇಡಿ’""]"
 ರಷ್ಯಾ ಅಧ್ಯಕ್ಷ ಪುಟಿನ್\u200cರನ್ನು ಹಿಟ್ಲರ್\u200cನೊಂದಿಗೆ ಹೋಲಿಸುವ ಟೈಮ್ ಕವರ್ ಫೋಟೋ ನಕಲಿ!']
 ಕರ್ನಾಟಕದ ಮಕ್ಕಳು ಸನಾತನ ಧರ್ಮ ರಕ್ಷಣೆಗೆ ಮುಂದಾಗಿದ್ದಾರೆ ಎಂಬ ವೈರಲ್ ಫೋಟೋ ಉತ್ತರಾಂಚಲದ್ದು!']
 ಹಂಬಲ್ ಪೊಲಿಟಿಷಿಯನ್ ನೋಗ್\u200cರಾಜ್ ನಟ ಟಿಕು ತಲ್ಸಾನಿಯಾ ಇಸ್ಲಾಂಗೆ ಮತಾಂತರಗೊಂಡಿದ್ದು ಸುಳ್ಳು!\u200c']
 ಚುನಾವಣೆ ಹಿನ್ನೆಲೆ ಮತದಾರರಿಗೆ ಹಣ ಹಂಚುತ್ತಿರುವ ಯುಪಿ ಸಿಎಂ ಯೋಗಿ ಆದಿತ್ಯನಾಥ್?']
 ಹಿಂದುತ್ವ ಸಂದೇಶ ಸಾರಲು ರಷ್ಯಾ ರೈಲುಗಳ ಮೇಲೆ ಶ್ರೀಕೃಷ್ಣ!']
" ಕೊರೋನಾ, ವೈರಸ್ ಅಲ್ಲ, ಆಸ್ಪಿರಿನ್\u200c ಬಳಸಿ ಚಿಕಿತ್ಸೆ ನೀಡಬಹುದಾದ ಬ್ಯಾಕ್ಟೀರಿಯಾ ಎಂಬುದು ಸುಳ್ಳು!']"
 ಟಿಎಂಸಿಯ ಹಳೆ ಪೋಸ್ಟರ್ ಬಳಸಿ ಉತ್ತರ ಪ್ರದೇಶದಲ್ಲಿ ಕಾಂಗ್ರೆಸ್\u200c ಪ್ರಚಾರ!']
 NEET PG 2022 Exam ಮುಂದೂಡಲಾಗಿದೆ ಎಂಬ ನೋಟಿಸ್\u200c ಫೇಕ್
  ನಂದಿನಿ ಹಾಲಿನ ಪ್ಯಾಕೆಟ್\u200cಗಳ ಮೇಲೆ ಪುನೀತ್\u200c ರಾಜಕುಮಾರ್\u200c ಅವರ ಭಾವಚಿತ್ರ.?']
 ಟಿಪ್ ಟಿಪ್ ಬರ್ಸಾ ಪಾನಿ ಸಾಂಗ್\u200cಗೆ ಪಾಕ್ MP ಡ್ಯಾನ್ಸ್?']
 ಪಬ್ಲಿಕ್\u200cನಲ್ಲೇ ಸುಸ್ಸೂ ಮಾಡಿದರಾ ಶಾರೂಖ್ ಮಗ ? ವಿಡಿಯೋ ವೈರಲ್']
 CRPF 2011 vs 2021
" ನೀರು ಕುಡಿಯುತ್ತಾ ಫೋನಲ್ಲಿ ಮಾತಾಡಬೇಡಿ, ಸ್ಪೋಟಗೊಂಡೀತು ಜೋಕೆ!']"
" ತಿರುಪತಿ ದೇವಸ್ಥಾನದ ಪುರೋಹಿತರಿಂದ 128Kg ಚಿನ್ನ, ₹60 ಕೋಟಿ ಮೌಲ್ಯದ ವಜ್ರ ವಶ?']"
  ಜೀಜಾಬಾಯಿ ಭೋಸಲೆ  ಮೃಗಾಲಯದ ಹೆಸರು ಹಜರತ್ ಪೀರ್ ಬಾಬಾ ಎಂದು  ಮರುನಾಮಕರಣ?']
" 1999 ರಲ್ಲೇ 'ಒಮಿಕ್ರೋನ್' ವಿಡಿಯೋ ಗೇಮ್ ರಚಿಸಿದ್ರಾ ಬಿಲ್ ಗೇಟ್ಸ್?""]"
 ಕೌಶಲ್ಯಾಭಿವೃದ್ಧಿ ಹೆಸರಿನಲ್ಲಿ ಸೃಷ್ಟಿಸಿರುವ ಈ ನಕಲಿ ಉದ್ಯೋಗಗಳ ಬಲೆಗೆ ಬೀಳದಿರಿ!']
 ಹಳೇ ₹100 ಅಮಾನ್ಯ? ಸೋಷಿಯಲ್\u200c ಮೀಡಿಯಾ ಪೋಸ್ಟ್
 ಪ್ರಧಾನಿ ನಿಜವಾಗ್ಲೂ IAS ಅಧಿಕಾರಿ ಆರತಿ ಡೋಗ್ರಾ ಕಾಲು ಮುಟ್ಟಿ ನಮಸ್ಕರಿಸಿದ್ರಾ?']
 ವಾಯುಸೇನೆ ಹೆಲಿಕಾಪ್ಟರ್ ಪತನದ ಸ್ಯಾಟ್\u200cಲೈಟ್ ದೃಶ್ಯಾವಳಿ\u200c ವೈರಲ್?']
 ಬಿಎಸ್ಎಫ್ ಯೋಧರೊಂದಿಗೆ ವಿಜಯ್ ದಿವಸ್ ಆಚರಿಸಿದ್ರಾ ಬಾಲಿವುಡ್\u200c ಬೆಡಗಿ?']
 ಭಾರತದ ಕೋವಿಡ್ ಲಸಿಕೆ ದಾಖಲೆ
 ಕಪ್ಪು ಮೈಬಣ್ಣಕ್ಕಾಗಿ ಗಿನ್ನೆಸ್ ವಿಶ್ವ ದಾಖಲೆ ಬರೆದ ಮಾಡೆಲ್ ?']
 ಮುಸ್ಲಿಂ ಮಹಿಳೆಯರು ಮಸೀದಿಯಲ್ಲಿ ರಾಮ ಭಜನೆ ಹಾಡಿದ್ರಾ? ಮತ್ತೆ ವೈರಲ್\u200c ಆಯ್ತು ಹಳೆ ವಿಡಿಯೋ!']
['Fact Check About ₹500 Note ಯಾವುದು ಅಸಲಿ ಯಾವುದು ನಕಲಿ?']
 ಅಷ್ಟೆಲ್ಲ ಕಟ್ಟುನಿಟ್ಟಾದ್ರೂ ಫೋಟೋ ಲೀಕ್ ಆಯ್ತಾ!']
 ವಿವೇಕಾನಂದರು ಕ್ರಿಕೆಟ್\u200c ಆಡಿದ್ದ ಫೋಟೋನಾ ಇದು.?']
 ನೆಹರು ಪ್ರತಿಮೆಗೆ ನಮಿಸಿದ ಮೋದಿ!']
 ಬಿಜೆಪಿ ಚಿಹ್ನೆಯ ಟಿ-ಶರ್ಟ್\u200c  ಧರಿಸಿದ್ದ ಬಾಲಕನ ಜೊತೆ ರಾಹುಲ್\u200c ಗಾಂಧಿ.?']
 ರೈಲ್ವೆ
 ಪಶ್ಚಿಮ ಬಂಗಾಳ
 ದೇವಸ್ಥಾನಗಳಿಗೆ ಮಾತ್ರ ತೆರಿಗೆ?']
"['ಬೈಕ್, ಟಿವಿ, ಫ್ರಿಡ್ಜ್ ಇದ್ದವರ BPL ಕಾರ್ಡ್\u200b ರದ್ದಾಗುತ್ತಾ? ಇಲ್ಲಿದೆ ಇದರ ಸತ್ಯಾಸತ್ಯತೆ']"
 ದಂಡ ವಸೂಲಿ ಮಾಡುವುದಿಲ್ಲ ಎಂಬ ಸುದ್ದಿ ಸುಳ್ಳು']
 ಲಸಿಕೆ ಪಡೆದ ಬಳಿಕ ದೇಹದಲ್ಲಿ ಕಾಂತೀಯ ಶಕ್ತಿ.? ಉಡುಪಿಯಲ್ಲೊಬ್ಬ ಮ್ಯಾಗ್ನೆಟಿಕ್ ಮ್ಯಾನ್..!']
" ಲಸಿಕೆ ಹಾಕಿಸಿಕೊಂಡವರ ದೇಹದಲ್ಲಿ ಮ್ಯಾಗ್ನೆಟಿಕ್ ಗುಣ, ನಿಜನಾ ಇದು..?']"
"['ಕೋವಿಶೀಲ್ಡ್  ಪಡೆದ ಬಳಿಕ ದೇಹದಲ್ಲಿ ವಿದ್ಯುತ್ ಸಂಚಾರ,  ಮಂಗಳೂರಿನ ಯುವಕರಿಂದ Fact Check']"
 ಫಾರಂ ಕೋಳಿಯಿಂದ ಮನುಷ್ಯನಿಗೆ ಬ್ಲಾಕ್ ಫಂಗಸ್ ವರದಿ ಸುಳ್ಳು!']
" ಯೋಗ ಮಾಡ್ತಿರೋ ಮೋದಿ, ಅಪರೂಪದ ವಿಡಿಯೋ ವೈರಲ್?']"
" 'ಕೊರೋನಾಗೆ ಬಲಿಯಾದವ್ರಿಗೆ ಸರ್ಕಾರಿ ಪರಿಹಾರ ಇಲ್ಲ'""]"
" ‘ಕೋವಿಪ್ರಿ’ಗೆ ರೆಮ್\u200cಡಿಸಿವಿರ್\u200cಗೆ ಪರ್ಯಾಯ, ಸುರಕ್ಷಿತವೇ.?']"
['12 ವರ್ಷ ಮೇಲಿನ ಮಕ್ಕಳಿಗೆ ಕೋವ್ಯಾಕ್ಸಿನ್ ಪಡೆಯಲು ಅನುಮತಿ? ಇದು ನಿಜಾನಾ?']
['Fact Check| ಬಿಜೆಪಿ ಆಡಳಿತ ಮೂದಲಿಸುವ ಈ ಕಾರ್ಟೂನ್ ರಚಿಸಿದ್ದು ಯಾರು?']
"ಮಾರ್ಚ್\u200cನಿಂದ ಸರ್ಕಾರ ಲಸಿಕೆ ಆರ್ಡರ್ ಮಾಡಿಲ್ಲ, ಮಾಧ್ಯಮ ಆರೋಪ ಸುಳ್ಳು!']"
 ಕುಂಭಮೇಳ ಯಶಸ್ಸಿಗೆ ಮೆಚ್ಚುಗೆ ಸೂಚಿಸಿ ಪತ್ರ ಬರೆದರಾ ಧೋವಲ್..?']
 ಭಾರತದಿಂದ  ಆಕ್ಸಿಜನ್ ರಫ್ತು ಪ್ರಮಾಣ ಶೇ. 700 ರಷ್ಟು ಏರಿಕೆ ವರದಿ ಸುಳ್ಳು!']
 ಭಾರತದಲ್ಲಿ ಲಾಕ್\u200cಡೌನ್ ಜಾರಿ ಸುದ್ದಿ ಸುಳ್ಳು!']
['Fact Check; ಏ. 19ರವರೆಗೆ ಭಾರತದಲ್ಲಿ ಲಾಕ್\u200cಡೌನ್?']
" ಹೊಪ್\u200c ಶೂಟ್ಸ್\u200c ಬೆಳೆದ ಬಿಹಾರ ರೈತ, ಕೆಜಿಗೆ ಇದರ ಬೆಲೆ ಎಷ್ಟು ಗೊತ್ತಾ?']"
 ತಮಿಳುನಾಡು ರಾಹುಲ್ ಗಾಂಧಿ ರ್ಯಾಲಿಯಲ್ಲಿ ಜನಸಾಗರ!']
['ಶಾಲಾ-ಕಾಲೇಜುಗಳಿಗೆ 15 ದಿನ ರಜೆನಾ? ಸುತ್ತೋಲೆ ಬಗ್ಗೆ ಶಿಕ್ಷಣ ಇಲಾಖೆ ಸ್ಪಷ್ಟನೆ']
 ಮಿಯಾ ಖಲೀಫಾಗೆ ಕಾಂಗ್ರೆಸ್ ಕಾರ್ಯಕರ್ತರು ಕೇಕ್\u200c ತಿನ್ಸಿದ್ರಾ?']
 ರೈತ ಹೋರಾಟಕ್ಕೆ ಬೆಂಬಲಿಸಿದ್ದ ಪಾಪ್\u200c ಸಿಂಗರ್\u200c ರಿಹಾನಾ ಪಾಕ್ ಧ್ವಜ ಹಿಡಿದ್ರಾ.?']
" ಅಲಲೇ... ಇದು ಓಡುವ ರೈಲಲ್ಲ, ಹಾರುವ ರೈಲು..!']"
"['ಕೆಂಪುಕೋಟೆ ಮೇಲೆ ಖಲಿಸ್ತಾನದ ಧ್ವಜ ಹಾರಿತಾ? ರೈತ ಪ್ರತಿಭಟನೆಯಲ್ಲಿ  ಸತ್ಯವೆಷ್ಟು, ಸುಳ್ಳೆಷ್ಟು.?']"
" ಓವೈಸಿಗೆ ಅಮಿತ್\u200c ಶಾ ಕೃತಜ್ಞತೆ ಸಲ್ಲಿಸಿದ್ರಂತೆ, ಯಾಕಾಗಿ..?']"
 ಫಾರ್ಮಾಸಿಸ್ಟ್\u200cಗಳೂ ಕ್ಲಿನಿಕ್\u200c ತೆರೆಯಬಹುದಂತೆ...ಹೌದಾ..?']
 ಹೊಸ ವರ್ಷದಂದು ಮಸೀದಿಗೆ ತೆರಳಿ  ನಮಾಜ್ ಮಾಡಿದ್ರಾ ಕೇಜ್ರಿವಾಲ್.?']
 ಕೇರಳದಲ್ಲಿ ಜಿಯೋ ಸೇವೆಯನ್ನು ನಿಷೇಧಿಸಲಾಗಿದೆಯಂತೆ!']
 ಅದಾನಿ ಗ್ರೂಪ್\u200cಗೆ ರೈಲ್ವೆ ಮಾರಾಟ!']
" ಬಂಗಾಳಕ್ಕೆ  ಶಾ ಭೇಟಿ, ಸೋಲುವ ಭೀತಿಯಲ್ಲಿ  ಕಣ್ಣೀರಿಟ್ರಾ ಮಮತಾ ಬ್ಯಾನರ್ಜಿ?']"
 ಫೈಝರ್\u200c ಲಸಿಕೆ ಪಡೆದ ನರ್ಸ್\u200c ಸಾವನ್ನಪ್ಪಿ ಬಿಟ್ರಾ..?']
 ಮೋದಿ ಸೋದರರೆಲ್ಲಾ ದೊಡ್ಡ ದೊಡ್ಡ ಹುದ್ದೆಯಲ್ಲಿದ್ದಾರಾ?']
 ಅದಾನಿ ಪತ್ನಿಗೆ ತಲೆಬಾಗಿದ್ರಾ ಮೋದಿ?']
 ಭಾರತೀಯ ರೈಲ್ವೇ ಅದಾನಿಗೆ ಮಾರಿದ ಮೋದಿ
 ದೆಹಲಿ ರೈತ ಚಳವಳಿಯಲ್ಲಿ ಖಲಿಸ್ತಾನ ಪರ ಘೋಷಣೆ ಕೂಗಿದ್ದು ನಿಜನಾ?']
 ರೈಲ್ವೆ ಉದ್ಯೋಗಿಗಳ ಪ್ರಯಾಣ ಭತ್ಯೆ ಕಡಿತ ಮಾಡಲಿದೆಯಾ ಸರ್ಕಾರ?']
 ಶಹೀನ್\u200c ಭಾಗ್\u200c ದಾದಿ ಈಗ ಪಂಜಾಬಿ ರೈತಳಾಗಿ ಪ್ರತಿಭಟನೆಯಲ್ಲಿ ಭಾಗಿ?']
 2024 ರ ಚುನಾವಣೆಯಲ್ಲಿ ಮತ ಹಾಕದಿದ್ರೆ 350 ರೂ. ದಂಡ?']
['ಮುಖೇಶ್\u200c ಅಂಬಾನಿ ಸೊಸೆಗೆ ಚಿನ್ನದ ಕಾರು ಕೊಟ್ಟಿದ್ದು  ನಿಜವೇ?']
ಕೇರಳದ ಮಹಿಳಾ ಪೊಲೀಸ್\u200c ಸಿಬ್ಬಂದಿ ಬುರ್ಕಾ ಹಾಕಿಕೊಂಡಿರುವುದು ಹೌದಾ?']
 ಭಾರತದಲ್ಲಿ ಕೊರೊನಾ ಲಸಿಕೆ ಇಲ್ಲಿ ಸಿಗುತ್ತದೆ?']
 ಜೆಎನ್\u200cಯುದಲ್ಲಿ ಮುಸ್ಲಿಮರಿಗೆ ಫ್ರೀ ಹಾಸ್ಟೆಲ್\u200c?']
 ಸುಳ್ಳು ಯಾಕ್ರೀ ಹೇಳ್ತೀರಾ? ಭಾರತೀಯ ಸೇನೆಯ ಉತ್ತರ!']
 ಆರ್\u200cಜೆಡಿ ಕಚೇರಿಯಲ್ಲಿ ಸಿಹಿ ತಿನಿಸು ಕಸದ ಬುಟ್ಟಿಗೆ?']
['ಬೈಡೆನ್\u200c ಪ್ರಮಾಣ ಕಾರ\u200d್ಯಕ್ರಮಕ್ಕೆ ಮನಮೋಹನ್ ಸಿಂಗ್ ಮುಖ್ಯ ಅತಿಥಿ?']
 ಡೆನ್ಮಾರ್ಕಲ್ಲಿ ಮುಸ್ಲಿಮರಿಗೆ ಮತದಾನ ಮಾಡಲು ನಿಷೇಧ?']
 ಕೊರೋನಾ ಸೋಂಕಿತರು ಐಸೋಲೇಶನ್\u200cಗೆ ಒಳಪಡುವ ಅಗತ್ಯವಿಲ್ಲ ಎಂದಿತಾ WHO?']
 ತೇಜಸ್ವಿ ಯಾದವ್\u200cಗೆ ಜಗತ್ತಿನ ಅತಿ ಕಿರಿಯ ರಾಜಕಾರಣಿ ಪ್ರಶಸ್ತಿ?']
 ರಾಮಮಂದಿರ ಕೆಲಸ ಅರ್ಧ ಮುಗಿಯಿತಾ?']
 ಪ್ಯಾಂಗಾಂಗ್ ಸರೋವರ ಬಳಿ 2 ಸ್ಥಾನ ಆಕ್ರಮಿಸಿಕೊಂಡಿತಾ ಚೀನಾ?']
 ಬಿಹಾರದಲ್ಲಿ ಪ್ರಚಾರದ ವೇಳೆ ಗೋ ಬ್ಯಾಕ್\u200c ಮೋದಿ ಘೋಷಣೆ!']
 ತೆಲುಗು ಅಮೆರಿಕದ ಅಧಿಕೃತ ಭಾಷೆ!']
 ಇಮ್ರಾನ್\u200c ಖಾನ್\u200c ಸರ್ಕಾರ ವಿರುದ್ಧ ನಡೆದ ರ್ಯಾಲಿಯಲ್ಲಿ ಭಾರತದ ರಾಷ್ಟ್ರಧ್ವಜ?']
 ನೀಟ್\u200c ಪರೀಕ್ಷೆಯ ಮೊದಲ ಐದೂ ಸ್ಥಾನಗಳು ಮುಸ್ಲಿಮರಿಗೆ?']
 ರಾಹುಲ್\u200c 7ನೇ ವಿದ್ಯಾವಂತ ನಾಯಕನಾ?']
 ಅತ್ಯಾಚಾರ ನಮ್ಮ ಸಂಸ್ಕೃತಿಯ ಅಂಗ ಅಂದ್ರಾ ಬಿಜೆಪಿ ಸಂಸದೆ?']
['ತನಿಷ್ಕ ಆಭರಣದ ಅಂಗಡಿ ಮೇಲೆ ದಾಳಿ; NDTV ಜಾತಕ ಬಿಚ್ಚಿಟ್ಟ ನೆಟ್ಟಿಗರು!']
"  ಸಾಲ ಮಾಡಿ ತೆಗೆದುಕೊಂಡಿದ್ದ ರಿಕ್ಷಾ ಅಧಿಕಾರಿಗಳ ವಶ, ಬಡವರಿಗಿದು ಕಾಲವಲ್ಲ!']"
" ಕೊರೊನಾಗೆ ಬೇರೆ ಔಷಧಿ ಇಲ್ಲ, ಬಿಸಿ ಹಬೆಯೇ ಚೀನಾದಲ್ಲಿ ಕೋವಿಡ್\u200c ಮದ್ದು?']"
" ರಾಜಸ್ಥಾನದಲ್ಲಿ ಸರ್ಕಾರಿ ಕಚೇರಿ, ಆಸ್ಪತ್ರೆಗಳಲ್ಲಿ ಅಂಬೇಡ್ಕರ್\u200c ಫೋಟೋ ಕಡ್ಡಾಯ?']"
 ಹತ್ರಾಸ್ ಅತ್ಯಾಚಾರ
 ಹತ್ರಾಸ್ ಆರೋಪಿ ತಂದೆ ಜತೆ ಮೋದಿ ಕಾಣಿಸಿಕೊಂಡ್ರಾ?']
 ಎನ್\u200cಆರ್\u200cಸಿಗೆ ಸಹಿ ಹಾಕುವವರೆಗೂ  ಎಟಿಎಂ ಶಟ್\u200cಡೌನ್\u200c?']
 ದೇಶವನ್ನೇ ಬೆಚ್ಚಿ ಬೀಳಿಸಿರುವ ಹತ್ರಾಸ್ ಅತ್ಯಾಚಾರ ಸಂತ್ರಸ್ತೆ ಈಕೆನಾ?']
 ವಿದ್ಯಾರ್ಥಿಗಳಿಗೆ ಸುವರ್ಣಾವಕಾಶ! ಉನ್ನತ ವ್ಯಾಸಂಗಕ್ಕೆ .1 ಲಕ್ಷ ಸ್ಕಾಲರ್ಶಿಪ್?']
 ಅಬ್ಬಬ್ಬಾ...! ಎಸ್\u200cಪಿಬಿ ಆಸ್ಪತ್ರೆ ಬಿಲ್\u200c 3 ಕೋಟಿ ಆಯ್ತಾ?']
 ಭವ್ಯ ರಾಮಮಂದಿರಕ್ಕೆ  ಸ್ಪೆಷಲ್\u200c ಗಂಟೆ ಸಿದ್ಧ!']
"['Fact Check|ಬಂದೂಕಿನೆದುರು ಇಟ್ಟಿಗೆ, ಲಾಠಿ ಹಿಡಿದು ನಿಂತ ರೈತ!']"
  ಗುಡ್ ನ್ಯೂಸ್!  ಅ.1ರಿಂದ ಸಿನಿಮಾ ಥಿಯೇಟರ್\u200cಗಳು ಓಪನ್\u200c?']
 ಲಡಾಖ್\u200c ಬಳಿ ಭಾರತದ ಯುದ್ಧ ವಿಮಾನ ಪತನಗೊಂಡಿತೆ?']
['Fact Check| ಸೆ.25ರಿಂದ ಮತ್ತೆ ದೇಶಾದ್ಯಂತ ಲಾಕ್ಡೌನ್\u200c!']
['ಇನ್ಫೋಸಿಸ್ ಅಧ್ಯಕ್ಷೆ ಸುಧಾ ಮೂರ್ತಿ ತರಕಾರಿ ಮಾರುವ ಫೋಟೋ ವೈರಲ್!']
" ಹೊಸ ರಫೇಲ್\u200c ವಿಮಾನ ಪತನ, ಇಬ್ಬರು ಪೈಲಟ್ ಸಾವು?']"
 ಟಿಪ್ಪು ಜೀವನಾಧಾರಿತ ಸಿನಿಮಾಕ್ಕೆ ಶಾರುಕ್\u200c ಹೀರೋ ಆಗ್ತಿದ್ದಾರಾ?']
['ಕಂಗನಾಗೆ ಹೊಸ ಸ್ಟುಡಿಯೋ ಕಟ್ಟೋಕೆ 200 ಕೋಟಿ ಕೊಟ್ರಾ ಅಂಬಾನಿ ದಂಪತಿ..?']
" ಟಾಟಾದಿಂದ ಓಲಾ, ಊಬರ್\u200cಗೆ ಸಡ್ಡು! ಟ್ಯಾಕ್ಸಿ ಸೇವೆ ಆರಂಭ?']"
 ಗಡಿ ನಿಯಂತ್ರಣ ರೇಖೆ ಬಳಿ ಭಾರತ-ಚೀನಾ ಯುದ್ಧ?']
 ರೈಲ್ವೆ ಇಲಾಖೆ ಪೂರ್ತಿ ಖಾಸಗೀಕರಣವಾಗುತ್ತಿದೆಯಾ?']
 ಭಾರತಕ್ಕಿಂತ ಹೆಚ್ಚು ಅಮೆರಿಕದಲ್ಲಿ ಜಿಡಿಪಿ ಕುಸಿತವಾಯ್ತಾ?']
 ಸೆ.1 ರಿಂದ ವಿದ್ಯುತ್\u200c ದರ ಪಾವತಿ ಮಾಡಬೇಕಾಗಿಲ್ಲ?']
 ಆನ್\u200cಲೈನ್\u200c ಕ್ಲಾಸ್\u200cಗಾಗಿ  ವಿದ್ಯಾರ್ಥಿಗಳಿಗೆ ಫ್ರೀ ಸ್ಮಾರ್ಟ್\u200cಫೋನ್\u200c?']
 ಗೋಡ್ಸೆ ಫೋಟೋಗೆ ನಮಿಸಿದ್ರಾ ಮೋದಿ?']
 ಸೆಕ್ಸಿಯಾಗಿದ್ದಕ್ಕೆ ಕೆಲಸ ಕಳೆದುಕೊಂಡ್ಲಾ ಪಾಕ್ ಟೀಚರ್?']
 ಫೇಸ್ಬುಕ್ಕಲ್ಲಿ ದಿನಾ 200 ಕೋಟಿ ಜೈಶ್ರೀರಾಮ್\u200c ಜಪ?']
 ಕೊರೋನಾ ವೇಳೆ ಬಾತುಕೋಳಿಗಳ ಜೊತೆ ಮೋದಿ ಫೋಟೋಶೂಟ್\u200c?']
['Fact Check| ಕುಸಿದು ಬಿದ್ದ ಬೆಂಗಳೂರು ಫ್ಲೈಓವರ್\u200c!']
" ಪ್ಲಾಸ್ಟಿಕ್\u200c ಮೊಟ್ಟೆ, ಪ್ಲಾಸ್ಟಿಕ್\u200c ಅಕ್ಕಿ ಆಯ್ತು, ಮಾರುಕಟ್ಟೆಗೆ ಬಂದಿದೆ ನಕಲಿ ಗೋಡಂಬಿ!']"
 ಧ್ಯೇಯವಾಕ್ಯ ಬದಲಿಸಿದ ಸುಪ್ರೀಂಕೋರ್ಟ್?']
 ನೆಹರುಗೆ ತಲೆಬಾಗಿ ನಮಿಸಿದ್ರಾ ಮೋದಿ?']
['Fact Check| ಪಾಕ್\u200cಗೆ ರಷ್ಯಾ ಕೋವಿಡ್\u200c ಲಸಿಕೆ ಗಿಫ್ಟ್\u200c!']
['Fact Check| 27 ವರ್ಷ ಬಳಿಕ ಶಿಕ್ಷಕಿ ಭೇಟಿ ಆದ ಪಿಚೈ!']
 ಅಬ್ಬಬ್ಬಾ...! ರೋಬೋಟ್\u200c ಬಾಡಿಗಾರ್ಡ್\u200cಗೆ 55 ಕೋಟಿ!']
 ಭಗತ್\u200c ಸಿಂಗ್\u200cರನ್ನು ನಡುರಸ್ತೆಯಲ್ಲಿ ಕಟ್ಟಿ ಹೊಡೆದರಾ ಪೊಲೀಸ್ ಅಧಿಕಾರಿ?']
 ಮಹಾರಾಷ್ಟ್ರದಲ್ಲಿದೆ ಬೋಟ್\u200c ಆ್ಯಂಬುಲೆನ್ಸ್\u200c!']
 ಶಿಕ್ಷಕರ ಕಾರಿಗೂ ಬಂತು ಲೋಗೋ!']
 ಫೇಸ್ಬುಕ್ಕಲ್ಲಿ ಕೇಸರಿ ಧ್ವಜ ಇಮೋಜಿ!']
 ಮೋದಿಯ ಐಷಾರಾಮಿ ವಿಮಾನವಿದು!']
 ಕೊರೋನಾ ರೋಗಿಗಳ ಕಿಡ್ನಿ ಮಾರಾಟ ಮಾಡಲಾಗುತ್ತಿದೆಯಾ?']
" ಪ್ರಿಯಾಂಕಾ, ವಾದ್ರಾ ಮದ್ವೆ ಮಾಡಿದ್ದು ಮೌಲ್ವಿ?']"
 ಜಿಯೋದಿಂದ 349 ರು. ಫ್ರೀ ರೀಚಾರ್ಜ್..?']
['ಮಗಳ ಆನ್\u200cಲೈನ್\u200c ಶಿಕ್ಷಣಕ್ಕಾಗಿ ರೈತ ಹಸು ಮಾರಿದ್ದು ಸುಳ್ಳು!']
 ಕೊರೋನಾ ನಿರ್ವಹಣೆಗಾಗಿ ಕೇಂದ್ರದಿಂದ ಪಾಲಿಕೆಗೆ 1.5 ಲಕ್ಷ!']
 ಭಾರತದಲ್ಲಿ ಕೆಸರು ಗದ್ದೆಯೇ ಶಾಲೆ!']
['Fact Check| 140ರಿಂದ ಆರಂಭವಾಗುವ ಕರೆ ಸ್ವೀಕರಿಸಬೇಡಿ!']
" ‘ಇದು ಬೆಂಗಳೂರಿನ ಆಸ್ಪತ್ರೆಯ ಸ್ಥಿತಿ, ಯಾರೂ ಮನೆಯಿಂದ ಹೊರಹೋಗಬೇಡಿ’']"
 ಬಿಜೆಪಿ ಸೇರಿದ್ರಾ ಸಚಿನ್\u200c ಪೈಲಟ್\u200c.?']
" ‘ಮುಸ್ಲಿಂ ಟೋಪಿ’ ಧರಿಸಿದ್ರಾ ಮೋದಿ, ಶಾ!']"
" ಮೂರು ಕಣ್ಣಿನ ಮಗು ಜನನ, ಸ್ವಾಮೀಜಿಯ ಕಾಲಜ್ಞಾನ ನಿಜವಾಯ್ತಾ?']"
 ಗ್ಯಾಂಗ್\u200cಸ್ಟರ್\u200c ದುಬೆ ಜೊತೆ ಸಂಬಿತ್ ಪಾತ್ರ ಡ್ಯಾನ್ಸ್\u200c!']
['Fact Check| ವಿಶ್ವ ಆರೋಗ್ಯ ಸಂಸ್ಥೆ ಒಪ್ಪಿದ ಮನೆಮದ್ದು!']
 ರಾಹುಲ್ ಕ್ಷೇತ್ರ ವಯನಾಡಿನ ಅವ್ಯವಸ್ಥೆಯಿದು.!']
 ಕೊರೋನಾ ಸೋಂಕಿತರ ಹೆಣವನ್ನು ಗಂಗಾ ನದಿಯಲ್ಲಿ ತೇಲಿ ಬಿಡಲಾಗುತ್ತಿದೆಯಾ?']
 ದೇವರ ವಿಗ್ರಹದ ಮೇಲೆ ಕಾಲಿಟ್ಟ ಮುಸ್ಲಿಂ ಯುವಕ?']
['Fact Check| ಭೀಮನ ಮಗ ಘಟೋತ್ಕಜನ ಅಸ್ಥಿ!']
" ಬಳಕೆದಾರರೇ ಗಮನಿಸಿ, ರಾತ್ರಿ 11.30 ರಿಂದ ವಾಟ್ಸ್\u200cಆ್ಯಪ್\u200c ಆಫ್\u200c!']"
 ಭಾರತೀಯ 7 ಯೋಧರನ್ನು ಹತ್ಯೆಗೈತಾ ನೇಪಾಳ.?']
 ‘ಸೈಕಲ್\u200c ಹುಡುಗಿ’ ಜ್ಯೋತಿ ಮೇಲೆ ಅತ್ಯಾಚಾರವೆಸಗಿ ಕೊಲೆ ಮಾಡಲಾಯ್ತಾ?']
 ಸುಳ್ಳು ಸುದ್ದಿಯಿಂದ ಪೋಷಕರು ಬೇಸ್ತು']
  ಲಾಕ್\u200cಡೌನ್ ಸಂಕಷ್ಟಕ್ಕೊಳಗಾದ ಪ್ರತಿಯೊಬ್ಬರಿಗೂ 2 ಸಾವಿರ ಪರಿಹಾರ ಧನ?']
 ಚೀನಾ ವಿರುದ್ಧ ಜಪಾನ್\u200c ಕ್ಷಿಪಣಿ ನಿಯೋಜನೆ ಮಾಡಿತಾ?']
 ಅಯ್ಯಯ್ಯೋ... ಅಡ್ವೈಸರ್\u200c ಬಿಯರ್\u200cನಲ್ಲಿ ಮೂತ್ರ!']
['Fact Check| ಕೊರೋನಾ ರೋಗಿಗಳಿಗೆ ಆಸ್ಪತ್ರೇಲಿ ಜಾಗವಿಲ್ಲ!']
 ಭಾರತದ ಯೋಧರಿಗೆ ಚೀನಾ ಮತ್ತೆ ಹಿಂಸೆ ನೀಡಿತಾ?']
 ಕೊರೋನಾಗೆ ರೆಡಿಯಾಗಿದೆ ಕಷಾಯ; ಕುಡಿದ್ರೆ ವೈರಸ್\u200c ಮಂಗಮಾಯ']
 ಭಾರತದಲ್ಲಿ ಚೀನಾ ಬ್ಯಾಂಕ್\u200c ತೆರೆಯಲು ಅನುಮತಿ ನೀಡಿತಾ ಆರ್\u200cಬಿಐ?']
 ಶಾ ಬೆಂಗಾವಲು ವಾಹನದ ಮೇಲೆ ದಾಳಿ?']
 ಯಚೂರಿ!']
  ಸೈನಿರನ್ನು ಉದ್ದೇಶಿಸಿ ಗಲ್ವಾನ್\u200cನಲ್ಲಿ ಇಂದಿರಾ ಭಾಷಣ ಮಾಡಿದ್ರಾ?']
 ಚೀನಾ ಆ್ಯಪ್\u200cಗಳಿಗೆ ಗೇಟ್\u200cಪಾಸ್\u200c?']
 ನೀಟ್\u200c ಪರೀಕ್ಷೆ ಮುಂದೂಡಲಾಯ್ತೆ?']
['Fact check;  ಚೀನಿ ಆಪ್\u200cಗಳಿಗೆ ಕೊನೆ ಮೊಳೆ ಹೊಡೆದ ಭಾರತ!']
 ಲಡಾಖ್\u200cನಲ್ಲಿ ಹುತಾತ್ಮರಾಗಿದ್ದು 57 ಜನ?']
 ಸೋನಿಯಾ ಕಾಲಿಗೆರಗಿದ ಸಿಂಗ್\u200c']
 ನಟ ಸುಶಾಂತ್ ಸಿಂಗ್ ರಜಪೂತ್\u200c ಅವ್ರನ್ನು ಕ್ರಿಕೆಟರ್ ಎಂದ್ರಾ ರಾಹುಲ್ ಗಾಂಧಿ..?']
 ಕಾಫಿ ಕುಡಿದರೆ ಕೊರೋನಾ ಬರಲ್ವಂತೆ..!']
" ಇನ್ಮುಂದೆ ಇಂಡಿಯಾ ಎನ್ನುವಂತಿಲ್ಲ, ಭಾರತವೆಂದೇ ಕರೆಯಬೇಕು..!']"
 ಜೂ.15 ರಿಂದ ಮತ್ತೆ ಕಂಪ್ಲೀಟ್\u200c ಲಾಕ್ಡೌನ್\u200c?']
 ಚೀನಾದಿಂದ ಮಾನವ ಮಾಂಸ ರಫ್ತು?']
"['Fact Check| ನಿಂಬೆರಸ, ಸೋಡಾದಿಂದ ಕೊರೋನಾ ಖತಂ!']"
 ಬಾಲಕಿಯ ನಾಲಿಗೆಗೆ ಕತ್ತರಿ ಹಾಕಿದ್ರಾ ಬ್ರಾಹ್ಮಣರು?']
" ಕೊರೋನಾ ವೈರಸ್ಸಲ್ಲ, ಬ್ಯಾಕ್ಟೀರಿಯಾ?']"
 ಗರ್ಭಿಣಿ ಆನೆ ಹತ್ಯೆಗೆ ಕೋಮು ಬಣ್ಣ?']
 ರಾಜಕುಮಾರಿ ಇಂದುಮತಿ ಮದುವೆಯಾದ ಛೋಟಾ ಭೀಮ್ !']
ಕೊರೋನಾ ಮೂಲ ಚೀನಾ ಲ್ಯಾಬ್\u200c?']
 50-60 ದಿನ ಸ್ಯಾನಿಟೈಸರ್\u200c ಬಳಸಿದ್ರೆ ಕ್ಯಾನ್ಸರ್\u200c!']
 ಭಾರತೀಯ ಸೇನೆಯ 158 ಯೋಧರನ್ನು ಹತ್ಯೆಗೈತಾ ಚೀನಾ?']
 ಉತ್ತರಾಖಂಡದಲ್ಲಿ ಕಾಳ್ಗಿಚ್ಚಿಗೆ ನೂರಾರು ಮರಗಳು ಬಲಿ?']
" ಜಯಾ ಪಕ್ಕ ನಿರ್ಮಲಾ ಸೀತಾರಾಮನ್, ಹಳೆ ಪೋಟೋದ ಹೊಸ ಕತೆ!']"
 ಭಾರತ ಸೇನೆಯ 75 ಯೋಧರನ್ನು ಕೊಂದು ಹಾಕಿತಾ ಚೀನಾ?']
 ‘ಸಮ-ಬೆಸ’ ಸ್ಕೀಮ್\u200cನಲ್ಲಿ ಶಾಲೆ ತೆರೆಯಲು ರಾಹುಲ್ ಗಾಂಧಿ ಸಲಹೆ?']
 ಮೋದಿ ವಿಶ್ವ ಆರೋಗ್ಯ ಸಂಸ್ಥೆ ಚೇರ್\u200cಮನ್?']
 ದೇಶದ ಪ್ರತಿ ನಾಗರಿಕನಿಗೂ ಲಾಕ್\u200cಡೌನ್\u200c ಪರಿಹಾರ ನಿಧಿಯಾಗಿ 5000 ರೂ?']
 ಚೌಕಿದಾರ್\u200c ಚೋರ್\u200c ಎಂದು ಮೋದಿಗೆ ಸ್ವಾಗತ!']
['Fact Check| ಡೊನಾಲ್ಡ್\u200c ಟ್ರಂಪ್\u200cಗೆ ಕೊರೋನಾ ಸೋಂಕು!']
['Fact Check| ಡಾ. ದೇವಿ ಶೆಟ್ಟಿ ನೀಡಿದ 22 ಸಲಹೆಗಳು!']
  ಬಂಗಾಳಕ್ಕೆ ವಲಸೆ ಕಾರ್ಮಿಕರನ್ನು ಹೊತ್ತೊಯ್ಯುತ್ತಿರುವ  ಶ್ರಮಿಕ್\u200c ರೈಲು!']
" ಟ್ರಂಪ್, ಜಾಗತಿಕ ಉಗ್ರ ಬಿನ್ ಲಾಡೆನ್ ಕೈಕುಲುಕಿದ್ದರೆ?']"
 ಸಾಧುಗಳ ಮೇಲೆ ಮುಸ್ಲಿಮರಿಂದ ಹಲ್ಲೆ?']
 5 ಹಂತದಲ್ಲಿ ಲಾಕ್ಡೌನ್\u200c ಸಡಿಲಿಕೆಗೆ ಮುಂದಾಗಿದ್ಯಾ ಕೇಂದ್ರ ಸರ್ಕಾರ?']
['Fact Check| ಕೊರೋನಾ ನಿಗ್ರಹಕ್ಕೆ ಐಎಂಸಿಆರ್\u200c ಸಲಹೆ!']
 ಸಸ್ಯಾಹಾರಿಗಳಿಂದ ಕೊರೋನಾ ದೂರವಾಗುತ್ತಾ?']
 ಏರ್\u200c ಇಂಡಿಯಾದಲ್ಲಿ 3 ಪಟ್ಟು ಹಣ ವಸೂಲಿ ಮಾಡಲಾಯ್ತಾ?']
 ವರ್ಕ್ ಫ್ರಂ ಹೋಂ ಮಾಡುವವರ ಸ್ಮಾರ್ಟ್\u200c \u200cಫೋನ್\u200cಗಳಿಗೆ ಫ್ರೀ ಇಂಟರ್\u200cನೆಟ್\u200c?']
" ಲಾಕ್\u200cಡೌನ್ ಸಡಿಲಿಕೆ, ಹುಷಾರಾಗಿರಿ, ಕ್ರೈಮ್\u200c ಹೆಚ್ಚಳವಾಗುತ್ತದೆ!']"
 ಇ-ಪೇಪರ್\u200c ಪಿಡಿಎಫ್\u200c ಫಾರ್ವರ್ಡ್\u200c ಅಪರಾಧವೇ?']
['Fact Check| ತಬ್ಲೀಘಿ ಕಾಟದಿಂದ ನರ್ಸ್\u200cಗಳ ರಾಜೀನಾಮೆ!']
" 'ಟಿಪ್ಪು' ಸಿನಿಮಾದಲ್ಲಿ ಶಾರುಖ್\u200c ಅಭಿನಯಿಸ್ತಿದಾರಾ?""]"
  ಗೋಧಿ ಪ್ಯಾಕೇಟ್\u200cನಲ್ಲಿ 15 ಸಾವಿರ ಇಟ್ಟು ಹಂಚಿದ ಅಮೀರ್\u200c ಖಾನ್!']
 ಲಾಕ್\u200cಡೌನ್ ಸಂಕಷ್ಟದಲ್ಲಿರುವ ಬಡವರಿಗೆ ಕೇಂದ್ರದಿಂದ 50 ಸಾವಿರ ರೂ?']
 ನಿರಾಶ್ರಿತರ ಊಟಕ್ಕೆ ಉಗುಳಿದ್ದು ನಿಜನಾ?']
['Fact Check| ಕಾತ್ಯಾಯಿನಿ ಮಂತ್ರ ಪಠಿಸಿದ ಮೋದಿ!']
 ಕೋವಿಡ್\u200c ಮೃತರ ಬಟ್ಟೆಆಫ್ರಿಕಾಗೆ ಸಾಗಿಸುತ್ತಿದೆಯಾ ಚೀನಾ?']
 ರಾಷ್ಟ್ರಗೀತೆ ಹೇಳಿ ಭಾರತಕ್ಕೆ ಧನ್ಯವಾದ ಹೇಳಿದ ಅಮೆರಿಕಾ!']
 ಇಮಾಮ್\u200c ಪಾದ ತೊಳೆಯುವಂತೆ ಶಾಸಕನ ದರ್ಪ!']
 ತಳ್ಳುಗಾಡಿಯ ಮೇಲೆ ಹಣ್ಣು ಮಾರುವವ  ಮೂತ್ರ ಸುರಿದಿದ್ದು ನಿಜಾನಾ?']
 ಎಚ್\u200cಸಿಕ್ಯೂ ಮಾತ್ರೆ ನೀಡಿದ್ದಕ್ಕೆ ಸ್ವಿಸ್\u200c ಗೌರವ?']
 ಬ್ರೆಡ್\u200c ಮೇಲೆ ಎಂಜಲು ಹಚ್ಚುತ್ತಾರಾ?']
 ಕೇಸರಿ ದಬ್ಬಾಳಿಕೆ ನಡೆಯುತ್ತಿದೆಯೇ?']
" ಕೆಲಸವೂ ಇಲ್ಲ, ದುಡಿಮೆಯೂ ಇಲ್ಲ, ಹಸಿವಿನಿಂದ ದಂಪತಿ, ಮಗು ಆತ್ಮಹತ್ಯೆ']"
 ಬಿಹಾರದ ಪೌಲ್ಟ್ರಿ  ಫಾರಂಗಳಲ್ಲಿ ಕೊರೋನಾ!']
 ಕೊರೋನಾ ಸೋಂಕಿತೆ ಮೇಲೆ ಅತ್ಯಾಚಾರ ನಡೆಯಿತಾ?']
['Fact Check| ಮಾಧ್ಯಮಗಳ ಎಡವಟ್ಟಿಂದ ಮುಸ್ಲಿಂಗೆ ಥಳಿತ!']
['Fact Check ಪಿನರಾಯಿ ಫೋಟೋ ಇರುವ ಅಂಚೆಚೀಟಿಯನ್ನು ಬಿಡುಗಡೆ ಮಾಡಿತಾ ಲಂಕಾ?']
" ಕೊರೋನಾ ಮಾರಿಗೆ ಚೀನಾದಲ್ಲಿ ಬಲಿಯಾದವರ ಅಸಲಿ ಲೆಕ್ಕ , ಸಾವಿರದಲ್ಲಿಲ್ಲ!']"
 ಅ.15 ರ ವರೆಗೆ ಹೋಟೆಲ್\u200cಗಳು ಬಂದ್\u200c ಆಗುತ್ತಾ?']
['Fact Check| ಹೊರಗೋದ್ರೆ ಒದೆ ಬೀಳುತ್ತೆ ಎಂದಿದ್ದ ರೇವಣ್ಣ ಮಾಂಸದಂಗಡಿಯಲ್ಲಿ ಪ್ರತ್ಯಕ್ಷ?']
 ಅರ್ಥ ತಜ್ಞರನ್ನು ಟೀಕಿಸಿದ್ರಾ ಟಾಟಾ?']
" ಸಮುದ್ರಕ್ಕೆ ಕೊರೋನಾ ಸೋಂಕಿತರ ಹೆಣ, ಮೀನು ತಿನ್ಬೇಡಿ!']"
 ಜಾಗ್ರತೆ! ವಾಟ್ಸಾಪ್\u200c ಮೇಲೆ ಸರ್ಕಾರ ನಿಗಾ ಇಡುತ್ತಂತೆ!']
 ಮೇ 4 ರ ವರೆಗೂ ಮುಂದುವರೆಯುತ್ತಾ ಲಾಕ್\u200cಡೌನ್\u200c?']
['Fact Check| ಹಣ ಬೀದಿಗೆ ಎಸೆದ ಇಟಲಿ ಜನ!']
 ಕರ್ನಾಟಕದಲ್ಲಿ 50 ದಿನ ರಜೆ ವಿಸ್ತರಣೆ ಸುದ್ದಿಯ ಸತ್ಯಾಸತ್ಯತೆ']
" ಸನ್ನಿ ನಂ. 1,  ಕೊರೋನಾ ಔಷಧಿಗೆ  ಲಿಯೋನ್ 650 ಕೋಟಿ ಕೊಟ್ರಂತೆ!']"
 ಅಮಿತ್\u200c ಶಾಗೆ ಕೊರೋನಾ
" 25 GB ಉಚಿತ ಡಾಟಾ ಆಫರ್, ಎಚ್ಚರಿಕೆ ನೀಡಿ ರಿಲಯನ್ಸ್ ಜಿಯೋ !']"
 ಕೊರೋನಾ ಹುಟ್ಟಿಗೆ ಇದೇ ಕಾರಣನಾ?']
 ಜಿಯೋದಿಂದ 498 ಫ್ರೀ ರೀಚಾರ್ಜ್ ಆಫರ್?']
 ಕೊರೋನಾಗೆ ತತ್ತರಿಸಿದ ಇಟಲಿಯಲ್ಲಿ ರಸ್ತೆ ಬದಿಯಲ್ಲೇ ಐಸಿಯು!']
 ಕೊರೋನಾ ವೈರಸ್\u200c ಜೀವಿ\u200bತಾ\u200bವಧಿ 12 ಗಂಟೆ ನಿಜ\u200bವೇ?']
  ಬಾವಿ ಮುಚ್ಚಿದ ಜನ!']
 ಮಾಂಸ\u200bದಂಗಡಿ ಮುಚ್ಚಲು ಕರೆ ಕೊಟ್ಟಸಚಿನ್\u200c ತೆಂಡು\u200bಲ್ಕ\u200bರ್\u200c!']
['Fact Check| ಜನ\u200bರಿಗೆ ಉಚಿ\u200bತ\u200b ಮಾಸ್ಕ್\u200c ನೀಡಲು ಮೋದಿ ನಿರ್ಧಾ\u200bರ!']
 ತಮ್ಮ ಹೋಟೆಲ್\u200cಗಳನ್ನು ಆಸ್ಪತ್ರೆಗಳನ್ನಾಗಿ ಪರಿವರ್ತಿಸಿದ ಕ್ರಿಸ್ಟಿಯಾನೋ ರೊನಾಲ್ಡೋ..!']
['Fact Check| ಶಾಹೀನ್\u200c ಬಾಗ್\u200c ಪ್ರತಿ\u200bಭ\u200bಟನಾ ಸ್ಥಳ\u200bದಲ್ಲಿ ಅನೈ\u200bತಿಕ ಚಟು\u200bವ\u200bಟಿ\u200bಕೆ!']
"['Fact Check| ಕೊರೋನಾ ವಿರುದ್ಧ ಲಸಿಕೆ ಕಂಡು\u200bಹಿ\u200bಡಿದ ಇಸ್ರೇಲ್\u200c, ಅಮೆರಿ\u200bಕ!']"
 ಎನ್\u200cಪಿಆರ್\u200c ಮಾಹಿ\u200bತಿ ಕೊಡ\u200bದಿದ್ರೆ ಬ್ಯಾಂಕ್\u200c ಅಕೌಂಟ್\u200c ಬ್ಲಾಕ್?']
 ಐಸ್\u200cಕ್ರೀಮ್\u200c\u200bನಿಂದ ದೂರ ಇರಿ ಎಂದು ಯುನಿ\u200bಸೆಫ್\u200c ಹೇಳಿ\u200bದೆ\u200bಯೇ?']
['Fact Check| ಅವ\u200bಮಾನ ತಾಳ\u200bಲಾ\u200bರದೆ ಆತ್ಮ\u200bಹತ್ಯೆ ಮಾಡಿ\u200bಕೊಂಡ ಕ್ವಾಡೆ\u200bನ್\u200c!']
 ಜ್ಯೋತಿರಾಜ್ ಏಂಜೆಲ್ ಫಾಲ್ಸ್ ಹತ್ತಿದ್ದು ಹೌದಾ?']
 ಚೀನಾ\u200bದಲ್ಲಿ ಸತ್ತ ಮನು\u200bಷ್ಯರನ್ನೇ ಕತ್ತ\u200bರಿಸಿ ಬೀಫ್ ಎಂದು ಮಾರಾ\u200bಟ!']
 ಶಾಹೀನ್\u200c ಬಾಗ್\u200c ಪ್ರತಿ\u200bಭ\u200bಟ\u200bನಾ\u200bಗಾ\u200bರ್ತಿಗೆ ಕೊರೋ\u200bನಾ?']
 ದೆಹಲಿ ಸಿಎಂ ಕೇಜ್ರಿ\u200bವಾ\u200bಲ್\u200cಗೆ ಆರ್\u200c\u200bಎ\u200bಸ್\u200c\u200bಎಸ್\u200c ಹಿನ್ನೆ\u200bಲೆ!']
 ಆಪ್\u200cನಿಂದ ಮುಸ್ಲಿಮರಿಗೆ ಮಾತ್ರ ಪರಿಹಾರ!']
 ಹಿಂದೂ\u200bಗ\u200bಳಿಗೆ ಮಕ್ಕ\u200bಳಾ\u200bಗ\u200bದಂತೆ ಬಿರಿ\u200bಯಾ\u200bನಿ\u200bಯಲ್ಲಿ ಮಾತ್ರೆ?']
  3 ಮಕ್ಕ\u200bಳ\u200bನ್ನು ಅವುಚಿ ಕೂತ ಮಹಿಳೆ ಚಿತ್ರ ದೆಹ\u200bಲಿ\u200bಯ\u200bದ್ದಾ?']
 ಹೋಳಿಗೆ ಚೀನಾ ಬಣ್ಣ ಬಳ\u200bಸ\u200bದಂತೆ ಪ್ರಕ\u200bಟ\u200bಣೆ!']
 ಜಪಾನಿನಲ್ಲಿದೆ ಫಿಂಗರ್\u200c ಪ್ರಿಂಟ್\u200c ಶೇಪ್\u200cನ ಹಳ್ಳಿ!']
['ಭಾರತದಲ್ಲಿ 3500 ಟನ್\u200c ಚಿನ್ನದ ನಿಕ್ಷೇಪ ಏನಿದರ ಹಕೀಕತ್ತು!?']
 ಟ್ರಂಪ್\u200c ಬರುತ್ತಾರೆಂದು ಬೀದಿನಾಯಿಗಳನ್ನೆಲ್ಲಾ ಕೊಂದರು!']
 300 ವರ್ಷದ ಹಿಂದೆ ಧ್ಯಾನಸ್ಥರಾದ ಯೋಗಿ ಜೀವಂತ ಪತ್ತೆ!']
['Fact Check| ಶಾಹೀನ್\u200c ಬಾಗ್\u200c ಹಿಂಭಾಗದಲ್ಲಿ ಕಾಂಡೋಮ್\u200cಗಳ ರಾಶಿ!']
