 ಜಾಮಾ ಮಸೀದಿಯ ಗುಮ್ಮಟಕ್ಕೆ ಹಾನಿ? ಇಲ್ಲಿದೆ ವೈರಲ್\u200c ಫೋಟೋ ಅಸಲಿಯತ್ತು'],
" ಇ.ಡಿ. ಸಮನ್ಸ್\u200c ಬೆನ್ನಲ್ಲೇ ಸೋನಿಯಾ ಗಾಂಧಿ ಹಳೆ ವೀಡಿಯೊ ವೈರಲ್""]",
" ಬಿಜೆಪಿ ಕಚೇರಿಯಿಂದಲೇ 'ಸಾಮ್ರಾಟ್ ಪೃಥ್ವಿರಾಜ್' ಪ್ರಮೋಷನ್? ಅಕ್ಷಯ್-ಶಾ ವೈರಲ್\u200c ಫೋಟೋ ಸತ್ಯಾಂಶವೇನು?""]",
" 'ಗೋ ಬ್ಯಾಕ್\u200c ಮೋದಿ' ಎಂದ ತಮಿಳುನಾಡು ಬಿಜೆಪಿ ಶಾಸಕಿ? ಇಲ್ಲಿದೆ ವೈರಲ್\u200c ಫೋಟೋ ಅಸಲಿ ಕಹಾನಿ ""]",
 ಧಾರ್ಮಿಕ ಉಡುಗೆ ತೊಟ್ಟು KSRTC ಬಸ್\u200c ಓಡಿಸಿದ ಚಾಲಕ?  ವೈರಲ್\u200c ಚಿತ್ರದ ಹಿಂದಿನ ಸತ್ಯವೇನು?\u200c'],
 ಕ್ವಾಡ್ ಶೃಂಗದಲ್ಲಿ ಪ್ರಧಾನಿ ಮೋದಿ ಕಡೆಗಣಿಸಿದ ಜೋ ಬೈಡೆನ್\u200c? ವೈರಲ್\u200c ವಿಡಿಯೋ ಸತ್ಯಾಸತ್ಯತೆ ಏನು?'],
 ಕಚ್ಚಾ ಬಾದಾಮ್\u200c ಗಾಯಕ ಭುವನ್ ಬಡ್ಯಾಕರ್\u200cಗೆ ರೈಲ್ವೆಯಲ್ಲಿ ಮ್ಯಾನೇಜರ್\u200c ಕೆಲಸ?'],
 ವಾರಾಣಸಿಯ ನಂದಿ ವಿಗ್ರಹ ಎನ್ನಲಾದ ವೈರಲ್\u200c ಫೋಟೋ ಮಹಾರಾಷ್ಟ್ರದ್ದು'],
"['ಹೈಸ್ಕೂಲ್ ಪಠ್ಯದಲ್ಲಿ ಸಿದ್ಧಾರೂಢರ ಜಾತ್ರೆಯ ವೈಶಿಷ್ಟ್ಯ, ವೈರಲ್ ಸುದ್ದಿ ನಿಜಾವೋ ಸುಳ್ಳೋ..?']",
" ಕಾಂಗ್ರೆಸ್ ಚಿಂತನ ಶಿಬಿರದ ಮೇಲ್ಛಾವಣಿಗೆ ಪಾಕಿಸ್ತಾನ ಧ್ವಜದ ಬಣ್ಣ, ಕಾರ್ಪೆಟ್\u200c ಮಾತ್ರ ಕೇಸರಿ? ']",
 ಬ್ಯಾಂಕ್ ಆಫ್ ಇಂಗ್ಲೆಂಡ್ ಗವರ್ನರಾಗಿ ರಘುರಾಮ್ ರಾಜನ್ ನೇಮಕವಾಗಿಲ್ಲ,
" ಕ್ರಿಕೆಟ್\u200c ಆಡಿದ ಪ್ರಧಾನಿ ಮೋದಿ, ನಿಜನಾ ಇದು.?']",
" ತಮಿಳುನಾಡಿನಲ್ಲಿ ಮಸೀದಿಗಿಂತ, ದೇವಸ್ಥಾನಗಳಿಗೆ ಹೆಚ್ಚಿನ ವಿದ್ಯುತ್ ದರ ನಿಗದಿ.? ']",
 ತಣ್ಣಗಾದ ನಿಂಬೆ ಸಿಪ್ಪೆ ಕ್ಯಾನ್ಸರ್ ಗುಣಪಡಿಸಬಹುದು ಎಂಬುದಕ್ಕೆ ಯಾವುದೇ ವೈಜ್ಞಾನಿಕ ಪುರಾವೆಗಳಿಲ್ಲ'],
" ಸ್ವತಂತ್ರ ಭಾರತದ ಮೊದಲ ಇಫ್ತಾರ್ ಪಾರ್ಟಿಯಲ್ಲಿ\u200c ನೆಹರು, ಅಂಬೇಡ್ಕರ್? ವೈರಲ್\u200c ಫೋಟೊ ಸತ್ಯಾಸತ್ಯತೆ ಏನು?']",
 ಪ್ರಧಾನಮಂತ್ರಿ ಕಲ್ಯಾಣ ನಿಧಿಗೆ ಕಾಶ್ಮೀರ ಫೈಲ್ಸ್\u200c ತಂಡ ₹200 ಕೋಟಿ ದೇಣಿಗೆ ನೀಡಿದ್ದು ಸುಳ್ಳು   '],
 ಇಂಡಿಯನ್\u200c ಆಯಿಲ್\u200cನಿಂದ ಗ್ರಾಹಕರಿಗೆ 6 ಸಾವಿರ ರೂ ಮೌಲ್ಯದ ಗಿಫ್ಟ್ ವೋಚರ್'],
 ಮರ ಉಳಿಸಲು ರಸ್ತೆ ಪಥವನ್ನೇ ಬದಲಿಸಿದ ಗುತ್ತಿಗೆದಾರ? ವೈರಲ್\u200c ಫೋಟೋ ಸತ್ಯಾಸತ್ಯತೆ ಏನು?'],
" ಬಿಸಿಲಿನಿಂದ ಸಿಂಹದ ಮರಿ ಕಾಪಾಡಿದ ಆನೆ ಫೋಟೋ ವೈರಲ್, ಅಷ್ಟಕ್ಕೂ ಸತ್ಯವೇನು?']",
" ತಡೆಯಾಜ್ಞೆ ವದಂತಿ ನಂಬಬೇಡಿ’""]",
 ರಷ್ಯಾ ಅಧ್ಯಕ್ಷ ಪುಟಿನ್\u200cರನ್ನು ಹಿಟ್ಲರ್\u200cನೊಂದಿಗೆ ಹೋಲಿಸುವ ಟೈಮ್ ಕವರ್ ಫೋಟೋ ನಕಲಿ!'],
 ಕರ್ನಾಟಕದ ಮಕ್ಕಳು ಸನಾತನ ಧರ್ಮ ರಕ್ಷಣೆಗೆ ಮುಂದಾಗಿದ್ದಾರೆ ಎಂಬ ವೈರಲ್ ಫೋಟೋ ಉತ್ತರಾಂಚಲದ್ದು!'],
 ಹಂಬಲ್ ಪೊಲಿಟಿಷಿಯನ್ ನೋಗ್\u200cರಾಜ್ ನಟ ಟಿಕು ತಲ್ಸಾನಿಯಾ ಇಸ್ಲಾಂಗೆ ಮತಾಂತರಗೊಂಡಿದ್ದು ಸುಳ್ಳು!\u200c'],
 ಚುನಾವಣೆ ಹಿನ್ನೆಲೆ ಮತದಾರರಿಗೆ ಹಣ ಹಂಚುತ್ತಿರುವ ಯುಪಿ ಸಿಎಂ ಯೋಗಿ ಆದಿತ್ಯನಾಥ್?'],
 ಹಿಂದುತ್ವ ಸಂದೇಶ ಸಾರಲು ರಷ್ಯಾ ರೈಲುಗಳ ಮೇಲೆ ಶ್ರೀಕೃಷ್ಣ!'],
" ಕೊರೋನಾ, ವೈರಸ್ ಅಲ್ಲ, ಆಸ್ಪಿರಿನ್\u200c ಬಳಸಿ ಚಿಕಿತ್ಸೆ ನೀಡಬಹುದಾದ ಬ್ಯಾಕ್ಟೀರಿಯಾ ಎಂಬುದು ಸುಳ್ಳು!']",
 ಟಿಎಂಸಿಯ ಹಳೆ ಪೋಸ್ಟರ್ ಬಳಸಿ ಉತ್ತರ ಪ್ರದೇಶದಲ್ಲಿ ಕಾಂಗ್ರೆಸ್\u200c ಪ್ರಚಾರ!'],
 NEET PG 2022 Exam ಮುಂದೂಡಲಾಗಿದೆ ಎಂಬ ನೋಟಿಸ್\u200c ಫೇಕ್,
 ಭಾರತೀಯ ರೈಲ್ವೇಯ ಆರ್\u200cಪಿಎಫ್ ಕಾನ್ಸ್\u200cಟೇಬಲ್ ನೇಮಕಾತಿ 2022 ನೋಟೀಸ್ ನಕಲಿ!'],
 ಟಿಪ್ ಟಿಪ್ ಬರ್ಸಾ ಪಾನಿ ಸಾಂಗ್\u200cಗೆ ಪಾಕ್ MP ಡ್ಯಾನ್ಸ್?'],
 ಪಬ್ಲಿಕ್\u200cನಲ್ಲೇ ಸುಸ್ಸೂ ಮಾಡಿದರಾ ಶಾರೂಖ್ ಮಗ ? ವಿಡಿಯೋ ವೈರಲ್'],
 CRPF 2011 vs 2021,
" ನೀರು ಕುಡಿಯುತ್ತಾ ಫೋನಲ್ಲಿ ಮಾತಾಡಬೇಡಿ, ಸ್ಪೋಟಗೊಂಡೀತು ಜೋಕೆ!']",
" ತಿರುಪತಿ ದೇವಸ್ಥಾನದ ಪುರೋಹಿತರಿಂದ 128Kg ಚಿನ್ನ, ₹60 ಕೋಟಿ ಮೌಲ್ಯದ ವಜ್ರ ವಶ?']",
  ಜೀಜಾಬಾಯಿ ಭೋಸಲೆ  ಮೃಗಾಲಯದ ಹೆಸರು ಹಜರತ್ ಪೀರ್ ಬಾಬಾ ಎಂದು  ಮರುನಾಮಕರಣ?'],
" 1999 ರಲ್ಲೇ 'ಒಮಿಕ್ರೋನ್' ವಿಡಿಯೋ ಗೇಮ್ ರಚಿಸಿದ್ರಾ ಬಿಲ್ ಗೇಟ್ಸ್?""]",
 ಕೌಶಲ್ಯಾಭಿವೃದ್ಧಿ ಹೆಸರಿನಲ್ಲಿ ಸೃಷ್ಟಿಸಿರುವ ಈ ನಕಲಿ ಉದ್ಯೋಗಗಳ ಬಲೆಗೆ ಬೀಳದಿರಿ!'],
 ಹಳೇ ₹100 ಅಮಾನ್ಯ? ಸೋಷಿಯಲ್\u200c ಮೀಡಿಯಾ ಪೋಸ್ಟ್,
 ಪ್ರಧಾನಿ ನಿಜವಾಗ್ಲೂ IAS ಅಧಿಕಾರಿ ಆರತಿ ಡೋಗ್ರಾ ಕಾಲು ಮುಟ್ಟಿ ನಮಸ್ಕರಿಸಿದ್ರಾ?'],
 ವಾಯುಸೇನೆ ಹೆಲಿಕಾಪ್ಟರ್ ಪತನದ ಸ್ಯಾಟ್\u200cಲೈಟ್ ದೃಶ್ಯಾವಳಿ\u200c ವೈರಲ್?'],
 ಬಿಎಸ್ಎಫ್ ಯೋಧರೊಂದಿಗೆ ವಿಜಯ್ ದಿವಸ್ ಆಚರಿಸಿದ್ರಾ ಬಾಲಿವುಡ್\u200c ಬೆಡಗಿ?'],
 ಭಾರತದ ಕೋವಿಡ್ ಲಸಿಕೆ ದಾಖಲೆ,
 ಕಪ್ಪು ಮೈಬಣ್ಣಕ್ಕಾಗಿ ಗಿನ್ನೆಸ್ ವಿಶ್ವ ದಾಖಲೆ ಬರೆದ ಮಾಡೆಲ್ ?'],
 ಮುಸ್ಲಿಂ ಮಹಿಳೆಯರು ಮಸೀದಿಯಲ್ಲಿ ರಾಮ ಭಜನೆ ಹಾಡಿದ್ರಾ? ಮತ್ತೆ ವೈರಲ್\u200c ಆಯ್ತು ಹಳೆ ವಿಡಿಯೋ!'],
['Fact Check About ₹500 Note ಯಾವುದು ಅಸಲಿ ಯಾವುದು ನಕಲಿ?'],
 ಅಷ್ಟೆಲ್ಲ ಕಟ್ಟುನಿಟ್ಟಾದ್ರೂ ಫೋಟೋ ಲೀಕ್ ಆಯ್ತಾ!'],
 ವಿವೇಕಾನಂದರು ಕ್ರಿಕೆಟ್\u200c ಆಡಿದ್ದ ಫೋಟೋನಾ ಇದು.?'],
 ನೆಹರು ಪ್ರತಿಮೆಗೆ ನಮಿಸಿದ ಮೋದಿ!'],
 ಬಿಜೆಪಿ ಚಿಹ್ನೆಯ ಟಿ-ಶರ್ಟ್\u200c  ಧರಿಸಿದ್ದ ಬಾಲಕನ ಜೊತೆ ರಾಹುಲ್\u200c ಗಾಂಧಿ.?'],
 ರೈಲ್ವೆ,
 ಪಶ್ಚಿಮ ಬಂಗಾಳ,
 ದೇವಸ್ಥಾನಗಳಿಗೆ ಮಾತ್ರ ತೆರಿಗೆ?'],
"['ಬೈಕ್, ಟಿವಿ, ಫ್ರಿಡ್ಜ್ ಇದ್ದವರ BPL ಕಾರ್ಡ್\u200b ರದ್ದಾಗುತ್ತಾ? ಇಲ್ಲಿದೆ ಇದರ ಸತ್ಯಾಸತ್ಯತೆ']",
 ದಂಡ ವಸೂಲಿ ಮಾಡುವುದಿಲ್ಲ ಎಂಬ ಸುದ್ದಿ ಸುಳ್ಳು'],
 ಲಸಿಕೆ ಪಡೆದ ಬಳಿಕ ದೇಹದಲ್ಲಿ ಕಾಂತೀಯ ಶಕ್ತಿ.? ಉಡುಪಿಯಲ್ಲೊಬ್ಬ ಮ್ಯಾಗ್ನೆಟಿಕ್ ಮ್ಯಾನ್..!'],
" ಲಸಿಕೆ ಹಾಕಿಸಿಕೊಂಡವರ ದೇಹದಲ್ಲಿ ಮ್ಯಾಗ್ನೆಟಿಕ್ ಗುಣ, ನಿಜನಾ ಇದು..?']",
"['ಕೋವಿಶೀಲ್ಡ್  ಪಡೆದ ಬಳಿಕ ದೇಹದಲ್ಲಿ ವಿದ್ಯುತ್ ಸಂಚಾರ,  ಮಂಗಳೂರಿನ ಯುವಕರಿಂದ Fact Check']",
 ಫಾರಂ ಕೋಳಿಯಿಂದ ಮನುಷ್ಯನಿಗೆ ಬ್ಲಾಕ್ ಫಂಗಸ್ ವರದಿ ಸುಳ್ಳು!'],
"['ಈ ಸಂದೇಶ ನಿಮಗೂ ಬರಬಹುದು ಎಚ್ಚರ, ಹೀಗ್ಮಾಡಿದ್ರೆ ಗ್ರೂಪಿಂದ ಔಟ್!']",
" 'ಕೊರೋನಾಗೆ ಬಲಿಯಾದವ್ರಿಗೆ ಸರ್ಕಾರಿ ಪರಿಹಾರ ಇಲ್ಲ'""]",
" ‘ಕೋವಿಪ್ರಿ’ಗೆ ರೆಮ್\u200cಡಿಸಿವಿರ್\u200cಗೆ ಪರ್ಯಾಯ, ಸುರಕ್ಷಿತವೇ.?']",
['12 ವರ್ಷ ಮೇಲಿನ ಮಕ್ಕಳಿಗೆ ಕೋವ್ಯಾಕ್ಸಿನ್ ಪಡೆಯಲು ಅನುಮತಿ? ಇದು ನಿಜಾನಾ?'],
['Fact Check| ಬಿಜೆಪಿ ಆಡಳಿತ ಮೂದಲಿಸುವ ಈ ಕಾರ್ಟೂನ್ ರಚಿಸಿದ್ದು ಯಾರು?'],
"ಮಾರ್ಚ್\u200cನಿಂದ ಸರ್ಕಾರ ಲಸಿಕೆ ಆರ್ಡರ್ ಮಾಡಿಲ್ಲ, ಮಾಧ್ಯಮ ಆರೋಪ ಸುಳ್ಳು!']",
 ಕುಂಭಮೇಳ ಯಶಸ್ಸಿಗೆ ಮೆಚ್ಚುಗೆ ಸೂಚಿಸಿ ಪತ್ರ ಬರೆದರಾ ಧೋವಲ್..?'],
 ಭಾರತದಿಂದ  ಆಕ್ಸಿಜನ್ ರಫ್ತು ಪ್ರಮಾಣ ಶೇ. 700 ರಷ್ಟು ಏರಿಕೆ ವರದಿ ಸುಳ್ಳು!'],
 ಭಾರತದಲ್ಲಿ ಲಾಕ್\u200cಡೌನ್ ಜಾರಿ ಸುದ್ದಿ ಸುಳ್ಳು!'],
['Fact Check, ಏ. 19ರವರೆಗೆ ಭಾರತದಲ್ಲಿ ಲಾಕ್\u200cಡೌನ್?']
" ಹೊಪ್\u200c ಶೂಟ್ಸ್\u200c ಬೆಳೆದ ಬಿಹಾರ ರೈತ, ಕೆಜಿಗೆ ಇದರ ಬೆಲೆ ಎಷ್ಟು ಗೊತ್ತಾ?']",
 ತಮಿಳುನಾಡು ರಾಹುಲ್ ಗಾಂಧಿ ರ್ಯಾಲಿಯಲ್ಲಿ ಜನಸಾಗರ!'],
['ಶಾಲಾ-ಕಾಲೇಜುಗಳಿಗೆ 15 ದಿನ ರಜೆನಾ? ಸುತ್ತೋಲೆ ಬಗ್ಗೆ ಶಿಕ್ಷಣ ಇಲಾಖೆ ಸ್ಪಷ್ಟನೆ'],
 ಮಿಯಾ ಖಲೀಫಾಗೆ ಕಾಂಗ್ರೆಸ್ ಕಾರ್ಯಕರ್ತರು ಕೇಕ್\u200c ತಿನ್ಸಿದ್ರಾ?'],
 ರೈತ ಹೋರಾಟಕ್ಕೆ ಬೆಂಬಲಿಸಿದ್ದ ಪಾಪ್\u200c ಸಿಂಗರ್\u200c ರಿಹಾನಾ ಪಾಕ್ ಧ್ವಜ ಹಿಡಿದ್ರಾ.?'],
" ಅಲಲೇ... ಇದು ಓಡುವ ರೈಲಲ್ಲ, ಹಾರುವ ರೈಲು..!']",
"['ಕೆಂಪುಕೋಟೆ ಮೇಲೆ ಖಲಿಸ್ತಾನದ ಧ್ವಜ ಹಾರಿತಾ? ರೈತ ಪ್ರತಿಭಟನೆಯಲ್ಲಿ  ಸತ್ಯವೆಷ್ಟು, ಸುಳ್ಳೆಷ್ಟು.?']",
" ಓವೈಸಿಗೆ ಅಮಿತ್\u200c ಶಾ ಕೃತಜ್ಞತೆ ಸಲ್ಲಿಸಿದ್ರಂತೆ, ಯಾಕಾಗಿ..?']",
 ಫಾರ್ಮಾಸಿಸ್ಟ್\u200cಗಳೂ ಕ್ಲಿನಿಕ್\u200c ತೆರೆಯಬಹುದಂತೆ...ಹೌದಾ..?'],
 ಹೊಸ ವರ್ಷದಂದು ಮಸೀದಿಗೆ ತೆರಳಿ  ನಮಾಜ್ ಮಾಡಿದ್ರಾ ಕೇಜ್ರಿವಾಲ್.?'],
 ಕೇರಳದಲ್ಲಿ ಜಿಯೋ ಸೇವೆಯನ್ನು ನಿಷೇಧಿಸಲಾಗಿದೆಯಂತೆ!'],
 ಅದಾನಿ ಗ್ರೂಪ್\u200cಗೆ ರೈಲ್ವೆ ಮಾರಾಟ!'],
" ಬಂಗಾಳಕ್ಕೆ  ಶಾ ಭೇಟಿ, ಸೋಲುವ ಭೀತಿಯಲ್ಲಿ  ಕಣ್ಣೀರಿಟ್ರಾ ಮಮತಾ ಬ್ಯಾನರ್ಜಿ?']",
 ಫೈಝರ್\u200c ಲಸಿಕೆ ಪಡೆದ ನರ್ಸ್\u200c ಸಾವನ್ನಪ್ಪಿ ಬಿಟ್ರಾ..?'],
 ಮೋದಿ ಸೋದರರೆಲ್ಲಾ ದೊಡ್ಡ ದೊಡ್ಡ ಹುದ್ದೆಯಲ್ಲಿದ್ದಾರಾ?'],
 ಅದಾನಿ ಪತ್ನಿಗೆ ತಲೆಬಾಗಿದ್ರಾ ಮೋದಿ?'],
 ಭಾರತೀಯ ರೈಲ್ವೇ ಅದಾನಿಗೆ ಮಾರಿದ ಮೋದಿ,
 ದೆಹಲಿ ರೈತ ಚಳವಳಿಯಲ್ಲಿ ಖಲಿಸ್ತಾನ ಪರ ಘೋಷಣೆ ಕೂಗಿದ್ದು ನಿಜನಾ?'],
 ರೈಲ್ವೆ ಉದ್ಯೋಗಿಗಳ ಪ್ರಯಾಣ ಭತ್ಯೆ ಕಡಿತ ಮಾಡಲಿದೆಯಾ ಸರ್ಕಾರ?'],
 ಶಹೀನ್\u200c ಭಾಗ್\u200c ದಾದಿ ಈಗ ಪಂಜಾಬಿ ರೈತಳಾಗಿ ಪ್ರತಿಭಟನೆಯಲ್ಲಿ ಭಾಗಿ?'],
 18 ವರ್ಷ ಮೇಲ್ಪಟ್ಟ ದೇಶದ ಪ್ರತಿಯೊಬ್ಬ ಪ್ರಜೆಗೂ 1.30 ಲಕ್ಷ ರು. ಬಿಡುಗಡೆ?'],
['ಮುಖೇಶ್\u200c ಅಂಬಾನಿ ಸೊಸೆಗೆ ಚಿನ್ನದ ಕಾರು ಕೊಟ್ಟಿದ್ದು  ನಿಜವೇ?'],
ಕೇರಳದ ಮಹಿಳಾ ಪೊಲೀಸ್\u200c ಸಿಬ್ಬಂದಿ ಬುರ್ಕಾ ಹಾಕಿಕೊಂಡಿರುವುದು ಹೌದಾ?'],
 ಭಾರತದಲ್ಲಿ ಕೊರೊನಾ ಲಸಿಕೆ ಇಲ್ಲಿ ಸಿಗುತ್ತದೆ?'],
 ಜೆಎನ್\u200cಯುದಲ್ಲಿ ಮುಸ್ಲಿಮರಿಗೆ ಫ್ರೀ ಹಾಸ್ಟೆಲ್\u200c?'],
 ಸುಳ್ಳು ಯಾಕ್ರೀ ಹೇಳ್ತೀರಾ? ಭಾರತೀಯ ಸೇನೆಯ ಉತ್ತರ!'],
 ಆರ್\u200cಜೆಡಿ ಕಚೇರಿಯಲ್ಲಿ ಸಿಹಿ ತಿನಿಸು ಕಸದ ಬುಟ್ಟಿಗೆ?'],
['ಬೈಡೆನ್\u200c ಪ್ರಮಾಣ ಕಾರ\u200d್ಯಕ್ರಮಕ್ಕೆ ಮನಮೋಹನ್ ಸಿಂಗ್ ಮುಖ್ಯ ಅತಿಥಿ?'],
 ಡೆನ್ಮಾರ್ಕಲ್ಲಿ ಮುಸ್ಲಿಮರಿಗೆ ಮತದಾನ ಮಾಡಲು ನಿಷೇಧ?'],
 ಕೊರೋನಾ ಸೋಂಕಿತರು ಐಸೋಲೇಶನ್\u200cಗೆ ಒಳಪಡುವ ಅಗತ್ಯವಿಲ್ಲ ಎಂದಿತಾ WHO?'],
 ತೇಜಸ್ವಿ ಯಾದವ್\u200cಗೆ ಜಗತ್ತಿನ ಅತಿ ಕಿರಿಯ ರಾಜಕಾರಣಿ ಪ್ರಶಸ್ತಿ?'],
 ರಾಮಮಂದಿರ ಕೆಲಸ ಅರ್ಧ ಮುಗಿಯಿತಾ?'],
 ಪ್ಯಾಂಗಾಂಗ್ ಸರೋವರ ಬಳಿ 2 ಸ್ಥಾನ ಆಕ್ರಮಿಸಿಕೊಂಡಿತಾ ಚೀನಾ?'],
 ಬಿಹಾರದಲ್ಲಿ ಪ್ರಚಾರದ ವೇಳೆ ಗೋ ಬ್ಯಾಕ್\u200c ಮೋದಿ ಘೋಷಣೆ!'],
 ತೆಲುಗು ಅಮೆರಿಕದ ಅಧಿಕೃತ ಭಾಷೆ!'],
 ಇಮ್ರಾನ್\u200c ಖಾನ್\u200c ಸರ್ಕಾರ ವಿರುದ್ಧ ನಡೆದ ರ್ಯಾಲಿಯಲ್ಲಿ ಭಾರತದ ರಾಷ್ಟ್ರಧ್ವಜ?'],
 ನೀಟ್\u200c ಪರೀಕ್ಷೆಯ ಮೊದಲ ಐದೂ ಸ್ಥಾನಗಳು ಮುಸ್ಲಿಮರಿಗೆ?'],
 ರಾಹುಲ್\u200c 7ನೇ ವಿದ್ಯಾವಂತ ನಾಯಕನಾ?'],
 ಅತ್ಯಾಚಾರ ನಮ್ಮ ಸಂಸ್ಕೃತಿಯ ಅಂಗ ಅಂದ್ರಾ ಬಿಜೆಪಿ ಸಂಸದೆ?'],
['ತನಿಷ್ಕ ಆಭರಣದ ಅಂಗಡಿ ಮೇಲೆ ದಾಳಿ, NDTV ಜಾತಕ ಬಿಚ್ಚಿಟ್ಟ ನೆಟ್ಟಿಗರು!']
"  ಸಾಲ ಮಾಡಿ ತೆಗೆದುಕೊಂಡಿದ್ದ ರಿಕ್ಷಾ ಅಧಿಕಾರಿಗಳ ವಶ, ಬಡವರಿಗಿದು ಕಾಲವಲ್ಲ!']",
" ಕೊರೊನಾಗೆ ಬೇರೆ ಔಷಧಿ ಇಲ್ಲ, ಬಿಸಿ ಹಬೆಯೇ ಚೀನಾದಲ್ಲಿ ಕೋವಿಡ್\u200c ಮದ್ದು?']",
" ರಾಜಸ್ಥಾನದಲ್ಲಿ ಸರ್ಕಾರಿ ಕಚೇರಿ, ಆಸ್ಪತ್ರೆಗಳಲ್ಲಿ ಅಂಬೇಡ್ಕರ್\u200c ಫೋಟೋ ಕಡ್ಡಾಯ?']",
 ಹತ್ರಾಸ್ ಅತ್ಯಾಚಾರ,
 ಹತ್ರಾಸ್ ಆರೋಪಿ ತಂದೆ ಜತೆ ಮೋದಿ ಕಾಣಿಸಿಕೊಂಡ್ರಾ?'],
 ಎನ್\u200cಆರ್\u200cಸಿಗೆ ಸಹಿ ಹಾಕುವವರೆಗೂ  ಎಟಿಎಂ ಶಟ್\u200cಡೌನ್\u200c?'],
 ದೇಶವನ್ನೇ ಬೆಚ್ಚಿ ಬೀಳಿಸಿರುವ ಹತ್ರಾಸ್ ಅತ್ಯಾಚಾರ ಸಂತ್ರಸ್ತೆ ಈಕೆನಾ?'],
 ವಿದ್ಯಾರ್ಥಿಗಳಿಗೆ ಸುವರ್ಣಾವಕಾಶ! ಉನ್ನತ ವ್ಯಾಸಂಗಕ್ಕೆ .1 ಲಕ್ಷ ಸ್ಕಾಲರ್ಶಿಪ್?'],
 ಅಬ್ಬಬ್ಬಾ...! ಎಸ್\u200cಪಿಬಿ ಆಸ್ಪತ್ರೆ ಬಿಲ್\u200c 3 ಕೋಟಿ ಆಯ್ತಾ?'],
 ಭವ್ಯ ರಾಮಮಂದಿರಕ್ಕೆ  ಸ್ಪೆಷಲ್\u200c ಗಂಟೆ ಸಿದ್ಧ!'],
 ಭೂಗತ ಪಾತಕಿ ದಾವುದ್\u200c ಜತೆ ಅಮಿತಾಭ್\u200c ಕಾಣಿಸಿಕೊಂಡಿದ್ದು ನಿಜನಾ?'],
  ಗುಡ್ ನ್ಯೂಸ್!  ಅ.1ರಿಂದ ಸಿನಿಮಾ ಥಿಯೇಟರ್\u200cಗಳು ಓಪನ್\u200c?'],
 ಲಡಾಖ್\u200c ಬಳಿ ಭಾರತದ ಯುದ್ಧ ವಿಮಾನ ಪತನಗೊಂಡಿತೆ?'],
['Fact Check| ಸೆ.25ರಿಂದ ಮತ್ತೆ ದೇಶಾದ್ಯಂತ ಲಾಕ್ಡೌನ್\u200c!'],
['ಇನ್ಫೋಸಿಸ್ ಅಧ್ಯಕ್ಷೆ ಸುಧಾ ಮೂರ್ತಿ ತರಕಾರಿ ಮಾರುವ ಫೋಟೋ ವೈರಲ್!'],
" ಹೊಸ ರಫೇಲ್\u200c ವಿಮಾನ ಪತನ, ಇಬ್ಬರು ಪೈಲಟ್ ಸಾವು?']",
 ಟಿಪ್ಪು ಜೀವನಾಧಾರಿತ ಸಿನಿಮಾಕ್ಕೆ ಶಾರುಕ್\u200c ಹೀರೋ ಆಗ್ತಿದ್ದಾರಾ?'],
['ಕಂಗನಾಗೆ ಹೊಸ ಸ್ಟುಡಿಯೋ ಕಟ್ಟೋಕೆ 200 ಕೋಟಿ ಕೊಟ್ರಾ ಅಂಬಾನಿ ದಂಪತಿ..?'],
" ಟಾಟಾದಿಂದ ಓಲಾ, ಊಬರ್\u200cಗೆ ಸಡ್ಡು! ಟ್ಯಾಕ್ಸಿ ಸೇವೆ ಆರಂಭ?']",
 ಗಡಿ ನಿಯಂತ್ರಣ ರೇಖೆ ಬಳಿ ಭಾರತ-ಚೀನಾ ಯುದ್ಧ?'],
 ರೈಲ್ವೆ ಇಲಾಖೆ ಪೂರ್ತಿ ಖಾಸಗೀಕರಣವಾಗುತ್ತಿದೆಯಾ?'],
 ಭಾರತಕ್ಕಿಂತ ಹೆಚ್ಚು ಅಮೆರಿಕದಲ್ಲಿ ಜಿಡಿಪಿ ಕುಸಿತವಾಯ್ತಾ?'],
 ಸೆ.1 ರಿಂದ ವಿದ್ಯುತ್\u200c ದರ ಪಾವತಿ ಮಾಡಬೇಕಾಗಿಲ್ಲ?'],
 ಆನ್\u200cಲೈನ್\u200c ಕ್ಲಾಸ್\u200cಗಾಗಿ  ವಿದ್ಯಾರ್ಥಿಗಳಿಗೆ ಫ್ರೀ ಸ್ಮಾರ್ಟ್\u200cಫೋನ್\u200c?'],
 ಗೋಡ್ಸೆ ಫೋಟೋಗೆ ನಮಿಸಿದ್ರಾ ಮೋದಿ?'],
 ಸೆಕ್ಸಿಯಾಗಿದ್ದಕ್ಕೆ ಕೆಲಸ ಕಳೆದುಕೊಂಡ್ಲಾ ಪಾಕ್ ಟೀಚರ್?'],
 ಫೇಸ್ಬುಕ್ಕಲ್ಲಿ ದಿನಾ 200 ಕೋಟಿ ಜೈಶ್ರೀರಾಮ್\u200c ಜಪ?'],
 ಕೊರೋನಾ ವೇಳೆ ಬಾತುಕೋಳಿಗಳ ಜೊತೆ ಮೋದಿ ಫೋಟೋಶೂಟ್\u200c?'],
['Fact Check| ಕುಸಿದು ಬಿದ್ದ ಬೆಂಗಳೂರು ಫ್ಲೈಓವರ್\u200c!'],
" ಪ್ಲಾಸ್ಟಿಕ್\u200c ಮೊಟ್ಟೆ, ಪ್ಲಾಸ್ಟಿಕ್\u200c ಅಕ್ಕಿ ಆಯ್ತು, ಮಾರುಕಟ್ಟೆಗೆ ಬಂದಿದೆ ನಕಲಿ ಗೋಡಂಬಿ!']",
 ಧ್ಯೇಯವಾಕ್ಯ ಬದಲಿಸಿದ ಸುಪ್ರೀಂಕೋರ್ಟ್?'],
 ನೆಹರುಗೆ ತಲೆಬಾಗಿ ನಮಿಸಿದ್ರಾ ಮೋದಿ?'],
['Fact Check| ಪಾಕ್\u200cಗೆ ರಷ್ಯಾ ಕೋವಿಡ್\u200c ಲಸಿಕೆ ಗಿಫ್ಟ್\u200c!'],
['Fact Check| 27 ವರ್ಷ ಬಳಿಕ ಶಿಕ್ಷಕಿ ಭೇಟಿ ಆದ ಪಿಚೈ!'],
 ಅಬ್ಬಬ್ಬಾ...! ರೋಬೋಟ್\u200c ಬಾಡಿಗಾರ್ಡ್\u200cಗೆ 55 ಕೋಟಿ!'],
 ಭಗತ್\u200c ಸಿಂಗ್\u200cರನ್ನು ನಡುರಸ್ತೆಯಲ್ಲಿ ಕಟ್ಟಿ ಹೊಡೆದರಾ ಪೊಲೀಸ್ ಅಧಿಕಾರಿ?'],
 ಮಹಾರಾಷ್ಟ್ರದಲ್ಲಿದೆ ಬೋಟ್\u200c ಆ್ಯಂಬುಲೆನ್ಸ್\u200c!'],
 ಶಿಕ್ಷಕರ ಕಾರಿಗೂ ಬಂತು ಲೋಗೋ!'],
 ಫೇಸ್ಬುಕ್ಕಲ್ಲಿ ಕೇಸರಿ ಧ್ವಜ ಇಮೋಜಿ!'],
 ಮೋದಿಯ ಐಷಾರಾಮಿ ವಿಮಾನವಿದು!'],
 ಇದು ಅದ್ಧೂರಿ ಅಯೋಧ್ಯೆಯ ದೃಶ್ಯವೆ?'],
" ಪ್ರಿಯಾಂಕಾ, ವಾದ್ರಾ ಮದ್ವೆ ಮಾಡಿದ್ದು ಮೌಲ್ವಿ?']",
 ಜಿಯೋದಿಂದ 349 ರು. ಫ್ರೀ ರೀಚಾರ್ಜ್..?'],
['ಮಗಳ ಆನ್\u200cಲೈನ್\u200c ಶಿಕ್ಷಣಕ್ಕಾಗಿ ರೈತ ಹಸು ಮಾರಿದ್ದು ಸುಳ್ಳು!'],
 ಕೊರೋನಾ ನಿರ್ವಹಣೆಗಾಗಿ ಕೇಂದ್ರದಿಂದ ಪಾಲಿಕೆಗೆ 1.5 ಲಕ್ಷ!'],
 ಭಾರತದಲ್ಲಿ ಕೆಸರು ಗದ್ದೆಯೇ ಶಾಲೆ!'],
['Fact Check| 140ರಿಂದ ಆರಂಭವಾಗುವ ಕರೆ ಸ್ವೀಕರಿಸಬೇಡಿ!'],
" ‘ಇದು ಬೆಂಗಳೂರಿನ ಆಸ್ಪತ್ರೆಯ ಸ್ಥಿತಿ, ಯಾರೂ ಮನೆಯಿಂದ ಹೊರಹೋಗಬೇಡಿ’']",
 ಬಿಜೆಪಿ ಸೇರಿದ್ರಾ ಸಚಿನ್\u200c ಪೈಲಟ್\u200c.?'],
" ‘ಮುಸ್ಲಿಂ ಟೋಪಿ’ ಧರಿಸಿದ್ರಾ ಮೋದಿ, ಶಾ!']",
" ಮೂರು ಕಣ್ಣಿನ ಮಗು ಜನನ, ಸ್ವಾಮೀಜಿಯ ಕಾಲಜ್ಞಾನ ನಿಜವಾಯ್ತಾ?']",
 ಗ್ಯಾಂಗ್\u200cಸ್ಟರ್\u200c ದುಬೆ ಜೊತೆ ಸಂಬಿತ್ ಪಾತ್ರ ಡ್ಯಾನ್ಸ್\u200c!'],
['Fact Check| ವಿಶ್ವ ಆರೋಗ್ಯ ಸಂಸ್ಥೆ ಒಪ್ಪಿದ ಮನೆಮದ್ದು!'],
 ರಾಹುಲ್ ಕ್ಷೇತ್ರ ವಯನಾಡಿನ ಅವ್ಯವಸ್ಥೆಯಿದು.!'],
 ಕೊರೋನಾ ಸೋಂಕಿತರ ಹೆಣವನ್ನು ಗಂಗಾ ನದಿಯಲ್ಲಿ ತೇಲಿ ಬಿಡಲಾಗುತ್ತಿದೆಯಾ?'],
 ದೇವರ ವಿಗ್ರಹದ ಮೇಲೆ ಕಾಲಿಟ್ಟ ಮುಸ್ಲಿಂ ಯುವಕ?'],
['Fact Check| ಭೀಮನ ಮಗ ಘಟೋತ್ಕಜನ ಅಸ್ಥಿ!'],
" ಬಳಕೆದಾರರೇ ಗಮನಿಸಿ, ರಾತ್ರಿ 11.30 ರಿಂದ ವಾಟ್ಸ್\u200cಆ್ಯಪ್\u200c ಆಫ್\u200c!']",
 ಭಾರತೀಯ 7 ಯೋಧರನ್ನು ಹತ್ಯೆಗೈತಾ ನೇಪಾಳ.?'],
 ‘ಸೈಕಲ್\u200c ಹುಡುಗಿ’ ಜ್ಯೋತಿ ಮೇಲೆ ಅತ್ಯಾಚಾರವೆಸಗಿ ಕೊಲೆ ಮಾಡಲಾಯ್ತಾ?'],
 ಸುಳ್ಳು ಸುದ್ದಿಯಿಂದ ಪೋಷಕರು ಬೇಸ್ತು'],
  ಲಾಕ್\u200cಡೌನ್ ಸಂಕಷ್ಟಕ್ಕೊಳಗಾದ ಪ್ರತಿಯೊಬ್ಬರಿಗೂ 2 ಸಾವಿರ ಪರಿಹಾರ ಧನ?'],
 ಚೀನಾ ವಿರುದ್ಧ ಜಪಾನ್\u200c ಕ್ಷಿಪಣಿ ನಿಯೋಜನೆ ಮಾಡಿತಾ?'],
 ಅಯ್ಯಯ್ಯೋ... ಅಡ್ವೈಸರ್\u200c ಬಿಯರ್\u200cನಲ್ಲಿ ಮೂತ್ರ!'],
['Fact Check| ಕೊರೋನಾ ರೋಗಿಗಳಿಗೆ ಆಸ್ಪತ್ರೇಲಿ ಜಾಗವಿಲ್ಲ!'],
 ಭಾರತದ ಯೋಧರಿಗೆ ಚೀನಾ ಮತ್ತೆ ಹಿಂಸೆ ನೀಡಿತಾ?'],
 ಕೊರೋನಾಗೆ ರೆಡಿಯಾಗಿದೆ ಕಷಾಯ, ಕುಡಿದ್ರೆ ವೈರಸ್\u200c ಮಂಗಮಾಯ']
 ಭಾರತದಲ್ಲಿ ಚೀನಾ ಬ್ಯಾಂಕ್\u200c ತೆರೆಯಲು ಅನುಮತಿ ನೀಡಿತಾ ಆರ್\u200cಬಿಐ?'],
 ಶಾ ಬೆಂಗಾವಲು ವಾಹನದ ಮೇಲೆ ದಾಳಿ?'],
 ಯಚೂರಿ!'],
 ಕ್ಸಿ ಎದುರು ತಲೆಬಾಗಿದ್ರಾ ಮೋದಿ?'],
 ಚೀನಾ ಆ್ಯಪ್\u200cಗಳಿಗೆ ಗೇಟ್\u200cಪಾಸ್\u200c?'],
 ನೀಟ್\u200c ಪರೀಕ್ಷೆ ಮುಂದೂಡಲಾಯ್ತೆ?'],
['Fact check,  ಚೀನಿ ಆಪ್\u200cಗಳಿಗೆ ಕೊನೆ ಮೊಳೆ ಹೊಡೆದ ಭಾರತ!']
 ಲಡಾಖ್\u200cನಲ್ಲಿ ಹುತಾತ್ಮರಾಗಿದ್ದು 57 ಜನ?'],
 ಸೋನಿಯಾ ಕಾಲಿಗೆರಗಿದ ಸಿಂಗ್\u200c'],
 ನಟ ಸುಶಾಂತ್ ಸಿಂಗ್ ರಜಪೂತ್\u200c ಅವ್ರನ್ನು ಕ್ರಿಕೆಟರ್ ಎಂದ್ರಾ ರಾಹುಲ್ ಗಾಂಧಿ..?'],
 ಕಾಫಿ ಕುಡಿದರೆ ಕೊರೋನಾ ಬರಲ್ವಂತೆ..!'],
" ಇನ್ಮುಂದೆ ಇಂಡಿಯಾ ಎನ್ನುವಂತಿಲ್ಲ, ಭಾರತವೆಂದೇ ಕರೆಯಬೇಕು..!']",
 ಜೂ.15 ರಿಂದ ಮತ್ತೆ ಕಂಪ್ಲೀಟ್\u200c ಲಾಕ್ಡೌನ್\u200c?'],
 ಚೀನಾದಿಂದ ಮಾನವ ಮಾಂಸ ರಫ್ತು?'],
"['Fact Check| ನಿಂಬೆರಸ, ಸೋಡಾದಿಂದ ಕೊರೋನಾ ಖತಂ!']",
 ಬಾಲಕಿಯ ನಾಲಿಗೆಗೆ ಕತ್ತರಿ ಹಾಕಿದ್ರಾ ಬ್ರಾಹ್ಮಣರು?'],
" ಕೊರೋನಾ ವೈರಸ್ಸಲ್ಲ, ಬ್ಯಾಕ್ಟೀರಿಯಾ?']",
 ಗರ್ಭಿಣಿ ಆನೆ ಹತ್ಯೆಗೆ ಕೋಮು ಬಣ್ಣ?'],
 ರಾಜಕುಮಾರಿ ಇಂದುಮತಿ ಮದುವೆಯಾದ ಛೋಟಾ ಭೀಮ್ !'],
ಕೊರೋನಾ ಮೂಲ ಚೀನಾ ಲ್ಯಾಬ್\u200c?'],
 50-60 ದಿನ ಸ್ಯಾನಿಟೈಸರ್\u200c ಬಳಸಿದ್ರೆ ಕ್ಯಾನ್ಸರ್\u200c!'],
 ಭಾರತೀಯ ಸೇನೆಯ 158 ಯೋಧರನ್ನು ಹತ್ಯೆಗೈತಾ ಚೀನಾ?'],
 ಉತ್ತರಾಖಂಡದಲ್ಲಿ ಕಾಳ್ಗಿಚ್ಚಿಗೆ ನೂರಾರು ಮರಗಳು ಬಲಿ?'],
" ಜಯಾ ಪಕ್ಕ ನಿರ್ಮಲಾ ಸೀತಾರಾಮನ್, ಹಳೆ ಪೋಟೋದ ಹೊಸ ಕತೆ!']",
 ಭಾರತ ಸೇನೆಯ 75 ಯೋಧರನ್ನು ಕೊಂದು ಹಾಕಿತಾ ಚೀನಾ?'],
 ‘ಸಮ-ಬೆಸ’ ಸ್ಕೀಮ್\u200cನಲ್ಲಿ ಶಾಲೆ ತೆರೆಯಲು ರಾಹುಲ್ ಗಾಂಧಿ ಸಲಹೆ?'],
 ಮೋದಿ ವಿಶ್ವ ಆರೋಗ್ಯ ಸಂಸ್ಥೆ ಚೇರ್\u200cಮನ್?'],
 ದೇಶದ ಪ್ರತಿ ನಾಗರಿಕನಿಗೂ ಲಾಕ್\u200cಡೌನ್\u200c ಪರಿಹಾರ ನಿಧಿಯಾಗಿ 5000 ರೂ?'],
 ಚೌಕಿದಾರ್\u200c ಚೋರ್\u200c ಎಂದು ಮೋದಿಗೆ ಸ್ವಾಗತ!'],
['Fact Check| ಡೊನಾಲ್ಡ್\u200c ಟ್ರಂಪ್\u200cಗೆ ಕೊರೋನಾ ಸೋಂಕು!'],
['Fact Check| ಡಾ. ದೇವಿ ಶೆಟ್ಟಿ ನೀಡಿದ 22 ಸಲಹೆಗಳು!'],
  ಬಂಗಾಳಕ್ಕೆ ವಲಸೆ ಕಾರ್ಮಿಕರನ್ನು ಹೊತ್ತೊಯ್ಯುತ್ತಿರುವ  ಶ್ರಮಿಕ್\u200c ರೈಲು!'],
" ಟ್ರಂಪ್, ಜಾಗತಿಕ ಉಗ್ರ ಬಿನ್ ಲಾಡೆನ್ ಕೈಕುಲುಕಿದ್ದರೆ?']",
 ಕಾರ್ಮಿಕರಿಗೆ ಕೇಂದ್ರದಿಂದ 1.20 ಲಕ್ಷ ರೂ ಪ್ಯಾಕೇಜ್ ಕೊಡುತ್ತಿದೆಯಾ?'],
 5 ಹಂತದಲ್ಲಿ ಲಾಕ್ಡೌನ್\u200c ಸಡಿಲಿಕೆಗೆ ಮುಂದಾಗಿದ್ಯಾ ಕೇಂದ್ರ ಸರ್ಕಾರ?'],
['Fact Check| ಕೊರೋನಾ ನಿಗ್ರಹಕ್ಕೆ ಐಎಂಸಿಆರ್\u200c ಸಲಹೆ!'],
 ಸಸ್ಯಾಹಾರಿಗಳಿಂದ ಕೊರೋನಾ ದೂರವಾಗುತ್ತಾ?'],
 ಏರ್\u200c ಇಂಡಿಯಾದಲ್ಲಿ 3 ಪಟ್ಟು ಹಣ ವಸೂಲಿ ಮಾಡಲಾಯ್ತಾ?'],
 ವರ್ಕ್ ಫ್ರಂ ಹೋಂ ಮಾಡುವವರ ಸ್ಮಾರ್ಟ್\u200c \u200cಫೋನ್\u200cಗಳಿಗೆ ಫ್ರೀ ಇಂಟರ್\u200cನೆಟ್\u200c?'],
" ಲಾಕ್\u200cಡೌನ್ ಸಡಿಲಿಕೆ, ಹುಷಾರಾಗಿರಿ, ಕ್ರೈಮ್\u200c ಹೆಚ್ಚಳವಾಗುತ್ತದೆ!']",
 ಇ-ಪೇಪರ್\u200c ಪಿಡಿಎಫ್\u200c ಫಾರ್ವರ್ಡ್\u200c ಅಪರಾಧವೇ?'],
['Fact Check| ತಬ್ಲೀಘಿ ಕಾಟದಿಂದ ನರ್ಸ್\u200cಗಳ ರಾಜೀನಾಮೆ!'],
" 'ಟಿಪ್ಪು' ಸಿನಿಮಾದಲ್ಲಿ ಶಾರುಖ್\u200c ಅಭಿನಯಿಸ್ತಿದಾರಾ?""]",
  ಗೋಧಿ ಪ್ಯಾಕೇಟ್\u200cನಲ್ಲಿ 15 ಸಾವಿರ ಇಟ್ಟು ಹಂಚಿದ ಅಮೀರ್\u200c ಖಾನ್!'],
 ಲಾಕ್\u200cಡೌನ್ ಸಂಕಷ್ಟದಲ್ಲಿರುವ ಬಡವರಿಗೆ ಕೇಂದ್ರದಿಂದ 50 ಸಾವಿರ ರೂ?'],
 ನಿರಾಶ್ರಿತರ ಊಟಕ್ಕೆ ಉಗುಳಿದ್ದು ನಿಜನಾ?'],
['Fact Check| ಕಾತ್ಯಾಯಿನಿ ಮಂತ್ರ ಪಠಿಸಿದ ಮೋದಿ!'],
 ಕೋವಿಡ್\u200c ಮೃತರ ಬಟ್ಟೆಆಫ್ರಿಕಾಗೆ ಸಾಗಿಸುತ್ತಿದೆಯಾ ಚೀನಾ?'],
 ರಾಷ್ಟ್ರಗೀತೆ ಹೇಳಿ ಭಾರತಕ್ಕೆ ಧನ್ಯವಾದ ಹೇಳಿದ ಅಮೆರಿಕಾ!'],
 ಇಮಾಮ್\u200c ಪಾದ ತೊಳೆಯುವಂತೆ ಶಾಸಕನ ದರ್ಪ!'],
 ತಳ್ಳುಗಾಡಿಯ ಮೇಲೆ ಹಣ್ಣು ಮಾರುವವ  ಮೂತ್ರ ಸುರಿದಿದ್ದು ನಿಜಾನಾ?'],
 ಎಚ್\u200cಸಿಕ್ಯೂ ಮಾತ್ರೆ ನೀಡಿದ್ದಕ್ಕೆ ಸ್ವಿಸ್\u200c ಗೌರವ?'],
 ಬ್ರೆಡ್\u200c ಮೇಲೆ ಎಂಜಲು ಹಚ್ಚುತ್ತಾರಾ?'],
 ಕೇಸರಿ ದಬ್ಬಾಳಿಕೆ ನಡೆಯುತ್ತಿದೆಯೇ?'],
" ಕೆಲಸವೂ ಇಲ್ಲ, ದುಡಿಮೆಯೂ ಇಲ್ಲ, ಹಸಿವಿನಿಂದ ದಂಪತಿ, ಮಗು ಆತ್ಮಹತ್ಯೆ']",
 ಬಿಹಾರದ ಪೌಲ್ಟ್ರಿ  ಫಾರಂಗಳಲ್ಲಿ ಕೊರೋನಾ!'],
 ಕೊರೋನಾ ಸೋಂಕಿತೆ ಮೇಲೆ ಅತ್ಯಾಚಾರ ನಡೆಯಿತಾ?'],
['Fact Check| ಮಾಧ್ಯಮಗಳ ಎಡವಟ್ಟಿಂದ ಮುಸ್ಲಿಂಗೆ ಥಳಿತ!'],
['Fact Check ಪಿನರಾಯಿ ಫೋಟೋ ಇರುವ ಅಂಚೆಚೀಟಿಯನ್ನು ಬಿಡುಗಡೆ ಮಾಡಿತಾ ಲಂಕಾ?'],
" ಕೊರೋನಾ ಮಾರಿಗೆ ಚೀನಾದಲ್ಲಿ ಬಲಿಯಾದವರ ಅಸಲಿ ಲೆಕ್ಕ , ಸಾವಿರದಲ್ಲಿಲ್ಲ!']",
 ಅ.15 ರ ವರೆಗೆ ಹೋಟೆಲ್\u200cಗಳು ಬಂದ್\u200c ಆಗುತ್ತಾ?'],
['Fact Check| ಹೊರಗೋದ್ರೆ ಒದೆ ಬೀಳುತ್ತೆ ಎಂದಿದ್ದ ರೇವಣ್ಣ ಮಾಂಸದಂಗಡಿಯಲ್ಲಿ ಪ್ರತ್ಯಕ್ಷ?'],
 ಅರ್ಥ ತಜ್ಞರನ್ನು ಟೀಕಿಸಿದ್ರಾ ಟಾಟಾ?'],
 ಮುಸ್ಲಿಮರ ದಾಳಿಯಿಂದ ವೈದ್ಯೆ ಸಾವು?'],
 ಜಾಗ್ರತೆ! ವಾಟ್ಸಾಪ್\u200c ಮೇಲೆ ಸರ್ಕಾರ ನಿಗಾ ಇಡುತ್ತಂತೆ!'],
 ಮೇ 4 ರ ವರೆಗೂ ಮುಂದುವರೆಯುತ್ತಾ ಲಾಕ್\u200cಡೌನ್\u200c?'],
['Fact Check| ಹಣ ಬೀದಿಗೆ ಎಸೆದ ಇಟಲಿ ಜನ!'],
 ಕರ್ನಾಟಕದಲ್ಲಿ 50 ದಿನ ರಜೆ ವಿಸ್ತರಣೆ ಸುದ್ದಿಯ ಸತ್ಯಾಸತ್ಯತೆ'],
" ಸನ್ನಿ ನಂ. 1,  ಕೊರೋನಾ ಔಷಧಿಗೆ  ಲಿಯೋನ್ 650 ಕೋಟಿ ಕೊಟ್ರಂತೆ!']",
 ಅಮಿತ್\u200c ಶಾಗೆ ಕೊರೋನಾ,
" 25 GB ಉಚಿತ ಡಾಟಾ ಆಫರ್, ಎಚ್ಚರಿಕೆ ನೀಡಿ ರಿಲಯನ್ಸ್ ಜಿಯೋ !']",
 ಕೊರೋನಾ ಹುಟ್ಟಿಗೆ ಇದೇ ಕಾರಣನಾ?'],
 ಜಿಯೋದಿಂದ 498 ಫ್ರೀ ರೀಚಾರ್ಜ್ ಆಫರ್?'],
 ಕೊರೋನಾಗೆ ತತ್ತರಿಸಿದ ಇಟಲಿಯಲ್ಲಿ ರಸ್ತೆ ಬದಿಯಲ್ಲೇ ಐಸಿಯು!'],
 ಕೊರೋನಾ ವೈರಸ್\u200c ಜೀವಿ\u200bತಾ\u200bವಧಿ 12 ಗಂಟೆ ನಿಜ\u200bವೇ?'],
  ಬಾವಿ ಮುಚ್ಚಿದ ಜನ!'],
 ಮಾಂಸ\u200bದಂಗಡಿ ಮುಚ್ಚಲು ಕರೆ ಕೊಟ್ಟಸಚಿನ್\u200c ತೆಂಡು\u200bಲ್ಕ\u200bರ್\u200c!'],
['Fact Check| ಜನ\u200bರಿಗೆ ಉಚಿ\u200bತ\u200b ಮಾಸ್ಕ್\u200c ನೀಡಲು ಮೋದಿ ನಿರ್ಧಾ\u200bರ!'],
 ತಮ್ಮ ಹೋಟೆಲ್\u200cಗಳನ್ನು ಆಸ್ಪತ್ರೆಗಳನ್ನಾಗಿ ಪರಿವರ್ತಿಸಿದ ಕ್ರಿಸ್ಟಿಯಾನೋ ರೊನಾಲ್ಡೋ..!'],
['Fact Check| ಶಾಹೀನ್\u200c ಬಾಗ್\u200c ಪ್ರತಿ\u200bಭ\u200bಟನಾ ಸ್ಥಳ\u200bದಲ್ಲಿ ಅನೈ\u200bತಿಕ ಚಟು\u200bವ\u200bಟಿ\u200bಕೆ!'],
"['Fact Check| ಕೊರೋನಾ ವಿರುದ್ಧ ಲಸಿಕೆ ಕಂಡು\u200bಹಿ\u200bಡಿದ ಇಸ್ರೇಲ್\u200c, ಅಮೆರಿ\u200bಕ!']",
 ಎನ್\u200cಪಿಆರ್\u200c ಮಾಹಿ\u200bತಿ ಕೊಡ\u200bದಿದ್ರೆ ಬ್ಯಾಂಕ್\u200c ಅಕೌಂಟ್\u200c ಬ್ಲಾಕ್?'],
 ಐಸ್\u200cಕ್ರೀಮ್\u200c\u200bನಿಂದ ದೂರ ಇರಿ ಎಂದು ಯುನಿ\u200bಸೆಫ್\u200c ಹೇಳಿ\u200bದೆ\u200bಯೇ?'],
['Fact Check| ಅವ\u200bಮಾನ ತಾಳ\u200bಲಾ\u200bರದೆ ಆತ್ಮ\u200bಹತ್ಯೆ ಮಾಡಿ\u200bಕೊಂಡ ಕ್ವಾಡೆ\u200bನ್\u200c!'],
 ಜ್ಯೋತಿರಾಜ್ ಏಂಜೆಲ್ ಫಾಲ್ಸ್ ಹತ್ತಿದ್ದು ಹೌದಾ?'],
 ಚೀನಾ\u200bದಲ್ಲಿ ಸತ್ತ ಮನು\u200bಷ್ಯರನ್ನೇ ಕತ್ತ\u200bರಿಸಿ ಬೀಫ್ ಎಂದು ಮಾರಾ\u200bಟ!'],
 ಶಾಹೀನ್\u200c ಬಾಗ್\u200c ಪ್ರತಿ\u200bಭ\u200bಟ\u200bನಾ\u200bಗಾ\u200bರ್ತಿಗೆ ಕೊರೋ\u200bನಾ?'],
 ದೆಹಲಿ ಸಿಎಂ ಕೇಜ್ರಿ\u200bವಾ\u200bಲ್\u200cಗೆ ಆರ್\u200c\u200bಎ\u200bಸ್\u200c\u200bಎಸ್\u200c ಹಿನ್ನೆ\u200bಲೆ!'],
 ಆಪ್\u200cನಿಂದ ಮುಸ್ಲಿಮರಿಗೆ ಮಾತ್ರ ಪರಿಹಾರ!'],
 ಹಿಂದೂ\u200bಗ\u200bಳಿಗೆ ಮಕ್ಕ\u200bಳಾ\u200bಗ\u200bದಂತೆ ಬಿರಿ\u200bಯಾ\u200bನಿ\u200bಯಲ್ಲಿ ಮಾತ್ರೆ?'],
  3 ಮಕ್ಕ\u200bಳ\u200bನ್ನು ಅವುಚಿ ಕೂತ ಮಹಿಳೆ ಚಿತ್ರ ದೆಹ\u200bಲಿ\u200bಯ\u200bದ್ದಾ?'],
 ಹೋಳಿಗೆ ಚೀನಾ ಬಣ್ಣ ಬಳ\u200bಸ\u200bದಂತೆ ಪ್ರಕ\u200bಟ\u200bಣೆ!'],
 ಜಪಾನಿನಲ್ಲಿದೆ ಫಿಂಗರ್\u200c ಪ್ರಿಂಟ್\u200c ಶೇಪ್\u200cನ ಹಳ್ಳಿ!'],
 ಎದೆಹಾಲಿನ ಬಗ್ಗೆ ಸದ್ಗುರು ಜಗ್ಗಿ ನಗೆಪಾಟಲಿನ ಹೇಳಿಕೆ?'],
 ಟ್ರಂಪ್\u200c ಬರುತ್ತಾರೆಂದು ಬೀದಿನಾಯಿಗಳನ್ನೆಲ್ಲಾ ಕೊಂದರು!'],
 300 ವರ್ಷದ ಹಿಂದೆ ಧ್ಯಾನಸ್ಥರಾದ ಯೋಗಿ ಜೀವಂತ ಪತ್ತೆ!'],
['Fact Check| ಶಾಹೀನ್\u200c ಬಾಗ್\u200c ಹಿಂಭಾಗದಲ್ಲಿ ಕಾಂಡೋಮ್\u200cಗಳ ರಾಶಿ!'],
" ಹಿಂದೂಗಳನ್ನು ರೋಗಿಗಳಾಗಿಸಲು ರಾಸಾಯನಿಕಗಳನ್ನು ಹೊಂದಿರುವ ಆಹಾರವನ್ನು ಮುಸ್ಲಿಮರು ಮಾರಾಟ ಮಾಡುವಂತೆ ದಾರುಲ್ ಉಲೂಮ್ ದೇವ್‌ಬಂದ್, ‘ಫತ್ವಾ’ ಹೊರಡಿಸಿತು",
 ನೂಪುರ್ ಶರ್ಮಾ ಅವರ ಇತ್ತೀಚಿನ ವೀಡಿಯೊ ಕ್ಲಿಪ್ “ಜೋಶ್ ಹೇಗಿದೆ? ಹೈ ಸರ್!” ಜನರ ಗುಂಪಿನ ಜೊತೆಗೆ,
" ನೆದರ್ಲ್ಯಾಂಡ್ಸ್ ಮತ್ತು ಇಸ್ರೇಲ್ ಸೇರಿದಂತೆ 34 ದೇಶಗಳು, ಪ್ರವಾದಿ ಮುಹಮ್ಮದ್ ಅವರನ್ನು ನಿಂದಿಸಿದ ನಂತರ ಭಾರತ ಮತ್ತು ನೂಪುರ್ ಶರ್ಮಾ ಅವರನ್ನು ಬೆಂಬಲಿಸಿದವು",
 ನೂಪುರ್ ಶರ್ಮಾ ಅವರನ್ನು ಬೆಂಬಲಿಸಿ ನಾಗಾ ಸಾಧುಗಳ ರ್ಯಾಲಿಯನ್ನು ವೀಡಿಯೊ ತೋರಿಸುತ್ತದೆ,
 ಗಲ್ಫ್ ಕಂಪನಿಗಳು ತಮ್ಮ ದೇಶಗಳಿಂದ ವಲಸೆ ಬಂದ ಭಾರತೀಯ ಉದ್ಯೋಗಿಗಳನ್ನು ವಾಪಸ್ ಕಳುಹಿಸುತ್ತಿರುವ ಇತ್ತೀಚಿನ ವೀಡಿಯೊ,
" ವಿದ್ಯುಚ್ಛಕ್ತಿ ಉತ್ಪಾದಿಸುವುದರಿಂದ ಆ ನೀರಿನ ಶಕ್ತಿ ಖಾಲಿಯಾಗುತ್ತದೆ, ಆ ನೀರಿನಿಂದ ನೀರಾವರಿಗೆ ಯಾವುದೇ ಪ್ರಯೋಜನವಾಗುವುದಿಲ್ಲ ಎಂದು ರಾಜಸ್ಥಾನ ಸಿಎಂ ಅಶೋಕ್ ಗೆಹ್ಲೋಟ್ ಹೇಳಿದ್ದಾರೆ",
 ರಫಿಯಾ ಅರ್ಷದ್ USA ನಲ್ಲಿ ಹಿಜಾಬ್ ಧರಿಸಿದ ಮೊದಲ ನ್ಯಾಯಾಧೀಶರಾಗಿದ್ದಾರೆ,
 ಯಾಸಿನ್ ಮಲಿಕ್ ಗೆ ಎನ್ಐಎ ನ್ಯಾಯಾಲಯವು ಜೀವಾವಧಿ ಶಿಕ್ಷೆಯ ತೀರ್ಪು ನೀಡಿದ ನಂತರ ಅವರ ಪತ್ನಿ ಅಳುತ್ತಿರುವ ವೀಡಿಯೊ,
 AIMIM ಪಕ್ಷದ ಅಧ್ಯಕ್ಷ ಅಸಾದುದ್ದೀನ್ ಓವೈಸಿ RSS ಅಧ್ಯಕ್ಷ ಮೋಹನ್ ಭಾಗವತ್ ಜೊತೆಗೆ ಕುಳಿತಿರುವ ಫೋಟೋ,
 ಅಯೋಧ್ಯೆ ರಾಮಮಂದಿರದ ಅಧಿಕೃತವಾಗಿ ಬಿಡುಗಡೆಯಾದ 3D ವೀಡಿಯೊ,
 ದೆಹಲಿಯ ಮುಂಡ್ಕಾದಲ್ಲಿ ಸಂಭವಿಸಿದ ಅಗ್ನಿ ಅವಘಡದ ಸಂದರ್ಭದಲ್ಲಿ 50 ಜನರನ್ನು ರಕ್ಷಿಸಿದ ದಯಾನಂದ ತಿವಾರಿ ಅವರ ಕೆಚ್ಚೆದೆಯ ಕಾರ್ಯವನ್ನು ಮಾಧ್ಯಮಗಳು ವರದಿ ಮಾಡಲಿಲ್ಲ,
 ಆಂಧ್ರಪ್ರದೇಶದ ಶ್ರೀಕಾಕುಳಂ ಕಡಲ ತೀರದಲ್ಲಿ ಚಿನ್ನದ ರಥವನ್ನು ಕಾಣಿಸಿಕೊಂಡಿದೆ,
 ವಾರಣಾಸಿಯ ಜ್ಞಾನವಾಪಿ ಮಸೀದಿಯಲ್ಲಿ ಶಿವಲಿಂಗ ಪತ್ತೆಯಾದ ನಂತರ ಜನರು ಸಂಭ್ರಮಿಸುತ್ತಿರುವ ವಿಡಿಯೋ,
 ಜ್ಞಾನವಾಪಿ ಮಸೀದಿಯಲ್ಲಿ ಇತ್ತೀಚಿನ ಸಮೀಕ್ಷೆಯ ಸಂದರ್ಭದಲ್ಲಿ ಕಂಡುಬಂದಿರುವ ‘ಶಿವಲಿಂಗ’ದ ಫೋಟೋಗಳು,
 ಫ್ರಾನ್ಸ್‌ನ ಬೀದಿಗಳಲ್ಲಿ ಮುಸ್ಲಿಮರು ನಮಾಜ್ ಮಾಡುವ ವಿಡಿಯೋ,
 ಸರ್ಕಾರಿ ಸ್ವಾಮ್ಯದ ಸೆಂಟ್ರಲ್ ಬ್ಯಾಂಕ್ ಆಫ್ ಇಂಡಿಯಾ ತನ್ನ 600 ಶಾಖೆಗಳನ್ನು ಮಾರ್ಚ್ 2023 ರ ಅಂತ್ಯದ ವೇಳೆಗೆ ಮುಚ್ಚಲು ಯೋಜಿಸುತ್ತಿದೆ,
 ಕುಡಿದ ಅಮಲಿನಲ್ಲಿ ಪ್ರಧಾನಿ ಮೋದಿ ಮಾಧ್ಯಮಗಳೊಂದಿಗೆ ಮಾತನಾಡುತ್ತಿರುವ ವಿಡಿಯೋ,
 ಮುಂಬೈನ ರಸ್ತೆಯೊಂದರಲ್ಲಿ ಧ್ವನಿವರ್ಧಕಗಳನ್ನು ಬಳಸಲು ಅನುಮತಿ ನೀಡದ ಕಾರಣ ಜನರು ಆಜಾನ್ ಪಠಿಸುವ ಇತ್ತೀಚಿನ ವೀಡಿಯೊ,
 ತಿರುಮಲ ದೇವಸ್ಥಾನದ ಪ್ರಧಾನ ಅರ್ಚಕ ವೈ ಎಸ್. ಜಗನ್ ಮೋಹನ್ ರೆಡ್ಡಿ ಅವರು ದೇವಸ್ಥಾನದ ಆದಾಯವನ್ನು ರಾಜ್ಯದ ಕ್ರಿಶ್ಚಿಯನ್ ಮತ್ತು ಮುಸ್ಲಿಂ ಸಮುದಾಯಗಳ ಕಲ್ಯಾಣಕ್ಕಾಗಿ ಬಳಸುತ್ತಿದ್ದಾರೆ ಎಂದು ಆರೋಪಿಸಲಾಗಿದೆ,
 ವ್ಯಕ್ತಿಯೊಬ್ಬ ಗುಂಡಿಗೆ ಬಿದ್ದು ಸಂಪೂರ್ಣವಾಗಿ ನಾಪತ್ತೆಯಾಗಿರುವ ವಿಡಿಯೋ,
 ಕರ್ನಾಟಕದ ಮಂಗಳೂರಿನಲ್ಲಿ ಈಗ ಮಸೀದಿಯಾಗಿ ಪರಿವರ್ತನೆಯಾಗಿರುವ ಪುರಾತನ ದೇವಾಲಯದ ವಿಡಿಯೋ,
 ಮಿರ್ಜಾಪುರದಲ್ಲಿ ಮುಸ್ಲಿಂ ವ್ಯಕ್ತಿಯೊಬ್ಬ ಹಿಂದೂ ಮಹಿಳೆಯರ ಮೇಲೆ ಅಮಾನುಷವಾಗಿ ಹಲ್ಲೆ ನಡೆಸಿದ ವಿಡಿಯೋ,
 ಈ ಹಿಂದೆ ಬೈಕ್ ಕಳ್ಳತನ ಮಾಡಿದ್ದಕ್ಕಾಗಿ ಭಗವಂತ್ ಮಾನ್ ಮತ್ತು ಆತನ ಸ್ನೇಹಿತರನ್ನು ಪೊಲೀಸರು ಬಂಧಿಸಿದ್ದರು ಎಂದು ಹೇಳಲಾಗಿರುವ ಫೋಟೋ,
   ಸೋಪೋರ್ (ಜೆ&ಕೆ) ನಲ್ಲಿರುವ ಸಿಆರ್‌ಪಿಎಫ್ ಶಿಬಿರದ ಮೇಲೆ ಪೆಟ್ರೋಲ್ ಬಾಂಬ್ ಎಸೆದ ಬುರ್ಖಾ ಧರಿಸಿರುವ ವ್ಯಕ್ತಿ ರಯೀಸ್ ಅಹ್ಮದ್ ಭಟ್,
 ಎಎಪಿಯ ರಾಜ್ಯಸಭಾ ಸಂಸದ ರಾಘವ್ ಚಡ್ಡಾ ಅವರ ಫೋಟೋ,
 ಇತ್ತೀಚೆಗೆ ಟಾಟಾ ಕಂಪನಿಯು ಏರ್ ಇಂಡಿಯಾವನ್ನು ಖರೀದಿಸಿದ ನಂತರ ಭದ್ರತಾ ಕಾರಣಗಳಿಗಾಗಿ ಅಧ್ಯಕ್ಷರ ಮಗಳನ್ನು ಫ್ಲೈಟ್ ಅಟೆಂಡೆಂಟ್ ಹುದ್ದೆಯಿಂದ ಆಂತರಿಕ ವ್ಯವಹಾರಗಳ ವಿಭಾಗಕ್ಕೆ ನಿಯೋಜಿಸಲಾಗಿದೆ,
 ಬಾಂಗ್ಲಾದೇಶದಲ್ಲಿ ಜನರು ಹಿಂದೂ ದೇವಾಲಯವನ್ನು ಧ್ವಂಸಗೊಳಿಸುತ್ತಿರುವ ವೀಡಿಯೊ,
 ಮುಸ್ಲಿಂ ಶಿಕ್ಷಕಿಯೊಬ್ಬರು ತನ್ನ ವಿದ್ಯಾರ್ಥಿನಿಯರಿಗೆ ಕೇಸರಿ ಶಾಲು ಹಾಕುವಂತೆ ಮಹಾರಾಷ್ಟ್ರ ನವನಿರ್ಮಾಣ ಸೇನೆಯ ಕಾರ್ಯಕರ್ತರು ಒತ್ತಾಯಿಸಿದ ವಿಡಿಯೋ,
 ಮಾಜಿ ಪ್ರಧಾನಿ ಅಟಲ್ ಬಿಹಾರಿ ವಾಜಪೇಯಿ ಅವರು ವಿಶ್ವಸಂಸ್ಥೆಯಲ್ಲಿ ಕಾಶ್ಮೀರ ಸಮಸ್ಯೆಯ ಕುರಿತು ಮಾಡಿದ ಭಾಷಣ,
 ‘ಪಾಕಿಸ್ತಾನ್ ಜಿಂದಾಬಾದ್’ ಎಂದು ಕೂಗಿದ್ದಕ್ಕಾಗಿ ಯುಪಿ ಪೊಲೀಸರು ವ್ಯಕ್ತಿಯೊಬ್ಬನನ್ನು ಥಳಿಸಿದ ವಿಡಿಯೋ,
 2014ರ ಮೊದಲು ಮತ್ತು ನಂತರ ಕಾಶ್ಮೀರದ ಪರಿಸ್ಥಿತಿಯನ್ನು ಹೋಲುವ ದೃಶ್ಯಗಳು,
 ಉತ್ತರ ಪ್ರದೇಶದ ಮುಖ್ಯಮಂತ್ರಿ ಯೋಗಿ ಆದಿತ್ಯನಾಥ್ ಅವರು ಮೃತ ಯೋಧನ ಚಿತಾಭಸ್ಮವನ್ನು ತಮ್ಮ ಹಣೆಗೆ ಹಚ್ಚಿಕೊಂಡರು,
" ಭಾರತದಲ್ಲಿನ ಮುಸ್ಲಿಂ ಜನಸಂಖ್ಯೆಯು 98% ಅತ್ಯಾಚಾರಗಳು, 95% ದರೋಡೆಗಳು, 100% ಭಯೋತ್ಪಾದನೆ, 300% ಜನಸಂಖ್ಯೆಯ ಸ್ಫೋಟ, 800% ಸರ್ಕಾರಿ ಸೌಲಭ್ಯಗಳ ಬಳಕೆ ಮಾಡಿಕೊಂಡಿದೆ. ಆದರೆ 0.1% ತೆರಿಗೆಯನ್ನು ಮಾತ್ರ ಕೊಡುಗೆ ನೀಡುತ್ತದೆ",
 ‘ದಿ ಕಾಶ್ಮೀರ್ ಫೈಲ್ಸ್ ಸಿನಿಮಾ’ ನಿರ್ದೇಶಕ ವಿವೇಕ್ ರಂಜನ್ ಅಗ್ನಿಹೋತ್ರಿ ಅವರು ತಮ್ಮ ಸಿನಿಮಾ ಲಾಭದಿಂದ ಕಾಶ್ಮೀರಿ ಹಿಂದೂಗಳಿಗೆ ಮನೆಗಳನ್ನು ನಿರ್ಮಿಸಿಕೊಡುವುದಾಗಿ ವಾಗ್ದಾನ ಮಾಡಿದರು,
 ದಿ ಕಾಶ್ಮೀರ್ ಫೈಲ್ಸ್ ಸಿನಿಮಾ ಯುಪಿ ಸಿಎಂ ಯೋಗಿ ಆದಿತ್ಯನಾಥ್ ಕಣ್ಣೀರು ಹಾಕಿದ ಇತ್ತೀಚಿನ ವಿಡಿಯೋ,
 2022 ರ ಯುಪಿ ಚುನಾವಣೆಯಲ್ಲಿ ಮಹಿಳಾ ಮತದಾರರ ಮತಗಳನ್ನು ಪೋಲಿಂಗ್ ಏಜೆಂಟ್‌ಗಳು ತಿರುಚುತ್ತಿರುವ ದೃಶ್ಯಗಳು,
 ಕುತುಬ್ ಮಿನಾರ್‌ನ  ಮೇಲೆ ರಷ್ಯಾದ ರಾಷ್ಟ್ರೀಯ ಧ್ವಜದ ಲೇಸರ್‌ ಬೆಳಕಿನ ದೀಪವನ್ನು ಬಣ್ಣಗಳಲ್ಲಿ ಅಲಂಕರಿಸಲಾಗಿದೆ,
 ಉಕ್ರೇನ್‌ನಲ್ಲಿ ಭಾರತದ ಪ್ರಜೆಗಳನ್ನು ಸ್ಥಳಾಂತರಿಸುವ ಪ್ರಯತ್ನಗಳನ್ನು ಶ್ಲಾಘಿಸಿ ಪಾಕಿಸ್ತಾನ ಸಂಸತ್ತಿನಲ್ಲಿ ‘ಮೋದಿ ಜಿಂದಾಬಾದ್’ ಘೋಷಣೆಗಳ ವೀಡಿಯೊ,
 ಮಾಜಿ ಮಿಸ್ ಉಕ್ರೇನ್ ಅನಸ್ತಾಸಿಯಾ ಲೆನ್ನಾ ರಷ್ಯಾದ ಸೈನ್ಯದ ವಿರುದ್ಧ ತನ್ನ ದೇಶವನ್ನು ರಕ್ಷಿಸಲು ಸೈನ್ಯಕ್ಕೆ ಸೇರಿದರು,
 ಉಕ್ರೇನ್‌ನಿಂದ ಸ್ಥಳಾಂತರಿಸಲ್ಪಟ್ಟ ಭಾರತೀಯ ಪ್ರಜೆಗಳೊಂದಿಗೆ ವ್ಲಾಡಿಮಿರ್ ಪುಟಿನ್ ಸಂವಾದ ನಡೆಸುತ್ತಿರುವ ವೀಡಿಯೊ,
 ಚೀನಾ ಉತ್ಪಾದಿಸಿದ ಮೊದಲ ಪ್ಲಾಸ್ಟಿಕ್ ಹೆಣ್ಣು ರೋಬೋ,
 ಗಿಲ್ಗಿಟ್-ಬಾಲ್ಟಿಸ್ತಾನ್ ಮತ್ತು ಪಾಕಿಸ್ತಾನದ ಹಣದ ಮನವಿಯ ವಿಷಯಗಳ ಕುರಿತು ಪುಟಿನ್ ಮಾತನಾಡುತ್ತಿರುವ ವೀಡಿಯೊ,
 ಉಕ್ರೇನಿಯನ್ ನಾಗರಿಕರ ನಕಲಿ ಮೃತ ದೇಹಗಳನ್ನು ತೋರಿಸುವ ಪಾಶ್ಚಿಮಾತ್ಯ ಮಾಧ್ಯಮವನ್ನು ಚಿತ್ರಿಸುವ ವೀಡಿಯೊ,
 ವೈಶಾಲಿ ಯಾದವ್ ಉಕ್ರೇನ್‌ನಲ್ಲಿ ಓದುತ್ತಿರುವಂತೆ ನಕಲಿ ವಿಡಿಯೋ ಪೋಸ್ಟ್ ಮಾಡಿ ಸುಳ್ಳು ಸುದ್ದಿಯನ್ನು ಹರಡಿದ ಕಾರಣಕ್ಕೆ ಉತ್ತರ ಪ್ರದೇಶ ಪೊಲೀಸರು ಆಕೆಯನ್ನು ಬಂಧಿಸಿದ್ದಾರೆ,
 ಕಡಿಮೆ ಆದಾಯದ ಒಂದು ಲಕ್ಷ ಯೂನಿಟ್ ಮನೆಗಳನ್ನು ನಿರ್ಮಿಸುವ ಭರವಸೆಯನ್ನು ಉಳಿಸಿಕೊಳ್ಳಲು ವಿಫಲವಾದ ನಂತರ ಮಂಗೋಲಿಯನ್ ಸಚಿವರು ಪತ್ರಿಕಾಗೋಷ್ಠಿಯಲ್ಲಿ ಬೆಂಕಿ ಹಚ್ಚಿಕೊಂಡ ವಿಡಿಯೋ,
 ರಷ್ಯಾ ಉಕ್ರೇನ್ ವಿರುದ್ಧ ವಾಯುದಾಳಿ ನಡೆಸುತ್ತಿರುವ ಇತ್ತೀಚಿನ ವೀಡಿಯೊ,
" ಜರ್ಮನಿಯಲ್ಲಿ ಕ್ಯಾನ್ಸರ್‌ನಿಂದ ಬಳಲುತ್ತಿರುವ 6 ವರ್ಷದ ಬಾಲಕನಿಗೆ 20,000 ಬೈಕ್‌ ಸವಾರರು ಮೋಟಾರ್‌ ಬೈಕ್‌ ಪರೇಡ್‌ ನಡೆಸುತ್ತಿರುವ ವಿಡಿಯೋ",
 ಬಜರಂಗದಳ ಕಾರ್ಯಕರ್ತ ಹರ್ಷ ಹತ್ಯೆ ಖಂಡಿಸಿ ಚಿತ್ರದುರ್ಗದಲ್ಲಿ ಹಿಂದೂಪರ ಸಂಘಟನೆಗಳು ಪ್ರತಿಭಟನೆ ನಡೆಸಿದ ವಿಡಿಯೋ,
 ಮುಸ್ಕಾನ್ ಖಾನ್ ಶಾಲೆಯಲ್ಲಿ ಬುರ್ಖಾದಲ್ಲಿ ಮತ್ತು ಇತರ ಸ್ಥಳಗಳಲ್ಲಿ ಬೇರೆ ಉಡುಪುಗಳಲ್ಲಿ ಇರುತ್ತಾಳೆ ಎಂದು ಪ್ರತಿಪಾದಿಸಲಾಗಿದೆ,
 11 ವರ್ಷಗಳ ನಂತರ ಮಗುವಿಗೆ ಜನ್ಮ ನೀಡಿದ ಮಹಿಳೆ ಮಗುವಿಗೆ ಜನ್ಮ ನೀಡಿದ ನಂತರ ಸಾವನ್ನಪ್ಪಿದ ದೃಶ್ಯಗಳು,
 ಮುಸ್ಕಾನ್ ಖಾನ್ ತನ್ನನ್ನು ಬೆಂಬಲಿಸಿದ್ದಕ್ಕಾಗಿ ಅಫ್ಘಾನ್ ತಾಲಿಬಾನ್ ವಕ್ತಾರರಿಗೆ ಧನ್ಯವಾದ ಅರ್ಪಿಸಿದ ಟ್ವೀಟ್‌ನ ಸ್ಕ್ರೀನ್‌ಶಾಟ್ ವೈರಲ್,
 ಉತ್ತರ ಪ್ರದೇಶ ಚುನಾವಣೆ ಅಂಗವಾಗಿ ಮತ ಕೇಳಲು ಹೋದ ಬಿಜೆಪಿ ಮುಖಂಡನನ್ನು ಜನರು ಥಳಿಸಿ ಹೊರ ಹಾಕುತ್ತಿದ್ದಾರೆ,
" ಮಲಪ್ಪುರಂ ಜಿಲ್ಲಾಧಿಕಾರಿ ರಾಣಿ ಸೋಯಾಮೊಯ್ ಅವರ ನಿಜ ಜೀವನದ ಕಥೆ.ಫ್ಯಾಕ್ಟ್‌ಚೆಕ್;  ಮಲಪ್ಪುರಂ ಜಿಲ್ಲಾಧಿಕಾರಿಯ ಬಗ್ಗೆ ಹೇಳಲಾದ ಕಥೆಯು ಕಾಲ್ಪನಿಕವಾಗಿದೆ. ಈ ಕಥೆಯನ್ನು ಮಲಯಾಳಿ ಲೇಖಕ ಹಕೀಂ ಮೊರೆಯೂರ್ ಅವರ ‘ಮೂರು ಮಹಿಳೆಯರು’ ಎಂಬ ಸಣ್ಣ ಕಥಾ ಸಂಕಲನದಿಂದ ತೆಗೆದುಕೊಳ್ಳಲಾಗಿದೆ. ವೈರಲ್ ಪೋಸ್ಟ್‌ನಲ್ಲಿ ಕಲೆಕ್ಟರ್  ಹೆಸರನ್ನು ಸಹ ಪುಸ್ತಕದಿಂದ ತೆಗೆದುಕೊಳ್ಳಲಾಗಿದೆ. ಈ ಬಗ್ಗೆ ಸ್ವತಃ  ಹಕೀಂ ಮೊರೆಯೂರ್ ಅವರೇ ಫೇಸ್ ಬುಕ್ ಪೋಸ್ಟ್ ಮೂಲಕ ಸ್ಪಷ್ಟನೆ ನೀಡಿದ್ದಾರೆ. ಮತ್ತೊಂದೆಡೆ, ಪೋಸ್ಟ್‌ನಲ್ಲಿ ಹಂಚಿಕೊಂಡಿರುವ ಫೋಟೊ ಶೈನಾಮೋಲ್ ಐಎಎಸ್ ಅವರದ್ದೆ ಆಗಿದೆ, ಅವರು ಈ ಹಿಂದೆ ಮಲಪ್ಪುರಂ ಕಲೆಕ್ಟರ್ ಆಗಿ ಕೆಲಸ ಮಾಡಿದ್ದಾರೆ. ಆದ್ದರಿಂದ ಪೋಸ್ಟ್‌ನಲ್ಲಿ ಮಾಡಿದ ಪ್ರತಿಪಾದನೆ ತಪ್ಪಾಗಿದೆ",
 ಅಸೆಂಬ್ಲಿ ಚುನಾವಣೆಗೆ ಮುನ್ನ ಯುಪಿಯಲ್ಲಿ ಸ್ಮೃತಿ ಇರಾನಿ ಅವರ ಬೆಂಗಾವಲು ವಾಹನವನ್ನು ಜನರು ತಡೆಯುವ ಇತ್ತೀಚಿನ ವೀಡಿಯೊ,
 ಕರ್ನಾಟಕ ಯೂತ್ ಕಾಂಗ್ರೆಸ್ ಕಚೇರಿಯನ್ನು ಇಸ್ಲಾಮಿಕ್ ಸಂಪ್ರದಾಯದಂತೆ ಪ್ರಾರ್ಥನೆ ಸಲ್ಲಿಸಿ ಉದ್ಘಾಟಿಸಲಾಗಿದೆ ಎಂದು ಪ್ರತಿಪಾದಿಸಲಾಗಿದೆ,
 ಅಖಿಲೇಶ್ ಯಾದವ್ ಮತ್ತು ಯೋಗಿ ಆದಿತ್ಯನಾಥ್ ಅವರ ಅವಧಿಯ ಗಣರಾಜ್ಯೋತ್ಸವದ ಪರೇಡ್‌ನಲ್ಲಿ ಉತ್ತರ ಪ್ರದೇಶದ ಟ್ಯಾಬ್ಲೋದಲ್ಲಿನ ವ್ಯತ್ಯಾಸಗಳು,
 ಸ್ಪೇನ್‌ನ ರೇಡಿಯೊ ಚಾನೆಲ್‌ನಲ್ಲಿ ಮಹಿಳೆಯೊಬ್ಬರು ಸಂಸ್ಕೃತದಲ್ಲಿ ಶ್ಲೋಕಗಳನ್ನು ಹಾಡುತ್ತಿರುವ ವೀಡಿಯೊ,
" NASA ವು  ಯುಗದಲ್ಲಿ ಒಂದು ದಿನ ತಪ್ಪಿಹೋಗಿದೆ ಎಂದು ಕಂಡುಹಿಡಿದಿದೆ, ಆ ಮೂಲಕ ಬೈಬಲ್‌ನಲ್ಲಿ ಉಲ್ಲೇಖಿಸಲಾದ ಕೆಲವು ವಿಷಯಗಳು ನಿಜವೆಂದು ಸಾಬೀತುಪಡಿಸುತ್ತದೆ",
 ಕುಂಭಮೇಳದ ಸಮಯದಲ್ಲಿ ಸುಮಾರು 400 ಸಿದ್ಧ ಸಂತರು ತಮ್ಮ ದೇಹವನ್ನು ಅಗ್ನಿ ದೇವಿಗೆ ಅರ್ಪಿಸುತ್ತಿರುವುದನ್ನು ಬಿಬಿಸಿ ತಂಡವು ವಿಡಿಯೋ ಮಾಡಿದೆ,
 ರೋಹಿಂಗ್ಯಾ ಮುಸ್ಲಿಮರು ಹಿಂದೂ ಮಕ್ಕಳನ್ನು ಅಪಹರಿಸಿದಾಗ ಸಿಕ್ಕಿಬಿದ್ದಿರುವ ದೃಶ್ಯಗಳು,
 ಕೋವಿಡ್-19 ಅನ್ನು ತಡೆಗಟ್ಟಲು ಅಥವಾ ಗುಣಪಡಿಸಲು ಒಣ ಶುಂಠಿಯ ಪುಡಿಯನ್ನು ಮನೆಮದ್ದು ಎಂದು ಸೂಚಿಸುವ ನರವಿಜ್ಞಾನಿ ಡಾ. ಸುಶೀಲ್ ರಜ್ದಾನ್ ಅವರ ವಿಡಿಯೋ,
 ಇಂಡೋನೇಷ್ಯಾದಲ್ಲಿ ನಡೆದ ಭೀಕರ ವಿಮಾನ ಅಪಘಾತದ ದೃಶ್ಯಗಳು,
 ದಕ್ಷಿಣ ಕ್ಯಾಲಿಫೋರ್ನಿಯಾದ ಸ್ಯಾನ್ ಡಿಯಾಗೋ ಪ್ರದೇಶದಲ್ಲಿ 800 ಜನರ ತಂದೆಯಾಗಿರುವ ಹಾಲು ವಿತರಣಾ ಹುಡುಗ,
 ಬೇರು ಕತ್ತರಿಸಿದರೂ 15 ದಿನಗಳವರೆಗೆ ಬದುಕಬಲ್ಲ ಶಿವ ನಾಗ ಮರದ ವಿಡಿಯೋ,
 ಫೋನ್ ಚಾರ್ಜ್ ಮಾಡುವಾಗ ಮಾತನಾಡಿದರೆ ಸಿಡಿಯುವ ಭಯಾನಕತೆಯನ್ನು ವೀಡಿಯೊದಲ್ಲಿ ಕಾಣಬಹುದು,
 ತೆಲಂಗಾಣದ ಅಂಬರ್‌ಪೇಟ್‌ನ ರಸ್ತೆಯಲ್ಲಿ ಮುಸ್ಲಿಮರು ನಮಾಜ್ ಮಾಡಲು ಅಡ್ಡಿಪಡಿಸಿದ ಬಿಜೆಪಿ ಶಾಸಕ ರಾಜಾ ಸಿಂಗ್ ಅವರನ್ನು ಇತ್ತೀಚೆಗೆ ಬಂಧಿಸಿರುವ ವೀಡಿಯೊ,
 ಹಿಂದೂ ಆಚಾರಗಳ ವಿರುದ್ಧ ಅಮೀರ್ ಖಾನ್ ಮಾಡಿದ ಕಾಮೆಂಟ್‌ಗಳಿಗೆ ಉತ್ತರವಾಗಿ ಪಾಯಲ್ ರೋಹಟ್ಗಿ ಮುಸ್ಲಿಂ ಆಚಾರಗಳಿಗೆ ವಿರುದ್ಧವಾಗಿ ಮಾಡಿದ ಪ್ರತಿಕ್ರಿಯೆಗಳು,
 ಟಿಟಿಡಿ ಮಂಡಳಿ ಸದಸ್ಯ ಜೆ.ಸೇಕರ್ ರೆಡ್ಡಿ ಅವರ ಮನೆಯಿಂದ ವಶಪಡಿಸಿಕೊಂಡ ಆಭರಣಗಳನ್ನು ತೋರಿಸುವ ವೀಡಿಯೊ,
 ಆರ್ಯನ್ ಖಾನ್ ವಿಮಾನ ನಿಲ್ದಾಣದಲ್ಲಿ ಸಾರ್ವಜನಿಕವಾಗಿ ಮೂತ್ರ ವಿಸರ್ಜನೆ ಮಾಡುತ್ತಿರುವ ವಿಡಿಯೋ,
 ಸಗಣಿ ತಿಂದ ಕರ್ನಾಲ್‌ನ ವೈದ್ಯರೊಬ್ಬರು ಆಸ್ಪತ್ರೆಗೆ ದಾಖಲಾಗಿ ಮಲಗಿರುವ ಚಿತ್ರ,
 ಕರ್ನಾಟಕದಲ್ಲಿ ರಸ್ತೆ ವಿಸ್ತರಣೆಯ ಕಾಮಗಾರಿ ಭಾಗವಾಗಿ ಮಸೀದಿಯನ್ನು ಕೆಡವಲಾಗಿದ್ದು ಅದರ ಶಿವ ದೇವಾಲಯ ಕಂಡು ಬಂದಿದೆ,
 ಕಾಂಗ್ರೆಸ್ ವಕ್ತಾರರೊಬ್ಬರು ಪ್ರಧಾನಿ ಮೋದಿಯವರನ್ನು ಹೊಗಳಿದ್ದಾರೆ. ಮೋದಿಯವರೊಂದಿಗೆ ರಾಹುಲ್‌ಸ್ಪರ್ಧಿಸುವುದು ಬಹಳ ಕಷ್ಟ ಎಂದು ಹೇಳಿದ್ದಾರೆ,
" ಗರ್ಭಿಣಿ ಮಹಿಳೆಯೊಬ್ಬರು ಕಷ್ಟದಲ್ಲಿದ್ದಾಗ, ಯಾರೂ ಅವರಿಗೆ ಸಹಾಯ ಮಾಡದೇ ಇದ್ದಾಗ, ಭಾರತೀಯ ಸೇನೆಯ ಸೈನಿಕರು ಮಹಿಳೆಗೆ ಸಹಾಯ ಮಾಡುತ್ತಿರುವ ವಿಡಿಯೋ",
 ರಾಹುಲ್ ಗಾಂಧಿ ಮಹಾಭಾರತದ ಪಾತ್ರಗಳ ಬಗ್ಗೆ ತಪ್ಪಾಗಿ ಟ್ವೀಟ್ ಮಾಡಿದ್ದಾರೆ,
 ಆಹಾರದ ಮೇಲೆ ಉಗುಳುವುದು ಹಲಾಲ್ ಪ್ರಕ್ರಿಯೆಯನ್ನು ಪೂರ್ಣಗೊಳಿಸುತ್ತದೆ ಎಂದು ಮುಸ್ಲಿಮರು ನ್ಯಾಯಾಲಯಕ್ಕೆ ತಿಳಿಸಿದ್ದಾರೆ,
 ಬರ್ತ್‌ಡೇ ಪಾರ್ಟಿಯ ಹೆಸರಿನಲ್ಲಿ ಮುಸ್ಲಿಂ ಸ್ನೇಹಿತರು ಹಿಂದೂ ಹುಡುಗಿಯರನ್ನು ಲೈಂಗಿಕವಾಗಿ ಬಳಸಿಕೊಳ್ಳಲು ಮಾಡುತ್ತಿರುವ ದುಷ್ಕೃತ್ಯದ ವಿಡಿಯೋ,
 ಉತ್ತರ ಪ್ರದೇಶದ ಸಿಎಂ ಯೋಗಿ ಆದಿತ್ಯನಾಥ್ ಅವರ ಬೆಂಗಾವಲು ವಾಹನವನ್ನು ಪ್ರತಿಭಟನಾಕಾರರು ನಿಲ್ಲಿಸಿದ ಇತ್ತೀಚಿನ ವೀಡಿಯೊ,
" ಹಿಂದೂ ಧರ್ಮದ ವಿರುದ್ಧ ಧರ್ಮನಿಂದನೆ ಮಾಡುವವರ ವಿರುದ್ಧ ಐಪಿಸಿಯ 295 (1), 502 (2) ಸೆಕ್ಷನ್‌ಗಳ ಅಡಿಯಲ್ಲಿ ಪ್ರಕರಣವನ್ನು ದಾಖಲಿಸಬಹುದು",
" ಶೌರ್ಯ ದಿನದಂದು ಮಥುರಾದಲ್ಲಿ ಹಿಂದೂಗಳ ಬೃಹತ್ ರ್‍ಯಾಲಿ, ಪ್ರತಿಭಟನೆಯ ದೃಶ್ಯಗಳು",
 ಭಾರತೀಯ ನೌಕಾಪಡೆಯ ಹಡಗಿನ ಫೋಟೋ,
 ಸ್ವಿಸ್ ಬ್ಯಾಂಕ್‌ಗಳಲ್ಲಿ ಕಪ್ಪುಹಣ ಹೊಂದಿರುವವರ 1ನೇ ಪಟ್ಟಿಯನ್ನು ವಿಕಿಲೀಕ್ಸ್ ಪ್ರಕಟಿಸಿದೆ,
 ಬಾಲಕಿಯೊಬ್ಬಳು ಗರ್ಭಿಣಿಯನ್ನು ರಕ್ಷಿಸುತ್ತಿರುವುದನ್ನು ತೋರಿಸುವ ವೀಡಿಯೊ ದೃಶ್ಯಾವಳಿ,
 CDS ಜನರಲ್ ಬಿಪಿನ್ ರಾವತ್ ಮೃತಪಟ್ಟ ಹೆಲಿಕಾಪ್ಟರ್ ಅಪಘಾತದ ದೃಶ್ಯಗಳು,
" ಮಮತಾ ಬ್ಯಾನರ್ಜಿಯವರ ಆಡಳಿತದಲ್ಲಿ ಪಶ್ಚಿಮ ಬಂಗಾಳದ ಪೊಲೀಸ್ ಸಿಬ್ಬಂದಿಗಳು ಮಸೀದಿ ಸ್ವಚ್ಛಗೊಳಿಸುತ್ತಿರುವ ದೃಶ್ಯಗಳುನಿಜಾಂಶ; ಪೋಸ್ಟ್‌ನಲ್ಲಿ ಹಂಚಿಕೊಳ್ಳಲಾದ ಈ ಚಿತ್ರವು ತೆಲಂಗಾಣ ಪೊಲೀಸ್ ಸಿಬ್ಬಂದಿ ಭೈಂಸಾದಲ್ಲಿನ ಪಂಜೆಶಾ ಮಸೀದಿಯನ್ನು ಸ್ವಚ್ಛಗೊಳಿಸುತ್ತಿರುವ ಹಳೆಯ ಫೋಟೋವಾಗಿದೆ. 2016 ರಲ್ಲಿ ಸ್ವಚ್ಛ ಭಾರತ ಅಭಿಯಾನ ಕಾರ್ಯಕ್ರಮದ ಭಾಗವಾಗಿ, ಆದಿಲಾಬಾದ್ ಜಿಲ್ಲೆಯ ಪೊಲೀಸರು ತಮ್ಮ ಜಿಲ್ಲೆಯ ದೇವಸ್ಥಾನಗಳು ಮತ್ತು ಮಸೀದಿಗಳನ್ನು ಸ್ವಚ್ಛಗೊಳಿಸಿದರು. ಈ ಫೋಟೋಗೂ ಪಶ್ಚಿಮ ಬಂಗಾಳಕ್ಕೂ ಯಾವುದೇ ಸಂಬಂಧವಿಲ್ಲ. ಆದ್ದರಿಂದ, ಪೋಸ್ಟ್‌ನಲ್ಲಿ ಮಾಡಿದ ಪ್ರತಿಪಾದನೆ ತಪ್ಪಾಗಿದೆ",
" “ಭಾರತವು ಶ್ರೇಷ್ಠ ಹಿಂದೂ ರಾಷ್ಟ್ರವಾಗಿದೆ, ಆದರೆ ಜಾತ್ಯತೀತತೆಯು ಭಾರತವನ್ನು ಮತ್ತು ಅದರ ಶ್ರೇಷ್ಠತೆಯನ್ನು ನಾಶಪಡಿಸುತ್ತಿದೆ. ಹಿಂದುತ್ವದಿಂದ ಮಾತ್ರ ಭಾರತವನ್ನು ಉಳಿಸಬಹುದು” ಎಂದು ದಲೈ ಲಾಮಾರವರು ಹೇಳಿದ್ದಾರೆ",
 ಅಕ್ಕಿ ಗಿರಣಿಯಲ್ಲಿ ಪ್ಲಾಸ್ಟಿಕ್ ಅಕ್ಕಿಯನ್ನು ತಯಾರಿಸುತ್ತಿರುವ ವಿಡಿಯೊ,
 ಸ್ನೇಹಿತರೊಂದಿಗೆ ತನ್ನ ಹುಟ್ಟುಹಬ್ಬವನ್ನು ಆಚರಿಸುತ್ತಿದ್ದ ವೇಳೆ ಸಾವನ್ನಪ್ಪಿದ ವ್ಯಕ್ತಿಯ ವಿಡಿಯೋ,
 ಮಂಗಳೂರು ಎಂಬಲ್ಲಿ ಮತ್ಸ್ಯಕನ್ಯೆಯೊಂದು ಬಲೆಯಲ್ಲಿ ಸಿಲುಕಿ ದಡಕ್ಕೆ ಬರುವ ದೃಶ್ಯಗಳು,
 ಭಗತ್ ಸಿಂಗ್ ಪರವಾಗಿ ಮುಸ್ಲಿಂ ಅಸಫ್ ಅಲಿ ವಾದಿಸಿದರು. ಆರ್​ಎಸ್​ಎಸ್​ ಸದಸ್ಯ ರಾಯ್ ಬಹದ್ದೂರ್ ಸೂರ್ಯವಂಶಂ ಶರ್ಮಾ ಬ್ರಿಟಿಷ್ ಸಾಮ್ರಾಜ್ಯವನ್ನು ಪ್ರತಿನಿಧಿಸಿದರು ಮತ್ತು ಭಗತ್ ಸಿಂಗ್​ಗೆ ಮರಣದಂಡನೆ ವಿಧಿಸಿದರು,
 ಶ್ರೀ ಕಾಶಿ ವಿಶ್ವನಾಥ ದೇವಸ್ಥಾನದ ಪುನರ್ ನಿರ್ಮಾಣದ ನಂತರ ತೆಗೆದ ವಿಡಿಯೋ,
 ಪ್ರಧಾನಿ ಮೋದಿಯವರ ಪಕ್ಕದಲ್ಲಿ ಮಧ್ಯಪ್ರದೇಶ ಸಿಎಂ ಶಿವರಾಜ್‌ಸಿಂಗ್ ಚೌಹಾಣ್‌ ನಡೆಯುವುದನ್ನು ರಕ್ಷಣಾ ಸಿಬ್ಬಂದಿ ತಡೆದಿರುವ ವಿಡಿಯೋ,
 ಎಲೆಕ್ಟ್ರಿಕ್‌ ದ್ವಿಚಕ್ರ ವಾಹನದ ಸ್ಫೋಟದ ದೃಶ್ಯಗಳನ್ನು ತೋರಿಸುವ ವೀಡಿಯೊ,
" ಸೊಮಾಲಿಯಾ ಬಾಳೆಹಣ್ಣುಗಳಲ್ಲಿ ಹೆಲಿಕೋಬ್ಯಾಕ್ಟರ್ ಎಂಬ ಹುಳುಗಳಿದ್ದು, ಅದನ್ನು ಸೇವಿಸಿದ 12 ಗಂಟೆಗಳಲ್ಲಿ ಮನುಷ್ಯ ಮೆದುಳು ನಿಷ್ಕ್ರಿಯತೆಯಿಂದ ಸಾಯುತ್ತಾನೆ ಎಂಬ ಹೇಳಿಕೆಯುಳ್ಳ ವಿಡಿಯೋ",
" ಮಕ್ಕಳ ಕಳ್ಳಸಾಗಣೆ ಆರೋಪದ ಮೇಲೆ ಇತ್ತೀಚೆಗೆ ಬಂಧಿಸಲ್ಪಟ್ಟ ಪ್ರಭಾ ಮಿಂಜ್, ದೆಹಲಿ ಮುಖ್ಯಮಂತ್ರಿ ಅರವಿಂದ್ ಕೇಜ್ರಿವಾಲ್ ಅವರೊಂದಿಗೆ ಇರುವ ಹಳೆಯ ಫೋಟೋ",
 ಪಾಕಿಸ್ತಾನ ಮತ್ತು ಆಸ್ಟ್ರೇಲಿಯಾ T20 ವಿಶ್ವಕಪ್ ಸೆಮಿಫೈನಲ್ ಪಂದ್ಯದ ನಂತರ ಆಸ್ಟ್ರೇಲಿಯನ್ ಕ್ರಿಕೆಟಿಗರೊಬ್ಬರು ಘೋಷಣೆಗಳನ್ನು ಕೂಗುತ್ತಿರುವ ವಿಡಿಯೋ,
 ಆಸ್ಟ್ರೇಲಿಯಾ ವಿರುದ್ಧದ T20 ವಿಶ್ವಕಪ್ ಸೆಮಿಫೈನಲ್ ಪಂದ್ಯದಲ್ಲಿ ಪಾಕಿಸ್ತಾನದ ಸೋಲನ್ನು ಬಲೂಚಿಸ್ತಾನದ ಜನರು ಸಂಭ್ರಮಿಸಿದ್ದಾರೆ,
 ತ್ರಿಪುರಾ ಕೋಮು ಹಿಂಸಾಚಾರದ ವಿರುದ್ಧ ಕೇರಳದ ಮುಸ್ಲಿಮರು ಪ್ರತಿಭಟನೆ ನಡೆಸುತ್ತಿರುವ ವಿಡಿಯೋ,
 ತ್ರಿಪುರಾದಲ್ಲಿ ನಡೆದ ಕೋಮುಗಲಭೆಯನ್ನು ವರದಿ ಮಾಡಿರುವ ‘ಬಿಬಿಸಿ’ ಸುದ್ದಿವಾಹಿನಿಯ ವೀಡಿಯೋ,
 ತ್ರಿಪುರಾದಲ್ಲಿ ಮುಸ್ಲಿಮರ ವಿರುದ್ಧದ ಹಿಂಸಾಚಾರವನ್ನು ಎದುರಿಸಲು ಜಿಹಾದ್​ಗೆ ಕರೆ ನೀಡುವ ಮಸೀದಿಯ ವೀಡಿಯೊ,
 ರಸ್ತೆಗಳಲ್ಲಿ ನಮಾಜ್ ಮಾಡಿದ್ದಕ್ಕಾಗಿ ಉತ್ತರ ಪ್ರದೇಶ ಪೊಲೀಸರು ಮುಸ್ಲಿಮರನ್ನು ಥಳಿಸುತ್ತಿರುವ ವಿಡಿಯೊಗಳು,
 ಪ್ರಧಾನಿ ಮೋದಿ ಅವರು ಪೋಪ್‌ ಫ್ರಾನ್ಸಿಸ್‌ ಅವರನ್ನು ಭೇಟಿ ಮಾಡಲು ಟ್ಯಾಕ್ಸಿಯಲ್ಲಿ ಪ್ರಯಾಣಿಸಿದ ಚಿತ್ರಗಳು,
 ತ್ರಿಪುರಾದಲ್ಲಿ ಮುಸ್ಲಿಂ ಮನೆಗಳನ್ನು ಸುಡಲು ಗಲಭೆಕೋರರೊಂದಿಗೆ ‘ಜೈ ಶ್ರೀ ರಾಮ್’ ಘೋಷಣೆಗಳನ್ನು ಕೂಗುತ್ತಿರುವ ಪೋಲೀಸರ ವೀಡಿಯೊ,
 ರಾಜ್ಯದಲ್ಲಿ ಇತ್ತೀಚೆಗೆ ನಡೆದ ಕೋಮುಗಲಭೆಯ ಘಟನೆಗಳ ವಿರುದ್ಧ ತ್ರಿಪುರಾ ಮುಸ್ಲಿಮರು ಪ್ರತಿಭಟನೆ ನಡೆಸುತ್ತಿರುವ ವಿಡಿಯೋ,
 ಪುನೀತ್ ರಾಜ್​ಕುಮಾರ್ ಅವರ ಸಾವಿಗೆ ಸಂಬಂಧಿಸಿದಂತೆ ಡಾ. ದೇವಿ ಶೆಟ್ಟಿ ಅವರ ಸಂದೇಶ,
  ಬಾಸ್ಟನ್ ವಿಮಾನ ನಿಲ್ದಾಣದಲ್ಲಿ ರಾಹುಲ್ ಗಾಂಧಿಯ ಬಂಧನವನ್ನು ವರದಿ ಮಾಡಿರುವ ಹಳೆಯ ಪತ್ರಿಕೆ ಕ್ಲಿಪ್‌ನ ಸ್ಕ್ರೀನ್‌ಶಾಟ್,
 ಗೋಮೂತ್ರ ಉಪಯೋಗದಿಂದ ಕ್ಯಾನ್ಸರ್ ಸಂಪೂರ್ಣವಾಗಿ ಕಡಿಮೆಯಾಗಿದೆ ಎಂದು ಕಾಂಗ್ರೆಸ್ ಸಂಸದರೊಬ್ಬರು ರಾಜ್ಯಸಭೆಯಲ್ಲಿ ಮಾತನಾಡುತ್ತಿರುವ ದೃಶ್ಯಗಳು,
 ಪಶ್ಚಿಮ ಬಂಗಾಳದ ದುರ್ಗಾ ದೇವಿ ಮಂಡಲಗಳ ಮೇಲೆ ಮುಸ್ಲಿಮರು ದಾಳಿ ಮಾಡಿದ ವಿಡಿಯೋ,
 ಉತ್ತರ ಪ್ರದೇಶದ ದುರ್ಗಾ ಪೆಂಡಲ್ ಮೇಲೆ ಮುಸ್ಲಿಂ ಗುಂಪು ದಾಳಿಗೆ ಪ್ರತೀಕಾರ ತೀರಿಸಿಕೊಳ್ಳುವ ಹಿಂದೂಗಳ ವೀಡಿಯೋ,
 ‘ಪಿ. ಚಿದಂಬರಂ ಅವರು ತಮ್ಮ ಪತ್ನಿಯ ಒಡೆತನದ ಮನೆಯಲ್ಲಿ ವಾಸಿಸುತ್ತಿದ್ದರು. ಆದರೂ 10 ವರ್ಷಗಳ ಕಾಲ ಸರ್ಕಾರದಿಂದ ಮಾಸಿಕ 20 ಲಕ್ಷ ಬಾಡಿಗೆ ಭತ್ಯೆ ಪಡೆದಿದ್ದಾರೆ,
 ಕಾಂಗ್ರೆಸ್ ನಾಯಕಿ ಪ್ರಿಯಾಂಕಾ ಗಾಂಧಿ ಬನಾರಸ್‌ನಲ್ಲಿ ನಡೆದ ಸಾರ್ವಜನಿಕ ಕಾರ್ಯಕ್ರಮದಲ್ಲಿ ಕೇವಲ ಆಜಾನ್ ಪಠಿಸಿದರು,
 ಇತ್ತೀಚೆಗೆ ಬಾಂಗ್ಲಾದೇಶದಲ್ಲಿ ನಡೆದ ಹಿಂದೂಗಳ ಮೇಲಿನ ದಾಳಿಯಲ್ಲಿ ಮೃತಪಟ್ಟ ಬಾಂಗ್ಲಾದೇಶದ ಇಸ್ಕಾನ್ ಸನ್ಯಾಸಿಯ ಚಿತ್ರ,
 ಕಾಂಗ್ರೆಸ್ ಪಕ್ಷವು ಲಖಿಂಪುರದಲ್ಲಿ ರೈತರ ಮೇಲೆ ಕಾರು ಹರಿಸಲು ಹಣ ನೀಡಿದೆ,
" ಟಿಪ್ಪು ಸುಲ್ತಾನ್ ಜಿಹಾದಿ, ಅವರು ಹತ್ಯಾಕಾಂಡ, ಅತ್ಯಾಚಾರ ಮತ್ತು ಹಿಂದೂಗಳನ್ನು ಇಸ್ಲಾಂ ಧರ್ಮಕ್ಕೆ ಮತಾಂತರಿಸಿದ್ದರು ಎಂದು ಕರ್ನಾಟಕ ಹೈಕೋರ್ಟ್ ಹೇಳಿದೆ",
 ಪಂಜಾಬ್ ಸಿಎಂ ಚರಣಜಿತ್ ಸಿಂಗ್ ಚನ್ನಿ ಕ್ರೈಸ್ತರ ದೀಕ್ಷಾಸ್ನಾನ ಪಡೆಯುವ ವಿಡಿಯೋ,
" ಇದು ಊದು ಪಾವೈ ವಿಡಿಯೋ, ಇದು ಔಷಧೀಯ ಸಸಿಯಾಗಿದ್ದು, ಶಬ್ದದೊಂದಿಗೆ ಪರಾಗವನ್ನು ಹೊರ ಹಾಕುತ್ತದೆ",
 ಪ್ರಧಾನಿ ನರೇಂದ್ರ ಮೋದಿ ಇತ್ತೀಚಿಗೆ ನಿರ್ವಹಿಸಿದ ಟೆಲಿ ಕಾನ್ಪರೆನ್ಸ್‌ನಲ್ಲಿ ಮಹಿಳೆಯೊಬ್ಬರು ತನಗೆ ಪ್ರಧಾನಮಂತ್ರಿ ಯೋಜನೆಗಳೇನು ದೊರಕುತ್ತಿಲ್ಲ ಎಂದು ಉತ್ತರಿಸಿರುವ ದೃಶ್ಯಗಳು,
" ನ್ಯೂಯಾರ್ಕ್ ಟೈಮ್ಸ್ ಪ್ರಧಾನಿ ಮೋದಿಯನ್ನು ‘ಭೂಮಿಯ ಕೊನೆಯ, ಅತ್ಯುತ್ತಮ ಭರವಸೆ’ ಎಂದು ಕರೆದಿದೆ",
 ರಾಜಸ್ಥಾನದ ಜೈಪುರದಲ್ಲಿ ಪೊಲೀಸರ ಮೇಲೆ ಗುಂಪೊಂದು ಕಲ್ಲು ತೂರುತ್ತಿರುವ ಇತ್ತೀಚಿನ ವಿಡಿಯೋ,
 ನೀರಿನಿಂದ ತುಂಬಿದ ರಸ್ತೆಯಲ್ಲಿ ಉರುಳಿದ ವಾಹನದಿಂದ ತಮ್ಮನ್ನು ರಕ್ಷಿಸಿಕೊಳ್ಳುತ್ತಿರುವ ಯುಪಿ ಪೋಲಿಸರ ವಿಡಿಯೊ,
 ಉತ್ತರ ಪ್ರದೇಶದಲ್ಲಿ ಪ್ರತಿಭಟಿಸುತ್ತಿರುವ ರೈತರು ಭಾರತದ ಭಾವುಟವನ್ನು ಹರಿಯುತ್ತಿರುವುದು,
" “ಅಫ್ಘಾನಿಸ್ತಾನದ ಬೆಳವಣಿಗೆಗಳಿಂದ ಹತಾಶೆ ಮತ್ತು ಇಸ್ಲಾಮಿನ ಬಗ್ಗೆ ಅಸಹ್ಯ, ಕಳೆದ 2 ತಿಂಗಳಲ್ಲಿ ಸುಮಾರು 5000 ಮುಸ್ಲಿಂ ಹುಡುಗಿಯರು ಹಿಂದೂ ಹುಡುಗರನ್ನು ಮದುವೆಯಾಗಿದ್ದಾರೆ” – ಅಖಿಲ ಭಾರತ ಮುಸ್ಲಿಂ ವೈಯಕ್ತಿಕ ಕಾನೂನು ಮಂಡಳಿ ಅಧ್ಯಕ್ಷ",
 ಕಾಂಗ್ರೆಸ್ ಪಕ್ಷದ ರಾಜಕೀಯದಲ್ಲಿ’ಪ್ರತಿಯೊಬ್ಬ ಪುರುಷನಿಗೂ ಮಹಿಳೆಯರಿರುವುದು ಅಗತ್ಯ ಮತ್ತು ಸಹಜ’ ಎಂದು ರಾಹುಲ್ ಗಾಂಧಿಯವರು ಭಾಷಣದಲ್ಲಿ ಹೇಳಿದ್ದಾರೆ,
 ಜಮ್ಮು ಮತ್ತು ಕಾಶ್ಮೀರದಲ್ಲಿ 370ನೇ ವಿಧಿಯನ್ನು ರದ್ದುಗೊಳಿಸಿದ ನಂತರ ಕಾಶ್ಮೀರಿ ಪಂಡಿತರೊಬ್ಬರು ಗೋಹತ್ಯೆಯನ್ನು ಧೈರ್ಯದಿಂದ ತಡೆಯುವ ವಿಡಿಯೋ,
 ‘ ಕಿಸಾನ್ ಮಹಾಪಂಚಾಯತ್ ಕಾರ್ಯಕ್ರಮದಲ್ಲಿ  ರೈತರು ಎಲ್ಲೆಂದರಲ್ಲಿ ಮದ್ಯವನ್ನು ಸೇವಿಸುತ್ತಿರುವ ದೃಶ್ಯಗಳು,
 ಆರ್.ಎಸ್.ಎಸ್ ಮತ್ತು ಬಿಜೆಪಿ ಅತ್ಯಂತ ಶಕ್ತಿಯುತವಾದವುಗಳು ಎಂಬ ತಾಲಿಬಾನ್‌ರ ಆಂತರಿಕ ಸಂಭಾಷಣೆಯ ವಿಡಿಯೋ,
 ಹಗಲು ಹೊತ್ತಿನಲ್ಲಿ ಬ್ಯಾಂಕ್ ದರೋಡೆ ಮಾಡಲು ಬಂದ ದರೋಡೆಕೋರರನ್ನು ಪೊಲೀಸರು ಹಿಡಿಯುತ್ತಿರುವ ವಿಡಿಯೋ,
 ‘ಪಾಕಿಸ್ತಾನ್​ಮುರ್ದಾಬಾದ್​’ ಸ್ಟಿಕ್ಕರ್​ಗಳನ್ನು ತನ್ನ ಕಸದಬುಟ್ಟಿಗಳ ಮೇಲೆ ಅಂಟಿಸುವ ಮೂಲಕ ದೇಶಪ್ರೇಮ ಮೆರೆದ ದಿ ನೀಲ್​ಕಮಲ್​ಫರ್ನಿಚರ್​ಕಂಪನಿ,
 ಬರೇಲಿ ನಗರದಲ್ಲಿ ಒಬ್ಬ ಪೋಲೀಸ್ ದಂಡದ ಚಲನ್ ಬರೆದದ್ದಕ್ಕಾಗಿ ಮುಸ್ಲಿಮರು ಆತನನ್ನು ಹೊಡೆಯುತ್ತಿರುವ ದೃಶ್ಯಗಳು,
" ರೈತ ಚಳುವಳಿಯ ನಾಯಕ ರಾಕೇಶ್ ಟಿಕಾಯತ್, ಮುಸ್ಲಿಮರ ಸಹಾನುಭೂತಿಗಾಗಿ ‘ಅಲ್ಲಾ ಹು ಅಕ್ಬರ್’ ಎಂದು ಘೋಷಣೆ ಕೂಗಿದರೆ, ಹಿಂದೂ ರೈತರು ಕೋಪದಿಂದ ‘ಹರಹರ ಮಹಾದೇವ್’ ಎಂದು ಘೋಷಣೆ ಕೂಗಿದ್ದಾರೆ",
 ‘ಆಜ್ ತಕ್’ ಸುದ್ದಿ ಸಂಸ್ಥೆ ಮುಂದಿನ ಪ್ರಧಾನಿ ಯಾರು ಎಂಬ ವಿಷಯದಲ್ಲಿ ಸಮೀಕ್ಷೆ ನಡೆಸಿದೆ. ಅದರಲ್ಲಿ ಕಾಂಗ್ರೆಸ್‌ ನಾಯಕ ರಾಹುಲ್ ಗಾಂಧಿ 52% ಮತ್ತು ಪ್ರಧಾನಿ ನರೇಂದ್ರ ಮೋದಿ ಅವರು 46% ರಷ್ಟು ಮತಗಳನ್ನು ಪಡೆದ್ದಾರೆ ಎಂದು ಫೋಟೋವನ್ನು ಹಂಚಿಕೊಳ್ಳಲಾಗುತ್ತಿದೆ,
 ಬ್ಲ್ಯಾಕ್ ಹಾಕ್ ಹೆಲಿಕಾಪ್ಟರ್‌ಗೆ ತಾಲಿಬಾನ್‌ಗಳು ಒಬ್ಬ ವ್ಯಕ್ತಿಯನ್ನು ನೇಣು ಹಾಕಿದ ವಿಡಿಯೋ,
 ಮಧ್ಯಪ್ರದೇಶದ ಉಜ್ಜಯಿನಿಯಲ್ಲಿ ಪಾಕಿಸ್ತಾನ ಜಿಂದಾಬಾದ್ ಘೋಷಣೆಗಳನ್ನು ಕೂಗುತ್ತಿರುವ ದೇಶದ್ರೋಹಿಗಳ ಮನೆಗಳನ್ನು ಶಿವರಾಜ್ ಸಿಂಗ್ ಚೌಹಾಣ್ ಸರ್ಕಾರ ನೆಲಸಮ ಮಾಡಿದ ದೃಶ್ಯಗಳು,
 ಬೆಂಗಳೂರಿನ ವಿಮಾನ ನಿಲ್ದಾಣದ ಬಳಿ ಹಕ್ಕಿಗಳು ಗುಂಪು ಗುಂಪಾಗಿ ಹಾರಾಡುತ್ತಿರುವ ವಿಡಿಯೊ,
 ಮೊಹರಂ ದಿನದಂದು ಹಿಂದೂಗಳು ಉಜ್ಜಯಿನಿಯಲ್ಲಿ ರ್ಯಾಲಿ ಮಾಡಿ ಪಾಕಿಸ್ತಾನದ ವಿರುದ್ಧ ಘೋಷಣೆಗಳನ್ನು ಕೂಗುತ್ತಿದ್ದಾರೆ,
 ಅಪ್ಘಾನಿಸ್ತಾನದಲ್ಲಿ ತಾಲಿಬಾನ್‌ಗಳು ಅಲ್ಲಿನ ನಾಗರೀಕರನ್ನು ಕೊಲ್ಲುತ್ತಿರುವ ವಿಡಿಯೋ,
 ತಾಲಿಬಾನ್ ಬಂಡುಕೋರ ಐಸ್‌ಕ್ರಿಸ್‌ ತಿನ್ನುತ್ತಿರುವುದು,
 ತಾಲಿಬಾನ್ ಬಂಡುಕೋರರು ಅಫ್ಘಾನಿಸ್ತಾನದಲ್ಲಿ ಹಿಂದೂ ದೇವಾಲಯವನ್ನು ಧ್ವಂಸ ಮಾಡುವ ವಿಡಿಯೋ,
" 1,00,008 ವಜ್ರಗಳಿಂದ ಅಲಂಕರಿಸಲ್ಪಟ್ಟ ಏಕಾಂಬರನಾಥ ದೇವಾಲಯದಲ್ಲಿರುವ ಶಿವಲಿಂಗದ ದೃಶ್ಯಗಳು",
 ಬ್ಯಾಟರಿ ಅಥವಾ ಪೆಟ್ರೋಲ್ ಬಳಸದೆ 90kmph ವೇಗದಲ್ಲಿ ಚಲಿಸಬಲ್ಲ ಪೆಡಲ್ ಬೈಕ್‌ನ ವಿಡಿಯೋ,
 ಶ್ರೀನಗರ ಪೊಲೀಸರು ಭಯೋತ್ಪಾದಕರನ್ನು ಬಂಧಿಸುತ್ತಿರುವ ವಿಡಿಯೋ,
 ಆಪ್ಘಾನಿಸ್ತಾನದಲ್ಲಿ ಯುವತಿಯರನ್ನು ಸಾರ್ವಜನಿಕವಾಗಿ ಹರಾಜು ಹಾಕಿ ಮಾರುತ್ತಿರುವ ದೃಶ್ಯಗಳು,
 ತಾಲಿಬಾನ್‌ಗಳು ಮಾಸ್ಕ್‌ಗಳನ್ನು ಧರಿಸಿ ಜವಾಬ್ದಾರಿಯುತವಾಗಿ ಯುದ್ಧ ಮಾಡುತ್ತಿದ್ದಾರೆಂದು ‘CNN’ ಸುದ್ದಿ ಸಂಸ್ಥೆಯು ಹೊಗಳುತ್ತಾ ಲೇಖನ ಪ್ರಕಟಿಸಿದೆ,
" ಅಫ್ಘಾನ್ ವಾಯುಪಡೆಯ ಪೈಲಟ್, ಸಫಿಯಾ ಫಿರೋಜಿಯನ್ನು ತಾಲಿಬಾನ್ ಕೊಲೆ ಮಾಡುತ್ತಿರುವ ಫೋಟೋ",
" ಕೈಲಾಸ ಪರ್ವತದ ವಿಹಂಗಮ ದೃಶ್ಯಗಳನ್ನು ತೋರಿಸುತ್ತಿರುವ ವಿಡಿಯೋಸತ್ಯಾಂಶ; ಈ ವಿಡಿಯೋದಲ್ಲಿ ಕಾಣಿಸುತ್ತಿರುವುದು ಆಫ್ರಿಕಾ ದೇಶದಲ್ಲಿರುವ ಕಿಲಿಮಂಜಾರೋ ಪರ್ವತವೇ ಹೊರತು ಚೈನಾ ಆಕ್ರಮಿತ ಟಿಬೆಟ್ ಪ್ರಾಂತ್ಯದಲ್ಲಿರುವ ಕೈಲಾಸ ಪರ್ವತವಲ್ಲ. ರಿಜ್ವಾನ್ ರೆಮ್ತುಲ್ಲಾ ಎನ್ನುವ ಒಬ್ಬ ಪೈಲಟ್, ಕಿಲಿಮಂಜಾರೋ ಪರ್ವತವನ್ನು 360 ಡಿಗ್ರಿ ಸುತ್ತಾತ್ತ ಈ ಗಗನ ದೃಶ್ಯಗಳನ್ನು ರಿಕಾರ್ಡ್‌ ಮಾಡಿದ್ದಾನೆ. ಆದ್ದರಿಂದ, ಪೋಸ್ಟ್‌ನಲ್ಲಿ ಮಾಡಿರುವ ಪ್ರತಿಪಾದನೆ ತಪ್ಪಾಗಿದೆ",
 ಹಿಮಾಚಲ ಪ್ರದೇಶದಲ್ಲಿ ಪ್ರವಾಸಿಗರು ಟ್ರಾಫಿಕ್‌ನಲ್ಲಿ ಸಿಲುಕಿಕೊಂಡಿರುವ ವಿಡಿಯೋ,
 ಟೋಕಿಯೊ ಒಲಿಂಪಿಕ್ಸ್‌ನಲ್ಲಿ ಪುರುಷರ ಎತ್ತರ ಜಿಗಿತದ ಅಂತಿಮ ಸ್ಪರ್ಧೆಯಲ್ಲಿ ಇಟಲಿಯ ತಂಬೇರಿ ಕಾಲಿನ ಗಂಭೀರ ಗಾಯದಿಂದಾಗಿ ಕೊನೆಯ ಪ್ರಯತ್ನದಿಂದ ಹಿಂದೆ ಸರಿದ ನಂತರ ಚಿನ್ನದ ಪದಕವನ್ನು ತಂಬೇರಿಯೊಂದಿಗೆ ಹಂಚಿಕೊಳ್ಳಲು ಕತಾರ್‌ನ ಬಾರ್ಶಿಮ್ ನಿರ್ಧರಿಸಿದ್ದಾರೆ,
 ಹಿಂದೂ ದೇವಸ್ಥಾನದ ಸ್ಥಳವನ್ನು ಅತಿಕ್ರಮಿಸಿ ಮಸೀದಿ ಕಟ್ಟುವುದನ್ನು ತಡೆಯಲು ಯತ್ನಿಸಿದ ಪೊಲೀಸರೊಂದಿಗೆ ಮುಸ್ಲಿಂ ನಾಯಕರು ಆಕ್ರಮಣಕಾರಿಯಾಗಿ ಮಾತನಾಡುವ ವೀಡಿಯೋ,
 ಡಚ್ ವಿದ್ಯಾರ್ಥಿಗಳಿಗೆ ಭಗವದ್ಗೀತೆ ತರಗತಿಗಳನ್ನು ಕಡ್ಡಾಯಗೊಳಿಸಲಾಗಿದೆ,
 ಜೈಲಿನಲ್ಲಿರುವ ಬರ್ಮಾ ಮಾಜಿ ಪ್ರಧಾನಿ ಆಂಗ್ ಸಾನ್ ಸೂ ಕಿ ಅವರ ಫೋಟೋ,
 ಅಯೋಧ್ಯೆಯಲ್ಲಿ ನಿರ್ಮಿಸಲಾಗಿರುವ ಹೊಸ ರೈಲು ನಿಲ್ದಾಣದ ದೃಶ್ಯಗಳು,
 ಅಯೋಧ್ಯ ರಾಮಮಂದಿರದಲ್ಲಿ ಕೆತ್ತಲಾಗುತ್ತಿರುವ ಅದ್ಭುತ ಶಿಲ್ಪಗಳ ದೃಶ್ಯಗಳು,
 ತನ್ನ ವಿರುದ್ದ ಸ್ಪರ್ಧೆಗೆ ಬರುವಂತೆ ಪ್ರೇಕ್ಷಕರೊಂದಿಗೆ ಸವಾಲೆಸೆದ ಪಾಕಿಸ್ತಾನದ ಕುಸ್ತಿಪಟುವನ್ನು ಆರೆಸ್ಸೆಸ್ಸಿನ ದುರ್ಗಾ ವಾಹಿನಿಯ ಸಂಧ್ಯಾ ಪಡಕೆ (ಕೇಸರಿ ಬಟ್ಟೆ ಧರಿಸಿರುವ) ಹೊಡೆದರು,
 ಕೆನಡಾದ ಟೊರಂಟೋ ನಗರದಲ್ಲಿ ಬೀಸಿದ ಭಯಂಕರವಾದ ಸುಂಟರಗಾಳಿಯ ವಿಡಿಯೋವನ್ನು ಚೈನಾದ ನ್ಯಾಷನಲ್  ಜಿಯೋಗ್ರಾಫಿಕ್ ಮ್ಯಾಗಜೈನ್‌ನಿಂದ ಒಂದು ಮಿಲಿಯನ್ ಡಾಲರ್‍ ಕೊಟ್ಟು ಖರಿದೀಸಿದೆ,
"  ಕ್ಯೂಬಾ ಪ್ರಜೆಗಳು ಚೆಗುವೆರಾ ಚಿತ್ರಪಟವನ್ನು ಕಸದ ರಾಶಿಯಲ್ಲಿ ಎಸೆದ ಪೋಟೋ.ಸತ್ಯಾಂಶ; ಪೋಸ್ಟ್‌ನಲ್ಲಿ ಷೇರ್‍ ಮಾಡಿದ ಪೋಟೋವನ್ನು 2020 ರಲ್ಲಿ ಸ್ಪೈನ್ ದೇಶದ ರಾಜಧಾನಿ ಮಾಡ್ರೀಡ್ ನಗರದಲ್ಲಿ ಸೆರೆಹಿಡಿಯಲಾಗಿದೆ. ಈ ಪೋಟೋವನ್ನು ಅಲೆಜಾಂಡ್ರೊ ಒಲಿಯಾ ಎನ್ನುವ ಪೋಟೋಗ್ರಾಫರ್‍ ಸೆರೆಹಿಡಿದಿದ್ದಾರೆ. ಈ ಪೋಟೋ  ಕ್ಯೂಬಾ ದೇಶಕ್ಕೆ ಸಂಬಂಧಿಸಿರುವುದಲ್ಲ. ಆದ್ದರಿಂದ , ಪೋಸ್ಟ್‌ನಲ್ಲಿ ಮಾಡುತ್ತಿರುವ ಪ್ರತಿಪಾದನೆ ತಪ್ಪಾಗಿದೆ",
 ಮುಂಬೈನ ಆಸ್ಪತ್ರೆಯ ಹಾಸಿಗೆಗೆ ಸ್ಟಾನ್ ಸ್ವಾಮಿ ಅವರನ್ನು ಬೇಡಿಗಳಿಂದ ಬಂಧಿಸಿರುವ ಫೋಟೋ,
 ಹಿಂದೂಗಳ ಆಸ್ತಿಯನ್ನು ಮುಸ್ಲಿಮರಿಗೆ ಹಂಚಿಕೊಡಲು ರೋಶ್ನಿ ಕಾಯ್ದೆಯನ್ನು ಕಾನೂನಾಗಿ ರೂಪಿಸಲಾಯಿತು,
 24ರ ಡಿಸೆಂಬರ್ 1809 ರಂದು ವಿಶ್ವದ ಮೊದಲ ರೈಲು ಸಂಚಾರ ಆರಂಭಿಸಿತು,
  ಪಿಒಕೆ ಇಂಡಿಯಾದ ಭಾಗವಾಗಿದೆ ಮತ್ತು ನಾವು ಅದನ್ನು ಶೀಘ್ರದಲ್ಲೇ ವಶಪಡಿಸಿಕೊಳ್ಳುತ್ತೇವೆ ಎಂದು ಅಜಿತ್ ದೋವಲ್ ಅವರು ಟ್ವೀಟ್ ಮಾಡಿದ್ದಾರೆ,
 ಅಮೆರಿಕ ಸರ್ಕಾರವು ತಮ್ಮ ದೇಶದ ಅಮೆರಿಕನ್‌ ಡಾಲರ್‌‌ನ 100 ರ ನೋಟಿನಲ್ಲಿ ಅಂಬೇಡ್ಕರ್ ಅವರ ಚಿತ್ರವನ್ನು ಮುದ್ರಿಸಿದೆ,
 ವಿಶ್ವದ 50 ಅತ್ಯಂತ ಪ್ರಾಮಾಣಿಕ ವ್ಯಕ್ತಿಗಳ ಬಗೆಗಿನ ಅಮೆರಿಕದ ಸಮೀಕ್ಷೆಯಲ್ಲಿ ಮನಮೋಹನ್ ಸಿಂಗ್ ಅಗ್ರಸ್ಥಾನದಲ್ಲಿದ್ದಾರೆ,
 ಮೋದಿಯವರ ಒಂದೇ ದಿನದ ಕೊರೊನಾ ಲಸಿಕೆ ಅಭಿಯಾನವನ್ನು ಮಾಜಿ ಪ್ರಧಾನಿ ಮನಮೋಹನ್‌ ಸಿಂಗ್‌ ಅವರ ಅಧಿಕಾರಾವಧಿಯ ಪಲ್ಸ್‌ ಪೋಲಿಯೋ ಅಭಿಯಾನಕ್ಕೆ ಹೋಲಿಕೆ,
 ಕಾಶಿ ವಿಶ್ವನಾಥ್ ಮಂದಿರದಿಂದ ಗಂಗಾನದಿಯವರೆಗೂ ನಿರ್ಮಿಸಿದ ದಾರಿಗಾಗಿ 80  ಮುಸ್ಲಿಂ ಮನೆಗಳನ್ನು ಒಡೆದು ಹಾಕಿದಾಗ 45 ದೇವಸ್ಥಾನಗಳು ಕಂಡಿವೆ,
 ಭಾರತದಿಂದ ಪರಾರಿಯಾಗಲು ನೀರವ್‌ ಮೋದಿ ಬಿಜೆಪಿ ನಾಯಕರಿಗೆ  1300 ಕೋಟಿ ಲಂಚ ನೀಡಿದ್ದಾಗಿ ಲಂಡನ್ ನ್ಯಾಯಾಲಯದಲ್ಲಿ ಹೇಳಿಕೆ ನೀಡಿದ್ದಾರೆ,
 ಜಮ್ಮು ಮತ್ತು ಕಾಶ್ಮೀರದಲ್ಲಿ ರೋಹಿಂಗ್ಯಾಗಳ ಅಕ್ರಮ ಗುಡಿಸಲುಗಳನ್ನು ಅಧಿಕಾರಿಗಳು ನೆಲಸಮಗೊಳಿಸುವ ದೃಶ್ಯ.,
 ಹೃಷಿಕೇಶದ ಅರಳಿ ಮರದ ಮೇಲೆ ಮಾವಿನ ಕಾಯಿ ಬಿಟ್ಟಿರುವ ವಿಡಿಯೋ,
 ‘ಇತಿಹಾಸದಲ್ಲಿ ಮೊದಲ ಬಾರಿಗೆ ತಿರುಮಲಕ್ಕೆ ಹೋಗಲು ಸಾಧ್ಯವಾಗದವರಿಗೆ ಮತ್ತು ಕೊರೊನಾದಿಂದ ಶ್ರೀನಿವಾಸ ಸ್ವಾಮಿ ದೇವರ ದರ್ಶನ ಪಡೆಯದವರಿಗೆ ದೇವಾಲಯವು ಸ್ವಾಮಿಯ ಮೂಲವಿರಾಟ್ ದರ್ಶನದ ವಿಡಿಯೋ ಬಿಡುಗಡೆ ಮಾಡಿದೆ,
 ಕರೀಂನಗರದಲ್ಲಿ ಹಾವು ವಿಚಿತ್ರ ಶಬ್ದ ಮಾಡುವ ವಿಡಿಯೋ,
 ಯೋಗಿ ಆದಿತ್ಯನಾಥ್ ಸರ್ಕಾರ ಲಕ್ನೋದಲ್ಲಿ ನಿರ್ಮಿಸಿದ ಗೋಮತಿ ರಿವರ್‌ಫ್ರಂಟ್‌ನ ಪೋಟೋ,
 ‘ಕೋವಿಶೀಲ್ಡ್ ವ್ಯಾಕ್ಸಿನ್ ಹಾಕಿಸಿಕೊಂಡಿರುವ ವರ ಬೇಕಾಗಿದ್ದಾನೆ’ – ಪತ್ರಿಕೆಯ ಪ್ರಕಟಣೆ,
 ರಾಹುಲ್ ಗಾಂಧಿಯವರ ಲೋಕಸಭಾ ಕ್ಷೇತ್ರ ವಯನಾಡ್ನ ರಸ್ತೆಯ ಪರಿಸ್ಥಿತಿ,
 ‘ಯಾಸ್’ ಚಂಡಮಾರುತದ ಬಿರುಗಾಳಿಯ ದೃಶ್ಯಗಳು ಮತ್ತು ದೊಡ್ಡ ಮರಗಳು ಕೂಡ ಹತ್ತಿಯಂತೆ ಹಾರುತ್ತವೆ,
 ಕೇಂದ್ರ ಸರ್ಕಾರ ಕಳುಹಿಸಿದ ಸಾವಿರಗಟ್ಟಲೆ ರೆಮ್‌ಡಿಸಿವಿರ್ ಔಷಧಿಗಳನ್ನು  ರಾಜ್ಯ ಸರ್ಕಾರಗಳು ನದಿಯಲ್ಲಿ ಎಸೆದು ಹಾಳು ಮಾಡುತ್ತಿರುವ  ದೃಶ್ಯಗಳು,
 ಪ್ಯಾಲೆಸ್ಟೀನಿಯಾದವರು ಮಾಧ್ಯಮಗಳಿಗೆ ‘ಶವಗಳು’ ಎಂದು ಬಿಂಬಿಸುವ ವಿಡಿಯೋ,
,
 ಇಸ್ರೇಲ್ ಸೈನ್ಯ ಜೆರೂಸೆಲಂ ನಗರದಲ್ಲಿನ ಅಲ್ –ಅಕ್ಸಾ ಮಸೀದಿಯನ್ನು ವಶಪಡಿಸಿಕೊಂಡಿರುವ ದೃಶ್ಯಗಳು,
 ಬಿಲೀವರ್ಸ್ ಈಸ್ಟರ್ನ್ ಚರ್ಚ್ (ಕೇರಳ) ನಿಂದ 7000 ಕೋಟಿ ರೂ ಕಪ್ಪು ಹಣವನ್ನು ಜಾರಿ ಇಲಾಖೆ ವಶಪಡಿಸಿಕೊಂಡಿದೆ,
 ಗಂಗೆಯಲ್ಇ ತೇಲುತ್ತಿರುವ ಶವಗಳ ಇತ್ತೀಚಿನ ಚಿತ್ರಗಳು,
 ಕೊರೊನಾ ಮುಕ್ತ ಭಾರತಕ್ಕಾಗಿ ನನ್ನ ಎಲ್ಲಾ ಸಂಪತ್ತನ್ನು ವ್ಯಯಿಸುತ್ತೇನೆ ಎಂದು ರತನ್ ಟಾಟಾ ಹೇಳಿದ್ದಾರೆ,
 ಕೋವಿಡ್ ಲಸಿಕೆ ಪಡೆದ ವ್ಯಕ್ತಿ ಮತ್ತು ಇತರರ ಶ್ವಾಸಕೋಶವನ್ನು ಪ್ರತಿನಿಧಿಸುವ ಸಿಟಿ ಸ್ಕ್ಯಾನ್ ವರದಿಗಳು,
 ಗಾಝಾ ನಗರದಲ್ಲಿ ಇಸ್ರೇಲ್ ನಡೆಸಿದ ವೈಮಾನಿಕ ದಾಳಿಯಲ್ಲಿ ಗಾಯಗೊಂಡ ಫ್ಯಾಲೆಸ್ತೀನಿಯನ್‌‌ ಹೆಣ್ಣು ಮಗುವಿನ ಚಿತ್ರ,
 ಇಸ್ರೇಲ್‌ನಲ್ಲಿ ನಡೆದ ಭಾರಿ ಸ್ಪೋಟದಿಂದ 500 ಯಹೂದಿಗಳು ಕೊಲ್ಲಲ್ಪಟ್ಟ ವಿಡಿಯೋ,
 ಇಸ್ರೇಲ್-ಪ್ಯಾಲೇಸ್ಟಿನಿಯನ್ ದಾಳಿಯ ಹಿನ್ನೆಲೆಯಲ್ಲಿ ಇಸ್ರೇಲ್ ಸೈನ್ಯವು ಮಸೀದಿಯನ್ನು ನೆಲಸಮಗೊಳಿಸುವ ವಿಡಿಯೋ,
 ಬಾಬಾ ರಾಮ್‌ದೇವ್‌ರವರು ಸ್ವತಃ ಆಸ್ಪತ್ರೆಗೆ ದಾಖಲಾಗಿ ವೆಂಟಿಲೇಟರ್ ಬೆಂಬಲದಿಂದ ಚಿಕಿತ್ಸೆ ಪಡೆಯುತ್ತಿದ್ದಾರೆ,
 ವಿಧಾನಸಭಾ ಚುನಾವಣಾ ಫಲಿತಾಂಶ ಘೋಷಣೆಯ ನಂತರ ಟಿಎಂಸಿ ಬೆಂಬಲಿಗರು ಪೊಲೀಸರ ಮೇಲೆ ಹಲ್ಲೆ ನಡೆಸಿದ ವಿಡಿಯೋ,
 ಗೃಹ ಸಚಿವ ಅಮಿತ್ ಶಾ ಮತ್ತು ಉತ್ತರ ಪ್ರದೇಶ ಸಿಎಂ ಯೋಗಿ ಆದಿತ್ಯನಾಥ್ ಹರಿದ್ವಾರದ ಕುಂಭಮೇಳದಲ್ಲಿ ಮಾಸ್ಕ್ ಧರಿಸದೇ ಪವಿತ್ರ ಸ್ನಾನ ಮಾಡುತ್ತಿದ್ದಾರೆ,
 ಇತ್ತೀಚಿನ ಕುಂಭಮೇಳದಲ್ಲಿ ದೊಡ್ಡ ಹಿಂದೂ ಭಕ್ತರ ಕೂಟಗಳ ಚಿತ್ರಗಳು,
 ಭಾರತದ ಕೊರೊನಾ ರೋಗಿಗಳಿಗೆ ಆಮ್ಲಜನಕ ಸಿಲಿಂಡರ್‌ಗಳ ಪ್ರಸ್ತುತ ಅಗತ್ಯತೆಯನ್ನು ತೋರಿಸುವ ಫೋಟೋಗಳು,
 ಲವ್‌ಜಿಹಾದ್‌ ಅನ್ನು ವಿರೋಧಿಸಿದ್ದಕ್ಕಾಗಿ ದೆಹಲಿಯಲ್ಲಿನ ಮಹಿಳೆಯನ್ನು  ಒಬ್ಬ ವ್ಯಕ್ತಿ ಹತ್ಯೆ ಮಾಡುತ್ತಿರುವ ವಿಡಿಯೋ,
 ಸೂಯೆಜ್ ಕಾಲುವೆಯಲ್ಲಿ ಸಿಲುಕಿಕೊಂಡಿದ್ದ ಹಡಗು ಮತ್ತೆ ನೀರಿನಲ್ಲಿ ಪ್ರಯಾಣಿಸಲು ಪ್ರಾರಂಭಿಸಿದಾಗ ಧೂಮ್ ಚಲನಚಿತ್ರದ ಸಂಗೀತ ಹಾಕಲಾಗಿತ್ತು,
" ಹಿಂದೂಗಳನ್ನು ರೋಗಿಗಳಾಗಿಸಲು ರಾಸಾಯನಿಕಗಳನ್ನು ಹೊಂದಿರುವ ಆಹಾರವನ್ನು ಮುಸ್ಲಿಮರು ಮಾರಾಟ ಮಾಡುವಂತೆ ದಾರುಲ್ ಉಲೂಮ್ ದೇವ್‌ಬಂದ್, ‘ಫತ್ವಾ’ ಹೊರಡಿಸಿತು",
" ಹಿಂದೂಗಳನ್ನು ರೋಗಿಗಳಾಗಿಸಲು ರಾಸಾಯನಿಕಗಳನ್ನು ಹೊಂದಿರುವ ಆಹಾರವನ್ನು ಮುಸ್ಲಿಮರು ಮಾರಾಟ ಮಾಡುವಂತೆ ದಾರುಲ್ ಉಲೂಮ್ ದೇವ್‌ಬಂದ್, ‘ಫತ್ವಾ’ ಹೊರಡಿಸಿತು",
 ದೆಹಲಿಯಲ್ಲಿ ರೈತರ ಪ್ರತಿಭಟನಾ ವಿಷಯದ ಬಗ್ಗೆ ನಟ ಅಜಯ್ ದೇವಗನ್ ಕುಡಿದು ಗಲಾಟೆ ಮಾಡಿ ಹೊಡೆತ ತಿಂದಿರುವ ವಿಡಿಯೋ,
 ಮಾಜಿ ಪ್ರಧಾನಿ ಮನಮೋಹನ್ ಸಿಂಗ್‌ರವರು ಬಾಂಗ್ಲಾದೇಶಕ್ಕೆ ಭೇಟಿ ನೀಡಿದಾಗ ಕಾಂಗ್ರೆಸ್ ಅಧ್ಯಕ್ಷೆ ಸೋನಿಯಾ ಗಾಂಧಿಯವರು ಬಾಂಗ್ಲಾ ಪ್ರಧಾನಿ ಶೇಖ್ ಹಸೀನಾರವರ ಪಕ್ಕ ಮುಖ್ಯ ಖುರ್ಚಿಯಲ್ಲಿ ಕುಳಿತಿದ್ದಾರೆ,
‌ ಜನರೇ ಇಲ್ಲದ ಖಾಲಿ ಮೈದಾನಕ್ಕೆ ಕೈ ಬೀಸುತ್ತಾ ಮೋದಿ  ಶುಭಾಶಯ ಕೋರುತ್ತಿರುವ ವಿಡಿಯೋ,
‌ ಅಂಬಾನಿ ಮತ್ತು ಅದಾನಿಗಳಿಗೆ ಭೂಮಿ  ಕೊಡಲು ಗುಜರಾತ್‌ನಲ್ಲಿ ಐವತ್ತು ದೇವಸ್ಥಾನಗಳನ್ನು ಕೆಡವಿದ ಬಿಜೆಪಿ ಸರ್ಕಾರ,
 ಈ ದೇಶದ ಬಡ ಜನರನ್ನು ಮರುಳು ಮಾಡಲು ಪಿಎಂ ನರೇಂದ್ರ ಮೋದಿ ಅವರ ಮಾತುಗಳನ್ನು ಬಹಿರಂಗಪಡಿಸುವ ವಿಡಿಯೋ,
 ಇತ್ತೀಚಿನ ಭೈನ್ಸಾ ಕೋಮು ಹಿಂಸಾಚಾರದಲ್ಲಿ ಧ್ವಂಸಗೊಂಡ ಆಸ್ತಿಗಳ ಫೋಟೋಗಳು,
 ಭವಿಷ್ಯದಲ್ಲಿ ಭಾರತ ಇಸ್ಲಾಮಿಕ್ ರಾಷ್ಟ್ರವಾಗಲಿದೆ ಎಂದು ಎಐಯುಡಿಎಫ್ ಮುಖ್ಯಸ್ಥ ಮೌಲಾನಾ ಬದ್ರುದ್ದೀನ್ ಅಜ್ಮಲ್ ಹೇಳುವ ವಿಡಿಯೋ,
 ಮಮತಾ ಬ್ಯಾನರ್ಜಿ ಇದ್ದಕ್ಕಿದ್ದಂತೆ ತನ್ನ ಗಾಲಿಕುರ್ಚಿಯಿಂದ ನಡೆದುಕೊಂಡು ಹೋಗುತ್ತಿರುವ ಫೋಟೋ,
 ಮಮತಾ ಬ್ಯಾನರ್ಜಿಯವರ  ಬ್ಯಾಂಡೇಜ್ ತಮ್ಮ ಎಡಗಾಲಿನಿಂದ ಬಲಗಾಲಿಗೆ ಬದಲಾಗಿದೆ ಎಂದು ಫೋಟೋಗಳು ತೋರಿಸುತ್ತವೆ,
" ಈಜಿಪ್ಟ್ ಮೂಲದ ಕುವೈತ್ ಉದ್ಯಮಿ ಅರಬ್‌ನ ನಾಸರ್ ಅಲ್ ಖರಾಫೀಯವರು ನಿಧನರಾದಾಗ, ತಾವು ಬಿಟ್ಟು ಹೋದ ಆಸ್ತಿ, ಅಂತಸ್ತು, ವೈಡೂರ್ಯಗಳ ಚಿತ್ರಗಳನ್ನು ಇಲ್ಲಿ ಪ್ರಕಟಿಸಲಾಗಿದೆ",
 ಭಾರತದ ದ್ವಾರಕಾ ನಗರದ ನೀರೊಳಗಿನ ಚಿತ್ರಗಳು,
 ಇತ್ತೀಚಿಗೆ (2021) ಪಶ್ಚಿಮ ಬಂಗಾಳದಲ್ಲಿ ನಡೆದ ಪಿಎಂ ಮೋದಿಯರವ ರ್ಯಾಲಿಯಲ್ಲಿ ಭಾಗವಹಿಸಿದ್ದ ಬೃಹತ್ ಜನಸ್ತೋಮದ ಫೋಟೊಗಳು,
 ಆರ್ಟಿಕಲ್ 30 ಎ ಶಾಲೆಗಳಲ್ಲಿ ‘ಗೀತಾ’  ಮತ್ತು ‘ರಾಮಾಯಣ’ಬೋಧನೆಯನ್ನು ನಿರ್ಬಂಧಿಸುತ್ತದೆ,
‌ ʼಕೇಂದ್ರ ಗೃಹ ಸಚಿವ ಅಮಿತ್‌ ಷಾ ಪುತ್ರನಾದ ಜೈ ಷಾ ಒತ್ತಡ ಹಾಕಿದ್ದರಿಂದಲೇ ಭಾರತ ಕ್ರೀಕೇಟ್‌ ಆಟಗಾರರು ರೈತ ಹೋರಾಟದ ವಿರುದ್ಧ ಟ್ವಿಟ್‌ ಮಾಡುತ್ತಿದ್ದಾರೆʼ ಪ್ರಮುಖ ಕ್ರಿಕೇಟ್‌ ಆಟಗಾರ ಕಪಿಲ್‌ ದೇವ್‌ ಹೇಳಿದ್ದಾರೆ,
 ಪ್ರಧಾನಿ ನರೇಂದ್ರ ಮೋದಿಯವರನ್ನು ಕೇಂದ್ರ ಸಚಿವ ನಿತಿನ್ ಗಡ್ಕರಿ ಟೀಕಿಸಿದ್ದಾರೆ,
 ಕಂಗನಾ ರಣಾವತ್ ಬಗ್ಗೆ ರಿಹಾನ್ನಾ ಟ್ವೀಟ್ ಮಾಡಿದ್ದಾರೆ,
 2021 ರ ಫೆಬ್ರವರಿ ತಿಂಗಳು ವಿಶಿಷ್ಟವಾಗಿದೆ. ಏಕೆಂದರೆ ಎಲ್ಲಾ ವಾರದ ದಿನಗಳೂ ಸಹ ಈ ತಿಂಗಳಲ್ಲಿ ನಾಲ್ಕು ಬಾರಿ ಪುನರಾವರ್ತನೆಯಾಗುತ್ತದೆ. ಇದು ಪ್ರತಿ 823 ವರ್ಷಗಳಿಗೊಮ್ಮೆ ಸಂಭವಿಸುತ್ತದೆ,
 2019 ರ ಫೆಬ್ರವರಿ 14 ರಂದು ಪುಲ್ವಾಮಾದಲ್ಲಿ ಸಿಆರ್‌ಪಿಎಫ್ ಸಿಬ್ಬಂದಿ ಮೇಲೆ ನಡೆದ ದಾಳಿಯ ವಿಡಿಯೋ ಇದು,
" ಭಗತ್ ಸಿಂಗ್, ರಾಜ್‌ಗುರು ಮತ್ತು ಸುಖದೇವ್ ಅವರನ್ನು 14 ಫೆಬ್ರವರಿ 1931 ರಂದು (ಪ್ರೇಮಿಗಳ ದಿನ) ಗಲ್ಲಿಗೇರಿಸಲಾಯಿತು",
 ಲೈವ್ ವಿಡಿಯೋ ಕಾನ್ಫರೆನ್ಸ್‌ನಲ್ಲಿ ಇಂಧನ ಬೆಲೆ ಏರಿಕೆ ಬಗ್ಗೆ ಪ್ರಶ್ನೆ ಕೇಳಿದ ವ್ಯಕ್ತಿಯನ್ನು ಕುಳಿತುಕೊಳ್ಳುವಂತೆ ನರೇಂದ್ರ ಮೋದಿ ಹೇಳುವ ವಿಡಿಯೋ,
 ರಾಹುಲ್ ಗಾಂಧಿ ಮಾಸ್ಕ್ ಹಾಕಿಕೊಂಡೇ ಊಟ ಮಾಡುತ್ತಾರೆ,
 ಪ್ರತಿಭಟನೆ ನಡೆಸುತ್ತಿರುವ ಮಹಿಳಾ ರೈತರ ಮೇಲೆ ನೀರಿನ ಟ್ಯಾಂಕರ್ ಹತ್ತಿಸುವ ಮೂಲಕ ಉತ್ತರ ಪ್ರದೇಶ ಸರ್ಕಾರ ದಾಳಿ ನಡೆಸಿದ ವಿಡಿಯೋ,
 ಆಂಧ್ರಪ್ರದೇಶದ ಎಲೂರಿನಲ್ಲಿ ಮತ್ತೊಂದು ಹಿಂದೂ ದೇವಸ್ಥಾನ ಧ್ವಂಸಗೊಂಡಿದೆ,
 ಗಣರಾಜ್ಯೋತ್ಸವದಂದು ಆಯೋಜಿಸಿದ್ದ ಟ್ರ್ಯಾಕ್ಟರ್ ರ್ಯಾಲಿಯಲ್ಲಿ ಭಾಗವಹಿಸಿದ ರೈತರನ್ನು ದೆಹಲಿ ಪೊಲೀಸರು ಥಳಿಸಿರುವ ಫೋಟೋಗಳು,
 ಭಾರತೀಯ ರೈತರು ಭಾರತೀಯ ಧ್ವಜದ ಮೇಲೆ ನಿಂತು ಅವಮಾನಿಸುತ್ತಿರುವ ವಿಡಿಯೋ,
 ಲೈಫ್‌ ಟ್ಯಾಂಕ್‌ ಸಹಾಯದೊಂದಿಗೆ ಈಜುವ 5000 ವರ್ಷ ಹಳೆಯ ಪುರಾತನ ಭಾರತೀಯ ಪ್ರಾತಿನಿಧ್ಯ,
 1893 ರ ವಿಶ್ವ ಧಾರ್ಮಿಕ ಸಮ್ಮೇಳನದಲ್ಲಿ ಸ್ವಾಮಿ ವಿವೇಕಾನಂದರು ಮಾಡಿದ್ದ ಪ್ರಸಿದ್ದ ಭಾಷಣವನ್ನು ಚಿಕಾಗೊ ಆರ್ಟ್ ಇನ್ಸ್ಟಿಟ್ಯೂಟ್‌‌ ಸಭಾಂಗಣದ ಮೆಟ್ಟಿಲುಗಳಲ್ಲಿ ಪ್ರತಿದಿನ ಪ್ರದರ್ಶಿಸಲಾಗುತ್ತದೆ,
 ಸಂದೇಶಗಳನ್ನು ಕಳುಹಿಸಲು ವಾಟ್ಸಾಪ್ ತಮ್ಮ ಬಳಕೆದಾರರಿಗೆ ಶುಲ್ಕ ವಿಧಿಸುತ್ತದೆ,
 ಇಂಡಿಯಾ ಗೇಟ್‌ನಲ್ಲಿ ಸ್ವಾತಂತ್ರ್ಯ ಹೋರಾಟಗಾರರ ಹೆಸರನ್ನು ಕೆತ್ತಲಾಗಿದೆ,
 ರೈತರ ಪ್ರತಿಭಟನೆಯಲ್ಲಿ ಭಾಗವಹಿಸಿದ ನಂತರ ಸಿಖ್ ಉಡುಪನ್ನು ಧರಿಸಿ ನಮಾಜ್ ಮಾಡಿದ ವಂಚಕನ ಫೋಟೋ,
 ಪಂಜಾಬ್‌ನ ಹೋರಾಟನಿರತ ರೈತರು ರಾಷ್ಟ್ರೀಯ ಹೆದ್ದಾರಿಗಳಲ್ಲಿ ಹಿಂದಿ ಸೈನ್‌ಬೋರ್ಡ್‌ಗಳಿಗೆ ಮಸಿ ಬಳಿಯುತ್ತಿದ್ದಾರೆ,
 ವಿರಾಟ್-ಅನುಷ್ಕಾ ಅವರ ನವಜಾತ ಮಗುವಿನ ಚಿತ್ರಗಳು,
" ಪಾಕಿಸ್ತಾನದ ಬಾಲಾಕೋಟ್‌ನಲ್ಲಿ ಫೆಬ್ರವರಿ 26, 2019 ರಂದು ಭಾರತ ನಡೆಸಿದ್ದ ವೈಮಾನಿಕ ದಾಳಿಯಲ್ಲಿ 300 ಜನ ಪಾಕಿಸ್ತಾನಿಗಳು ಸಾವನ್ನಪ್ಪಿದ್ದರು ಎಂಬುದನ್ನು ಪಾಕಿಸ್ತಾನದ ರಾಜತಾಂತ್ರಿಕ ಅಧಿಕಾರಿ ಒಪ್ಪಿಕೊಂಡಿದ್ದಾರೆ",
 ಹೊಸ ಕೃಷಿ ಕಾನೂನುಗಳನ್ನು ವಿರೋಧಿಸಿ ರೈತರು ನಡೆಸುತ್ತಿರುವ ಪ್ರತಿಭಟನೆಯ ನೂರಾರು ಡೇರೆಗಳನ್ನು ತೋರಿಸುವ ಚಿತ್ರ,
 ಭಾರತದಲ್ಲಿ ನಡೆಯುತ್ತಿರುವ ರೈತರ ಪ್ರತಿಭಟನೆಗಳ ಕುರಿತು ನ್ಯಾಷನಲ್ ಜಿಯಾಗ್ರಫಿಕ್ ನಿಯತಕಾಲಿಕೆಯ ಮುಖಪುಟದ ಫೋಟೋ,
 ಪ್ರಪಂಚದ ಕೇವಲ 5 ರಾಷ್ಟ್ರಗಳು ಮಾತ್ರ ಕೋವಿಡ್ -19 ಲಸಿಕೆ ತಯಾರಿಸುತ್ತಿವೆ. ಅವುಗಳಲ್ಲಿ ಭಾರತದ ಲಸಿಕೆ ಅತ್ಯಂತ ಪರಿಣಾಮಕಾರಿಯಾದುದು,
 ಪಿಎಎಫ್ ಎಫ್-16 ಫೈಟರ್ ಜೆಟ್‌ನ ಕಾಕ್‌ಪಿಟ್‌ನಲ್ಲಿ ಪಾಕಿಸ್ತಾನ ಪೈಲಟ್ ಮೂತ್ರ ವಿಸರ್ಜಿಸುವ ಬಗ್ಗೆ ‘Dawn’ ಸುದ್ದಿ ಲೇಖನ,
 ಪಾಕಿಸ್ತಾನದ ಪತ್ರಕರ್ತನೊಬ್ಬ ಭಾರತದ ಪ್ರಧಾನಿ ನರೇಂದ್ರ ಮೋದಿಯವರನ್ನು ಹೊಗಳಿದ್ದಾರೆ,
‌ ಜಗತ್ತಿನಲ್ಲಿನ ಸಿರಿವಂತರಲ್ಲಿ ಕಾಂಗ್ರೆಸ್ ನಾಯಕಿ ಸೋನಿಯಾ ಗಾಂಧಿಯ ಹೆಸರು ನಾಲ್ಕನೆ ಸ್ಥಾನದಲ್ಲಿ ಇದೆ,
 ಗೌತಮ್ ಅದಾನಿಯವರ ಪತ್ನಿ ಪ್ರೀತಿ ಅದಾನಿಗೆ ಪ್ರಧಾನಿ ನರೇಂದ್ರ ಮೋದಿ ವಿದೇಯನಾಗಿ ನಮಸ್ಕರಿಸುವ ಚಿತ್ರ,
,
 ಆಂಧ್ರಪ್ರದೇಶದ ಪಡಿತರ ಚೀಟಿಗಳಲ್ಲಿ ಜೀಸಸ್ ಫೋಟೋ ಮುದ್ರಿಸಲಾಗಿದೆ,
 ರೈತರ ಪ್ರತಿಭಟನೆಯಲ್ಲಿ ಭಾಗವಹಿಸಿದ ಮುಸುಕುಧಾರಿ ಉಗ್ರವಾದಿಗಳನ್ನು ಬಂಧಿಸಿದ ಪಂಜಾಬ್‌ ಸರ್ಕಾರ,
,
 ಹೊಸ ಕೃಷಿ ಮಸೂದೆಗಳನ್ನು ಪರಿಚಯಿಸುವ ಮುನ್ನ 2019 ರಲ್ಲಿ ಬಹು ಕೃಷಿ ಆಧಾರಿತ ಕಂಪನಿಗಳನ್ನು ಅದಾನಿ ಸ್ಥಾಪಿಸಿದರು,
 ಕೃಷಿ ಕಾನೂನುಗಳ ವಿರುದ್ಧ ಪ್ರತಿಭಟನೆ ನಡೆಸುತ್ತಿರುವ ರೈತರಲ್ಲಿ ಖಲಿಸ್ತಾನ್ ಪರ ಪ್ರತಿಭಟನಾಕಾರರು ಪ್ರತ್ಯೇಕ ಖಲಿಸ್ತಾನಕ್ಕೆ ಒತ್ತಾಯಿಸಿ ಫಲಕಗಳನ್ನು ಹಿಡಿದಿದ್ದಾರೆ,
 ಭಾರತೀಯ ರೈತರು ‘ಖಲಿಸ್ತಾನ್ ಜಿಂದಾಬಾದ್’ ಘೋಷಣೆಗಳನ್ನು ಕೂಗುತ್ತಿದ್ದಾರೆ ಮತ್ತು ಹೊಸ ಕೃಷಿ ಮಸೂದೆಗಳ ವಿರುದ್ಧ ನಡೆಯುತ್ತಿರುವ ಪ್ರತಿಭಟನೆಯಲ್ಲಿ ಪಾಕಿಸ್ತಾನ ಪ್ರಧಾನಿ ಇಮ್ರಾನ್ ಖಾನ್ ಅವರನ್ನು ಹೊಗಳಿದ್ದಾರೆ,
 ಇತ್ತೀಚಿನ ದೆಹಲಿ ರೈತ ಹೋರಾಟದ ಚಿತ್ರಗಳು,
 ಇತ್ತೀಚೆಗೆ ನಡೆದ ರೈತರ ಪ್ರತಿಭಟನೆಯಲ್ಲಿ ಮಿಲಿಟರಿ ನಿವೃತ್ತ ಮತ್ತು ಹಿರಿಯ ನಾಯಕ ಪಿಪಿಎಸ್ ಧಿಲ್ಲನ್ ಅವರ ಕಣ್ಣಿಗೆ ಗಾಯವಾಗಿದೆ,
 ಎಎಪಿ ಪಾವತಿಸಿದ ಕಾರ್ಯಕರ್ತರನ್ನು ರೈತರ ಪ್ರತಿಭಟನೆಗೆ ನೀಡುತ್ತಿದೆ,
 ರೈತರ ಹೋರಾಟದಲ್ಲಿ ನಕಲಿ ಸಿಖ್‌ನನ್ನು ಪೊಲೀಸರು ಹಿಡಿದಿದ್ದಾರೆ,
,
,
,
 ನೈಸ್‌ನಲ್ಲಿ ನಡೆದ ದಾಳಿಯ ನಂತರ ಫ್ರಾನ್ಸ್‌ನಲ್ಲಿ ಒಬ್ಬ ವ್ಯಕ್ತಿ ಮುಸ್ಲಿಂ ಮಹಿಳೆಯ ಮೇಲೆ ಹಲ್ಲೆ ಮಾಡಿದ ವಿಡಿಯೋ,
 ಫ್ರಾನ್ಸ್‌ನಲ್ಲಿ ನಡೆಯುತ್ತಿದ್ದ ಪ್ರತಿಭಟನೆ ವೇಳೆ ಮುಸ್ಲಿಂ ಪ್ರತಿಭಟನಾಕಾರರ ವಿರುದ್ಧ ಪೊಲೀಸರು ಅಶ್ರುವಾಯು ಮತ್ತು ನೀರಿನ ಫಿರಂಗಿಗಳನ್ನು ಬಳಸುವ ವಿಡಿಯೋ,
 ಪತ್ರಕರ್ತ ಅರ್ನಾಬ್‌ ಗೋಸ್ವಾಮಿಗೆ ಪೋಲೀಸರು ಹೊಡೆಯುತ್ತಿರುವ ಪೋಟೋ,
 ಫ್ರೆಂಚ್ ಪೊಲೀಸರಿಂದ ಮುಸ್ಲಿಂ ಮಹಿಳೆಯ ಮೇಲೆ ನಡೆಯ ಹಲ್ಲೆಯ ವಿಡಿಯೋ,
 ನೈಸ್ ದಾಳಿಕೋರನನ್ನು ಪೊಲೀಸರು ಬಂಧಿಸುವ ವಿಡಿಯೋ,
 ‘ಖುರಾನ್  ಎಲ್ಲ ದುಷ್ಟತನಗಳ ಮೂಲ’ ಎಂದು ಆರೋಪಿಸುತ್ತಿರುವ ಫ್ರೆಂಚ್ ಸಚಿವರು,
 ಇತ್ತೀಚೆಗೆ ಫ್ರಾನ್ಸದಲ್ಲಿ ದಾಳಿ ನಡೆಸಿದ ಭಯೋತ್ಪಾದಕನನ್ನು ಫ್ರಾನ್ಸ್  ಪೊಲೀಸರು ಬೆನ್ನಟ್ಟುವ ವಿಡಿಯೋದ ದೃಶ್ಯ,
 2020 ರ ವಿಧಾನಸಭಾ ಚುನಾವಣೆಯ ಹಿನ್ನೆಲೆಯಲ್ಲಿ ಬಿಹಾರದಲ್ಲಿ ‘ಗೋ ಬ್ಯಾಕ್ ಮೋದಿ’ಎಂದು ಹೇಳುವ ರಸ್ತೆ ಬರಹದ  ಚಿತ್ರ,
 2013ರಲ್ಲಿ ಪಾಟ್ನಾದಲ್ಲಿ ನಡೆದ ಬಾಂಬ್ ದಾಳಿಯಲ್ಲಿ ಪಾಲ್ಗೊಂಡ ಉಗ್ರವಾದಿ ಕಾಂಗ್ರೆಸ್ ಪಕ್ಷದ ಪರವಾಗಿ ಬಿಹಾರದಲ್ಲಿ ನಾಮಪತ್ರ ಸಲ್ಲಿಸುತ್ತಿರುವಾಗ ಬಂಧಿಸಿದ ಪೋಲೀಸರು,
,
 ಕೊರೊನಾ ಸೋಂಕು ಹರಡುವಿಕೆಯನ್ನು ಯಶಸ್ವಿಯಾಗಿ ನಿಯಂತ್ರಿಸಿದ ಕೊಡಗು ಜಿಲ್ಲಾಧಿಕಾರಿಗೆ ಸನ್ಮಾನದ ವೀಡಿಯೊ,
 ತನ್ನ ರಿಕ್ಷಾವನ್ನು ಸರ್ಕಾರಿ ಅಧಿಕಾರಿಗಳು ವಶಪಡಿಸಿಕೊಳ್ಳುತ್ತಿರುವಾಗ ಭಾರತದ ರಿಕ್ಷಾ ಚಾಲಕನೊಬ್ಬ ಅಳುತ್ತಿರುವ ವಿಡಿಯೋ,
 ಫೋರ್ಬ್ಸ್‌ನ ‘ವಿಶ್ವದ ಹೆಚ್ಚು ವಿದ್ಯಾವಂತ ನಾಯಕರು’ ಪಟ್ಟಿಯಲ್ಲಿ ರಾಹುಲ್ ಗಾಂಧಿ ಏಳನೇ ಸ್ಥಾನದಲ್ಲಿದ್ದಾರೆ,
 ಮುಸ್ಲಿಂ ಹುಡುಗನನ್ನು ಮದುವೆ ಮಾಡಿಕೊಳ್ಳಬೇಡ ಎಂದು ಹೇಳುತ್ತಾ ತಂದೆ ತನ್ನ ರುಮಾಲನ್ನು ಮಗಳ ಪಾದಗಳ ಹತ್ತಿರ ಇಡುತ್ತಿರುವ ವಿಡಿಯೋ,
 ಅಂಗಡಿಯಲ್ಲಿ ಬ್ರೆಡ್ ಮತ್ತು ಬೆಣ್ಣೆಯನ್ನು ಕದಿಯುತ್ತಿದ್ದ 15 ವರ್ಷದ ಬಾಲಕನನ್ನು ಬಂಧಿಸಲಾಗಿದೆ,
 ರಾಹುಲ್ ಗಾಂಧಿ ಅವರು ಮನಮೋಹನ್ ಸಿಂಗ್ ಅವರ ಹುಟ್ಟುಹಬ್ಬದ ಕೇಕ್ ಕತ್ತರಿಸುವ ವಿಡಿಯೋ,
" ಪ್ರಧಾನಿ ಮೋದಿಗಾಗಿ 8,600 ಕೋಟಿ ರೂಪಾಯಿ ವೆಚ್ಚದಲ್ಲಿ ನಿರ್ಮಿಸಲಾದ ವಿಮಾನದ ಒಳಗಿನ ಫೋಟೋ",
 ಬಿಹಾರ ವಿಧಾನಸಭಾ ಚುನಾವಣೆ-2020ಕಾರಣಕ್ಕಾಗಿ ಪ್ರಿಯಾಂಕಾ ಗಾಂಧಿಯವರು ಇಂದಿರಾಗಾಂಧಿಯವರ ಸೀರೆ ಧರಿಸಿದ್ದಾರೆ,
 ಕಾಂಗ್ರೆಸ್ ಮುಖಂಡ ದಿಗ್ವಿಜಯ್ ಸಿಂಗ್ ಅವರ ಪುತ್ರಿ ಬಿಜೆಪಿಗೆ ಸೇರಿದರು,
 ಬಿಜೆಪಿ ಆಳ್ವಿಕೆಯಲ್ಲಿ ದೇಶಾದ್ಯಂತ ಮಹಿಳೆಯರ ಮೇಲೆ ಅಪರಾಧಗಳು ಹೆಚ್ಚುತ್ತಿರುವುದನ್ನು ವಿರೋಧಿಸಿ ದೇಹಕ್ಕೆ ಕಬ್ಬಿಣದ ಮುಳ್ಳುತಂತಿ ಸುತ್ತಿಕೊಂಡು ಈ ಮಹಿಳೆ ಪ್ರತಿಭಟನೆ ನಡೆಸುತ್ತಿದ್ದಾರೆ.ನಿಜಾಂಶ, ಆ ಫೋಟೊದಲ್ಲಿರವು ಮಹಿಳೆಯು ಬಿಜೆಪಿ ಸರ್ಕಾರದ ವಿರುದ್ಧ ಪ್ರತಿಭಟನೆ ನಡೆಸುತ್ತಿಲ್ಲ. ಆ ಮಹಿಳೆಯ ಶ್ರೀಲಂಕಾದವರಾಗಿದ್ದು ಪಾಕ್ ಜಲಸಂಧಿ ಮೂಲದ ಒಸರಿಯಾ ಶೈಲಿಯ ಉಡುಪನ್ನು ಪ್ರದರ್ಶಿಸುತ್ತಿದ್ದಾರೆ. ಹಾಗಾಗಿ ಮೇಲಿನ ಪ್ರತಿಪಾದನೆ ಸುಳ್ಳಾಗಿದೆ
" ಅತ್ಯಾಚಾರ ಮೊದಲಾದ ತೀವ್ರತರವಾದ ಪ್ರಕರಣಗಳಲ್ಲಿ ಸಂತ್ರಸ್ತೆಯ  ಗುರುತನ್ನು ಬಹಿರಂಗ ಮಾಡುವ ಹೆಸರು, ಫೋಟೋ ಇತರೆ ಸುದ್ದಿಯನ್ನು ಮುದ್ರಿಸುವುದು ಅಥವಾ ಪ್ರಕಟ ಮಾಡುವುದು ಇಂಡಿಯನ್‌ ಪೀನಲ್‌ ಕೋಡ್‌ ( IPC) ಸೆಕ್ಷನ್‌ 228(A) ಪ್ರಕಾರ ಅಪರಾಧ. ಅಷ್ಟೇ ಅಲ್ಲ ಪ್ರಿಂಟ್‌, ಎಲೆಕ್ಟ್ರಾನಿಕ್‌, ಸಾಮಾಜಿಕ ಜಾಲತಾಣ ಮುಂತಾದವುಗಳಲ್ಲಿ ಯಾರಾದರೂ ಸಂತ್ರಸ್ತೆಯ ಗುರುತನ್ನು ಬಹಿರಂಗಗೊಳಿಸುವ ಹೆಸರು ಅಥಾವ ಇನ್ಯಾವುದದಾರೂ ವಿಷಯಗಳನ್ನು ಮುದ್ರಿಸುವುದು ಅಥವಾ ಪ್ರಚಾರ ಮಾಡುವುದು ಅಪರಾಧ ಎಂದು  2018ರಲ್ಲಿ ಸುಪ್ರೀಂಕೋರ್ಟ್‌  ತೀರ್ಪು ಹೇಳಿದೆ",
 ಇತ್ತಿಚಿಗೆ ಹತ್ರಾಸ್‌ (ಉತ್ತರಪ್ರದೇಶ್‌) ನಲ್ಲಿ ಅತ್ಯಾಚಾರಕ್ಕೆ ಗುರಿಯಾದ ಸಂತ್ರಸ್ತೆಯ ಫೋಟೋ,
 ಉತ್ತರ ಪ್ರದೇಶದ ಸಿಎಂ ಯೋಗಿ ಆದಿತ್ಯನಾಥ್ ಅವರು ಹತ್ರಾಸ್ ಅತ್ಯಾಚಾರ ಆರೋಪಿಗಳು ಮತ್ತು ಠಾಕೂರ್ ಸಮುದಾಯವನ್ನು ಬೆಂಬಲಿಸಿ ಹೇಳಿಕೆ ನೀಡಿದ್ದಾರೆ,
 ಅಮೃತಸರದಲ್ಲಿ ಅತ್ಯಾಚಾರಕ್ಕೊಳಗಾಗಿ ಕೊಲೆಗೀಡಾದ ಪಂಜಾಬ್‌ನ ಮಹಿಳಾ ಪೊಲೀಸ್ ಅಧಿಕಾರಿಯ ಫೋಟೋಗಳು,
 ಕೇಂದ್ರ ಸಚಿವ ಹರ್ಷ ವರ್ಧನ್ ಮೇಲೆ ಸಾರ್ವಜನಿಕರು ಹಲ್ಲೆ ಮಾಡಿದ ವಿಡಿಯೋ,
 ದೀಪಿಕಾ ಪಡುಕೋಣೆ ಧರಿಸಿದ್ದ ಟೀಶರ್ಟ್ ಮೇಲೆ ‘ನಾನು ಭಾರತೀಯ ರೈತರ ಪರ ನಿಲ್ಲುತ್ತೇನೆ’ ಎಂದು ಬರೆದಿತ್ತು,
 ಉತ್ತರ ಪ್ರದೇಶದಲ್ಲಿ ನಡೆದ ದಲಿತ ಮಹಿಳೆಯ ಅತ್ಯಾಚಾರದ ಕೇಸಿನಲ್ಲಿ ಆರೋಪಿಯಾಗಿರುವ ಸಂದೀಪ್‌ ಠಾಕೂರ್‌ ತಂದೆಗೆ ಬಿಜೆಪಿ ಮುಖಂಡರ ಜೊತೆ ಸಂಬಂಧವಿದೆ,
 ಅಮೆರಿಕದ ಬಸ್ ಮೇಲೆ ಬಾಬಾಸಾಹೇಬ್ ಅಂಬೇಡ್ಕರ್ ಮತ್ತು ಅವರ ಪತ್ನಿಯ ಚಿತ್ರವನ್ನು ಮೂಡಿಸಲಾಗಿದೆ,
 ನಟಿ ಶ್ರೀದೇವಿ ಅವರಿಗೆ ಬಲವಂತವಾಗಿ ಮಾದಕ ದ್ರವ್ಯ ನೀಡಲಾಗಿತ್ತು. ಅವರ ಸಾವು ಸ್ವಾಭಾವಿಕವಲ್ಲ ಎಂದು ಹೇಳಿದ ಮರಣೋತ್ತರ ವರದಿ,
 ಮಹಾರಾಷ್ಟ್ರದ ಐಡಿಬಿಐ ಬ್ಯಾಂಕ್ ಮ್ಯಾನೇಜರ್ ಮೇಲೆ ಶಿವಸೇನಾ ಗೂಂಡಾಗಳು ಹಲ್ಲೆ ಮಾಡಿದ ವಿಡಿಯೋ,
 ‘ಪ್ರಧಾನಮಂತ್ರಿ ಕನ್ಯಾ ಆಶಿರ್ವಾದ ಯೋಜನೆ’ ಅಡಿಯಲ್ಲಿ ಭಾರತ ಸರ್ಕಾರವು ದೇಶದ ಪ್ರತಿ ಬಾಲಕಿಗೆ 2000 ರೂ. ವಿತರಿಸುತ್ತಿದೆ,
 ಕಂಗನಾ ರಣಾವತ್‌ರನ್ನು ಬೆಂಬಲಿಸಿ ಕರ್ಣಿಸೇನಾ ಸಂಘಟಿಸಿದ ರ್ಯಾಲಿಯ ವಿಡಿಯೋ,
 ಕಂಗನಾ ರಣಾವತ್ ರಕ್ಷಣೆಗಾಗಿ ಸಾವಿರ ವಾಹನಗಳೊಂದಿಗೆ ಮುಂಬೈಗೆ ಹೊರಟ ಬಿಜೆಪಿ ಕಾರ್ಯಕರ್ತರುಗಳು,
 ಲಂಡನ್ ಮ್ಯೂಸಿಯಂನಲ್ಲಿರುವ ಛತ್ರಪತಿ ಶಿವಾಜಿ ಮಹಾರಾಜ್ ಅವರ ಮೂಲ ಚಿತ್ರ,
 ಐಪಿಎಸ್ ಅಧಿಕಾರಿಗಳಾದ ಒಂದೇ ಕುಟುಂಬದ ಇಬ್ಬರು ಸಹೋದರರು ಮತ್ತು ಒಬ್ಬ ಸಹೋದರಿಯ ಚಿತ್ರ,
 ತೆಲಂಗಾಣದ ಭುವನಪಲ್ಲಿಯ ಜಿಲ್ಲಾ ನ್ಯಾಯಾಧೀಶ ಅಬ್ದುಲ್ ಹಸೀಮ್ ಒಬ್ಬ ಅಜ್ಜಿಯೊಂದಿಗೆ ಮೆಟ್ಟಿಲುಗಳ ಮೇಲೆ ಕುಳಿತೇ ಆಕೆಯ ಪ್ರಕರಣ ಇತ್ಯರ್ಥಮಾಡಿಸಿದರು,
 ಪಶ್ಚಿಮ ಬಂಗಾಳದಲ್ಲಿ ಮುಸ್ಲಿಂ ಗುಂಪುಗಳು ನಡೆಸಿದ ಬೃಹತ್ ಪ್ರಭಟನೆಯ ವಿಡಿಯೋ,
 ಚೀನಾದ ನಗರಕ್ಕೆ ನುಗ್ಗುತ್ತಿರುವ ಪ್ರವಾಹದ ವಿಡಿಯೋ,
 ಅನಾಥರಾದ ಇಬ್ಬರು ಹೆಣ್ಣುಮಕ್ಕಳನ್ನು ದತ್ತು ತೆಗೆದುಕೊಂಡು ಹಿಂದೂ ಸಂಪ್ರದಾಯದ ಪ್ರಕಾರ ಮದುವೆ ಮಾಡಿ ಕಳುಹಿಸಿದ ಮುಸ್ಲಿಂ ಧರ್ಮಕ್ಕೆ ಸೇರಿದ ವ್ಯಕ್ತಿ ಪಠಾನ್ ಬಾಬು,
 ಇತ್ತೀಚಿನ ಸ್ವೀಡನ್ ಗಲಭೆಯಲ್ಲಿ ಜಿಹಾದಿಗಳು ನಡೆಸಿದ ದಾಳಿಯಿಂದ ಮಹಿಳೆಯ ಮುಖಕ್ಕೆ ತೀವ್ರ ಹಲ್ಲೆಯಾಗಿರುವ ಫೋಟೊ ಕೊಲಾಜ್,
 ಸ್ವೀಡನ್‌ ನಲ್ಲಿನ ಚರ್ಚುಗಳು ಮತ್ತು ಸಿನೆಗಾಗ್‌ ಗಳನ್ನು ರಕ್ಷಿಸಲು ಮುಸ್ಲಿಮರು ಮಾನವ ಸರಪಳಿಗಳನ್ನು ರಚಿಸಿರುವ ಫೋಟೋ,
 ಪೂರ್ವ ಲಡಾಕ್‌ ನಲ್ಲಿ ಚೀನಾ ಆಕ್ರಮಿಸಿಕೊಂಡಿದ್ದ ಭೂ ಪ್ರದೇಶವನ್ನು ಮರುವಶಪಡಿಸಿಕೊಂಡ ನಂತರ ವಿಶೇಷ ಗಡಿನಾಡು ಪಡೆ (ಸ್ಪೆಷಲ್‌ ಫ್ರಾಂಟಿಯರ್ ಫೋರ್ಸ್) ಸಿಬ್ಬಂದಿ ನೃತ್ಯ ಮಾಡುತ್ತಿರುವ ವಿಡಿಯೋ,
 ಹಳೆಯ ರೇಡಿಯೊಗಳು ಮತ್ತು ಟಿವಿ ಸೆಟ್ ಗಳಲ್ಲಿ ‘ರೆಡ್ ಮರ್ಕ್ಯುರಿ’ (ಕೆಂಪು ಪಾದರಸ) ಅನ್ನು ಕಾಣಬಹುದು,
" 2020 ರಲ್ಲಿ ಭಾರತದಲ್ಲಿ 1.9% ಜಿಡಿಪಿ ಬೆಳವಣಿಗೆಯನ್ನು ಐಎಂಎಫ್ ಅಂದಾಜಿಸಿದ್ದು, ಇದು ವಿಶ್ವ ಆರ್ಥಿಕತೆಗಳ ಪೈಕಿ ಅತಿ ಹೆಚ್ಚಿನದಾಗಿದೆ",
 ಇಸ್ರೇಲ್‌ ನಲ್ಲಿ ಟ್ರಕ್ ಮೇಲೆ ಅಯೋಧ್ಯ ರಾಮಮಂದಿರದ ಫಲಕಗಳನ್ನು ಹೊಂದಿರುವ ವಿಡಿಯೋ,
 ಜಪಾನ್‌ ನ ಮೌಂಟ್ ಫ್ಯುಜಿ ಬಳಿ 2020 ರ ಒಲಿಂಪಿಕ್ ಕ್ರೀಡಾಕೂಟಕ್ಕಾಗಿ ಸಿದ್ಧಪಡಿಸಿದ ಪಟಾಕಿ ಪ್ರದರ್ಶನದ ವಿಡಿಯೋ,
 ಇಸ್ರೇಲ್ ಮತ್ತು ಅರಬ್ ರಾಷ್ಟ್ರಗಳ ಒಪ್ಪಂದದ ಹಿನ್ನಲೆಯಲ್ಲಿ ಬುರ್ಜ್ ಖಲೀಫ ಕಟ್ಟಡದ ಮೇಲೆ ಇಸ್ರೇಲ್ ಬಾವುಟದ ಬೆಳಕಿನ ಪ್ರದರ್ಶನ ನಡೆದಿದೆ,
 ಗೂಗಲ್‌ ಸಿಇಒ ಸುಂದರ್ ಪಿಚ್ಚೈ 27 ವರ್ಷಗಳ ನಂತರ ತಮ್ಮ ಗಣಿತ ಶಿಕ್ಷಕಿಯನ್ನು ಭೇಟಿಯಾದರು,
 ಮರಗಳನ್ನು ನೆಡುವುದು ಅವರ ನಂಬಿಕೆಗೆ ವಿರುದ್ಧವಾಗಿರುವುದರಿಂದ ಪಾಕಿಸ್ತಾನದ ಪುರುಷರ ಗುಂಪು ಸಸಿಗಳನ್ನು ಬೇರುಸಹಿತ ಕಿತ್ತುಹಾಕುತ್ತದೆ,
 ಉತ್ತರ ಪ್ರದೇಶದ ಪ್ರಯಾಗ್ ನಗರದಲ್ಲಿರುವ ನಾಗ ವಾಸುಕಿ ದೇವಸ್ಥಾನದಲ್ಲಿ ಕಲ್ಲಿನಲ್ಲಿ ಕೆತ್ತಿದ ಶಿಲ್ಪದ ಛಾಯಾಚಿತ್ರ,
 74ನೇ ಸ್ವಾತಂತ್ರ್ಯ ದಿನಾಚರಣೆಯ ಸಂದರ್ಭದಲ್ಲಿ ಶ್ರೀನಗರದ ಲಾಲ್ ಚೌಕ್ ನಲ್ಲಿ ಭಾರತದ ತ್ರಿವರ್ಣ ಧ್ವಜವನ್ನು ಹಾರಿಸಲಾಗಿದೆ,
 ರಷ್ಯಾ ಅಧ್ಯಕ್ಷ ವ್ಲಾಡಿಮಿರ್ ಪುಟಿನ್ ಅವರ ಮಗಳಿಗೆ ಲಸಿಕೆ ಹಾಕುವ ವಿಡಿಯೋ,
" ರಾಜಸ್ಥಾನದ ಬಲಾಢ್ಯ ಜಾತಿಯ ಸಮೂಹವು ದಲಿತನೊಬ್ಬನಿಗೆ ಚಿತ್ರಹಿಂಸೆ ನೀಡಿ, ಬಲವಂತವಾಗಿ ಮೂತ್ರ ಕುಡಿಸಲಾಗಿದೆ",
 ಅಯೋಧ್ಯೆಯಲ್ಲಿ ನಿರ್ಮಾಣವಾಗಲಿರುವ ಬಾಬ್ರಿ ಆಸ್ಪತ್ರೆಯ ವಿನ್ಯಾಸ ಮತ್ತು ಮೊದಲ ನೋಟ,
 ಅಯೋಧ್ಯೆಯ ರಾಮಮಂದಿರ ನಿರ್ಮಾಣದ ಸ್ಥಳದಲ್ಲಿ 2000 ಅಡಿ ಕೆಳಗೆ ಟೈಮ್ ಕ್ಯಾಪ್ಸುಲ್ ಹೂಳಲಾಗಿದೆ,
 ವೇದಿಕೆಯೊಂದರಲ್ಲಿ ಏರ್ ಇಂಡಿಯಾ ಎಕ್ಸ್‌ಪ್ರೆಸ್ ವಿಮಾನದ ಕ್ಯಾಪ್ಟನ್ ದಿ. ದೀಪಕ್ ವಸಂತ್ ಸಾಥೆ ಅವರು ಬಾಲಿವುಡ್ ಹಾಡು ಹಾಡುತ್ತಿರುವ ವಿಡಿಯೋ,
 ಕೋಳಿಕ್ಕೋಡ್ ವಿಮಾನ ನಿಲ್ದಾಣದಲ್ಲಿ ಅಪಘಾತ ಸಂಭವಿಸುವ ಮುನ್ನ ಏರ್ ಇಂಡಿಯಾ ಎಕ್ಸ್ಪ್ರೆಸ್ ವಿಮಾನದ ಕೊನೆಯ ನಿಮಿಷದ ವಿಡಿಯೋ,
 ಚಾಮರಾಜನಗರ ಜಿಲ್ಲಾ ಪೊಲೀಸ್ ವರಿಷ್ಠಾಧಿಕಾರಿ ದಿವ್ಯಾ ಸಾರಾ ಥಾಮಸ್‌ರವರು ಹಿಂದೂ ದೇವಾಲಯದಲ್ಲಿ ಏಸು ಫೋಟೊ ಇಟ್ಟು ಒತ್ತಾಯವಾಗಿ ಪೂಜೆ ಮಾಡಿಸಿದ್ದಾರೆ,
 ಅಯೋಧ್ಯೆಯ ಬಾಬರಿ ಮಸೀದಿಯ ಛಾಯಾಚಿತ್ರ,
 ಮೂತ್ರಪಿಂಡಗಳ ಕಳವಿಗಾಗಿ ಕೋವಿಡ್-19 ನೆಪದಲ್ಲಿ 125 ರೋಗಿಗಳನ್ನು ಕೊಂದು ಮೊಸಳೆಗಳಿಗೆ ಆಹಾರ ನೀಡಿದ ವೈದ್ಯರನ್ನು ದೆಹಲಿ ಪೊಲೀಸರು ಬಂಧಿಸಿದ್ದಾರೆ,
 ರಾಮಮಂದಿರ ಶಿಲಾನ್ಯಾಸ ಕಾರ್ಯಕ್ರಮಕ್ಕಾಗಿ ಮಾಡಲಾದ ಅಲಂಕಾರಗಳ ವಿಡಿಯೋ ಇದಾಗಿದೆ,
 ಪ್ರಧಾನಿ ನರೇಂದ್ರ ಮೋದಿ ಇತ್ತೀಚೆಗೆ ಬಿಡುಗಡೆ ಮಾಡಿದ ‘ರಾಮಾಯಣ’ ಅಂಚೆ ಚೀಟಿಗಳ ಚಿತ್ರ,
 ಭಾರತಕ್ಕೆ ಹೋಗುವಾಗ ಹಾರಾಟದ ಮಧ್ಯದಲ್ಲೇ ರಫೇಲ್ ಫೈಟರ್ ಜೆಟ್‌ಗಳಿಗೆ ಇಂಧನ ತುಂಬುವ ವಿಡಿಯೋ,
 ಅಯೋಧ್ಯೆ ರಾಮ ಮಂದಿರ ನಿರ್ಮಾಣದ ಸಂಭ್ರಮವನ್ನು ಸ್ಪೇನ್‌ನಲ್ಲಿ ಭಾರತೀಯರು ಆಚರಿಸುತ್ತಿದ್ದಾರೆ,
 ಮಾಸ್ಕ್ ಧರಿಸದ ಮೇಕೆ ಒಂದನ್ನು ಉತ್ತರಪ್ರದೇಶದ ಕಾನ್ಪುರ ಪೊಲೀಸರು ಬಂಧಿಸಿದ್ದಾರೆ,
 ಅಯೋಧ್ಯೆಯಲ್ಲಿ ನಿರ್ಮಿಸಲಿರುವ ರಾಮ ಮಂದಿರದ ವಿನ್ಯಾಸ,
 ಗುಂಡಿಗಳೇ ತುಂಬಿರುವ ರಸ್ತೆಯಲ್ಲಿ ವಾಹನಗಳು ಜಿಗಿದು ಹೋಗುವ ವಿಡಿಯೋ ಭಾರತದ್ದು,
 ರಾಮ ದೇವಾಲಯದ ‘ಭೂಮಿಪೂಜೆ’ ಕಾರ್ಯಕ್ರಮದ ಸಿದ್ಧತೆಯ ಭಾಗವಾಗಿ ಅಯೋಧ್ಯೆಯಲ್ಲಿನ ಮನೆಗಳು ಮತ್ತು ಸೇತುವೆಯ ಕಂಬಗಳ ಮೇಲೆ ಹಿಂದೂ ದೇವತೆಗಳ ಚಿತ್ರಗಳನ್ನು ಬಿಡಿಸಲಾಗಿದೆ ಎನ್ನುವ ಛಾಯಾಚಿತ್ರಗಳು,
 ಪ್ರಧಾನಿ ನರೇಂದ್ರ ಮೋದಿಯವರ ಕ್ಷೇತ್ರ ವಾರಣಾಸಿಯಲ್ಲಿ ಮೊಣಕಾಲು ಮಟ್ಟದ ಮಳೆನೀರು ತುಂಬಿದ ರಸ್ತೆಯ ಫೋಟೋ,
 ಅಯೋಧ್ಯೆಯಲ್ಲಿ ಕಟ್ಟಲು ಉದ್ದೇಶಿಸಿರುವ ರಾಮಮಂದಿರದ ವಿನ್ಯಾಸ,
 ರಾಹುಲ್ ಗಾಂಧಿ ಕ್ಷೇತ್ರ ವಯನಾಡಿನಲ್ಲಿ ಗುಂಡಿಗಳಿಂದ ತುಂಬಿದ ರಸ್ತೆಯ ಫೋಟೋ,
 ರಾಮ ಮಂದಿರವನ್ನು ನಿರ್ಮಿಸಿದರೆ ಆತ್ಮಹತ್ಯೆ ಮಾಡಿಕೊಳ್ಳುತ್ತೇನೆ ಎಂದು ಕಾಂಗ್ರೆಸ್ ಮುಖಂಡ ಕಪಿಲ್ ಸಿಬಲ್ ಹೇಳಿದ್ದಾರೆ,
 ಕೋವಿಡ್-19 ನ ಮೂರು ಹಂತಗಳು ಮತ್ತು ಅದರ ಚಿಕಿತ್ಸೆಗಾಗಿ ಮನೆಯಲ್ಲಿ ಇಟ್ಟುಕೊಳ್ಳಬೇಕಾದ ಪರಿಕರಗಳ ಬಗ್ಗೆ ಟಾಟಾಹೆಲ್ತ್ ಸೂಚನೆ ನೀಡಿದೆ,
 ಅಸ್ಸಾಂನ ಧೈರ್ಯಶಾಲಿ ಹುಡುಗ ನಿರ್ಭಯದಿಂದ ಜಿಂಕೆ ಮರಿಯನ್ನು ನದಿ ನೀರಿನಲ್ಲಿ ಮುಳಗದಂತೆ ರಕ್ಷಿಸಿದನು,
 ‘10 ಜುಲೈ 2020’ರಂದು ಗ್ಯಾಂಗ್ಸ್ಟರ್ ವಿಕಾಸ್ ದುಬೆ ಎನ್ಕೌಂಟರ್ ನಂತರ ಉತ್ತರಪ್ರದೇಶ ಪೊಲೀಸರು ಖುಷಿಯಿಂದ ನೃತ್ಯ ಮಾಡುವ ವಿಡಿಯೋ,
,
 ರಷ್ಯಾ ಕೋವೀಡ್ -19 ಖಾಯಿಲೆಗೆ ಲಸಿಕೆ ಕಂಡುಹಿಡಿದಿದೆ,
" ಅಯೋಧ್ಯೆಯ ಸರ್ಕಲ್‌ನಲ್ಲಿ ‘ಗದೆ, ಬಿಲ್ಲು ಮತ್ತು ಬಾಣ’ ಶಿಲ್ಪವನ್ನು ಹೊಸದಾಗಿ ನಿರ್ಮಿಸಲಾಗಿರುವ ಫೋಟೋ",
" ಜೂನ್ 15, 2020ರಂದು ಗಾಲ್ವಾನ್‌ನಲ್ಲಿ ನಡೆದ ಸಂಘರ್ಷದಲ್ಲಿ 100ಕ್ಕೂ ಹೆಚ್ಚು ಚೀನಿ ಸೈನಿಕರ ಹತ್ಯೆಯಾಗಿದೆ ಎಂದು ಚೀನಾದ ಮಾಜಿ ಮಿಲಿಟರಿ ಅಧಿಕಾರಿ ಮತ್ತು ಚೀನಾ ಕಮ್ಯುನಿಸ್ಟ್ ಪಕ್ಷದ ನಾಯಕರ ಮಗ ಜಿಯಾನ್ಲಿ ಯಾಂಗ್ ಹೇಳಿದ್ದಾರೆ",
 ಭಾರತಕ್ಕೆ ಹೋಲಿಸಿದರೆ ಇತರ ದೇಶಗಳಲ್ಲಿ ಪೆಟ್ರೋಲ್ ಬೆಲೆ ತುಂಬಾ ಕಡಿಮೆ,
" ಅಮಿತಾಬ್ ಬಚ್ಚನ್ ಅವರು ಕೋವಿಡ್ -19 ಚಿಕಿತ್ಸೆಗೆ ದಾಖಲಾದ ನಂತರ ನಾನಾವತಿ ಆಸ್ಪತ್ರೆಯ ವೈದ್ಯರು, ದಾದಿಯರು ಮತ್ತು ಆರೋಗ್ಯ ಸಿಬ್ಬಂದಿಯನ್ನು ಶ್ಲಾಘಿಸುವ ವಿಡಿಯೋ",
 ಡ್ರೋಣ್ ಬಾಯ್ ಪ್ರತಾಪ್‌ನನ್ನು ವಿಜ್ಞಾನಿಯಾಗಿ DRDOಗೆ ಪ್ರಧಾನಿ ಮೋದಿಯವರು ನೇಮಿಸಿದ್ದಾರೆ,
 ಭಾರತ್ ಬಯೋಟೆಕ್ ಉಪಾಧ್ಯಕ್ಷರು ಕೋವ್ಯಾಕ್ಸಿನ್ (ದೇಶೀಯ ಪ್ರಾಯೋಗಿಕ ಕೋವಿಡ್-19 ಲಸಿಕೆ) ಮೊದಲ ಡೋಸ್ ತೆಗೆದುಕೊಳ್ಳುವ ಫೋಟೋ,
 ಬಿಜೆಪಿ ಮುಖಂಡ ವಿಕಾಸ್ ದುಬೆ ಕಾನ್ಪುರದಲ್ಲಿ ನಡೆದ ಎನ್ಕೌಂಟರ್ನಲ್ಲಿ 8 ಯುಪಿ ಪೊಲೀಸ್ ಸಿಬ್ಬಂದಿಯನ್ನು ಕೊಂದಿದ್ದಾರೆ,
 ‘ಸೈಕಲ್ ಹುಡುಗಿ’ ಜ್ಯೋತಿ ಕುಮಾರಿ ಪಾಸ್ವಾನ್ ನಿಧನರಾಗಿದ್ದಾರೆ,
 ಗಾಯಗೊಂಡ ಸೈನಿಕರ ಭೇಟಿಯ ಪ್ರಧಾನಿ ಮೋದಿ ಫೋಟೊಶೂಟ್‌ಗಾಗಿ ಲೇಹ್‌ನಲ್ಲಿ ನಕಲಿ ಆಸ್ಪತ್ರೆ ವಾರ್ಡ್ ಸ್ಥಾಪಿಸಲಾಗಿದೆ,
 ಭಾರತೀಯ ಮಾಧ್ಯಮಗಳ ಪ್ರಸ್ತುತ ಸ್ಥಿತಿಯನ್ನು ಚಿತ್ರಿಸುವ ಅಮೇರಿಕನ್ ಕಾರ್ಟೂನಿಸ್ಟ್ ಬೆನ್ ಗ್ಯಾರಿಸನ್ ಅವರ ಕಾರ್ಟೂನ್‍ಗಳು,
 ಬಡ್ವೈಸರ್ ಉದ್ಯೋಗಿ 12 ವರ್ಷಗಳಿಂದ ಬಿಯರ್ ಟ್ಯಾಂಕ್‍ಗಳ ಒಳಗೆ ಮೂತ್ರ ಮಾಡಿರುವುದನ್ನು ಒಪ್ಪಿಕೊಂಡಿದ್ದಾನೆ,
 ಪ್ರತಿ ನಿತ್ಯ ಪೆಟ್ರೋಲ್ ಮತ್ತು ಡೀಸೆಲ್ ಬೆಲೆಗಳು ಏರುತ್ತಿರುವುದರಿಂದ ಆಕ್ರೋಶಗೊಂಡ ಜನರು ಪೆಟ್ರೋಲ್ ಪಂಪ್ ಅನ್ನು ಧ್ವಂಸಮಾಡಿದ್ದಾರೆ,
 ಕರ್ನಾಟಕದ ಮೈಸೂರು ರಸ್ತೆಯಲ್ಲಿ ನಡೆದ ಅಪಘಾತದ ವಿಡಿಯೋ,
 ಪಾಂಗೋಂಗ್ ಸರೋವರದ ಮೇಲೆ ಭಾರತ ಸೈನ್ಯದ ಹೆಲಿಕಾಪ್ಟರ್ ಗಳು  ಗಸ್ತು ಸುತ್ತುತ್ತಿವೆ,
 ಕೊರೊನಾವೈರಸ್ ಮತ್ತು ಸೂರ್ಯಗ್ರಹಣ ದಿನದ ಸಮಯದಲ್ಲಿ ರಸ್ತೆಯ ಸಂಚಾರ ದಟ್ಟಣೆಯನ್ನು ಹೋಲಿಸುವ ಫೋಟೋ,
 ಪತಂಜಲಿಯ ‘ಕೊರೊನಿಲ್’ ಅನುಮೋದನೆಯನ್ನು ತಡೆದಿದ್ದಕ್ಕೆ ಆಯುಶ್ ಸಚಿವಾಲಯ ತನ್ನ ಅಧಿಕಾರಿ ಡಾ.ಮುಜಾಹಿದ್ ಹುಸೇನ್ ಅವರನ್ನು ವಜಾಮಾಡಿದೆ,
 ಸಿಪಿಐ (ಎಂ) ನಾಯಕರು ಚೀನಾವನ್ನು ಬೆಂಬಲಿಸಿ ಭಾರತೀಯ ಸೇನೆಯ ವಿರುದ್ಧ ಪ್ರತಿಭಟನೆ ನಡೆಸುತ್ತಿರುವ ಫೋಟೋಗಳು,
 ಮಾಜಿ ಪ್ರಧಾನಿ ದಿವಂಗತ ಇಂದಿರಾ ಗಾಂಧಿ ಗಾಲ್ವಾನ್ ಕಣಿವೆಯಲ್ಲಿ ಸೈನಿಕರನ್ನು ಉದ್ದೇಶಿಸಿ ಮಾತನಾಡುವ ಫೋಟೋ,
 ಲಡಾಖ್‌ನ ಗಾಲ್ವಾನ್ ಕಣಿವೆಯಲ್ಲಿ ಇತ್ತೀಚೆಗೆ ಭಾರತ ಮತ್ತು ಚೀನಾ ನಡುವಿನ ಘರ್ಷಣೆಯಲ್ಲಿ ಹುತಾತ್ಮರಾದ ಭಾರತೀಯ ಸೈನಿಕರ ಚಿತ್ರಗಳು,
 ಲಡಾಖ್‌ನ ಗಾಲ್ವಾನ್ ಕಣಿವೆಯಲ್ಲಿ ಇತ್ತೀಚಿನ ಭಾರತ-ಚೀನಾ ಘರ್ಷಣೆಗೆ ಸಂಬಂಧಿಸಿದ ವಿಡಿಯೋ ದೃಶ್ಯಗಳು,
 ಈ ವೆಂಟಿಲೇಟರ್‌ನ ಮೇಲಿರುವ ‘PM CARES’ ಸ್ಟಿಕ್ಕರ್ ಅನ್ನು ಫೋಟೋಶಾಪ್ ಮಾಡಲಾಗಿದೆ,
 ಮುಂಬೈನ ಕ್ವಾರಂಟೈನ್ ಕೇಂದ್ರದಲ್ಲಿ ಜನ ಕ್ರಿಕೆಟ್ ಆಡುತ್ತಿರುವ ವಿಡಿಯೋ,
 ಉತ್ತರಪ್ರದೇಶದಲ್ಲಿ ಮೇಲ್ಜಾತಿಯವರಿಗೆ ಸೇರಿದ ಬಾವಿಯಿಂದ ನೀರು ತುಂಬಿಸಿಕೊಂಡ ಕಾರಣಕ್ಕೆ ದಲಿತ ಬಾಲಕಿ ಮೇಲೆ ಹಲ್ಲೆ,
 ಅಯೋಧ್ಯೆಯಲ್ಲಿ ರಾಮ ಮಂದಿರ ನಿರ್ಮಾಣಕ್ಕಾಗಿ ಉತ್ಖನನ ನಡೆಸುವಾಗ ಶಿವಲಿಂಗ ಪತ್ತೆಯಾಗಿದೆ ಎಂಬ ಚಿತ್ರ,
 ಕ್ವಾರಂಟೈನ್ ಕೇಂದ್ರ ಒಂದರಲ್ಲಿ ದಲಿತ ಮಹಿಳೆ ಅಡುಗೆ ಮಾಡಿದ್ದಾರೆ ಎಂದು ಸಿರಾಜ್ ಅಹ್ಮದ್ ಮತ್ತು ಬುಜೌಲಿ ಕುರ್ದ್ ಆಹಾರ ಸೇವಿಸಲು ನಿರಾಕರಿಸಿದ್ದಾರೆ,
 ಪ್ರತಿಭಟನಾಕಾರರು ಶ್ವೇತಭವನಕ್ಕೆ ನುಗ್ಗುವ ವಿಡಿಯೋ,
 TRAI ಭಾರತದಲ್ಲಿ 10-ಅಂಕಿ ಮೊಬೈಲ್ ಸಂಖ್ಯೆಗಳನ್ನು 11-ಅಂಕಿಗಳಿಂದ ಬದಲಾಯಿಸಲು ಶಿಫಾರಸ್ಸು ಮಾಡಿದೆ,
 ಸೂರ್ಯೋದಯದ ಫೋಟೋಗಳನ್ನು ಒರಿಸ್ಸಾದ ಕೊನಾರ್ಕ್ ದೇವಾಲಯದಲ್ಲಿ ಸೆರೆಹಿಡಿಯಲಾಗಿದೆ,
" ಶಿಕ್ಷಣದಿಂದ ನಾನು ಇಂಗ್ಲಿಷ್ ವ್ಯಕ್ತಿ, ಅಂತಾರಾಷ್ಟ್ರೀಯ ದೃಷ್ಟಿಕೋನ ಹಾಗೂ ಸಾಂಸ್ಕೃತಿಕವಾಗಿ ಮುಸ್ಲಿಂ ಮತ್ತು ಆಕಸ್ಮಿಕವಾಗಿ ಹಿಂದೂ ಆಗಿ ಹುಟ್ಟಿದ್ದೇನೆ ಎಂದು ಜವಾಹರಲಾಲ್ ನೆಹರು ಹೇಳಿದ್ದಾರೆ",
 ಭಾರತದಲ್ಲಿ ಒಂದು ಕೋಟಿ ಕೋವಿಡ್-19 ರೋಗಿಗಳಿಗೆ ಸರ್ಕಾರ ಉಚಿತವಾಗಿ ಚಿಕಿತ್ಸೆ ನೀಡಿದೆ ಎಂದು ಪ್ರಧಾನಿ ಮೋದಿ ಹೇಳಿದ್ದಾರೆ,
 ಸೌದಿ ಅರೇಬಿಯಾದ ಸೂಪರ್‌ ಮಾರ್ಕೆಟ್‌ನಲ್ಲಿ ಕಾಗೆಗಳು ದಾಳಿ ಮಾಡುವ ವಿಡಿಯೋ,
 ಕೇಂದ್ರ ಹಣಕಾಸು ಸಚಿವ ನಿರ್ಮಲಾ ಸೀತಾರಾಮನ್ ಅವರೊಂದಿಗೆ ದಿವಂಗತ ತಮಿಳುನಾಡು ಸಿಎಂ ಜಯಲಲಿತಾ ಅವರ ಚಿತ್ರ,
 ಆಂಫಾನ್ ಚಂಡಮಾರುತಕ್ಕೆ ಸಂಬಂಧಿಸಿದ ವೀಡಿಯೊಗಳು,
 ಪಾಕಿಸ್ತಾನವು ಇಡೀ ಜೆ & ಕೆ ಅನ್ನು ಭಾರತದ ಭಾಗವಾಗಿ ಸ್ವೀಕರಿಸಿದೆ. ಪಾಕಿಸ್ತಾನ ಸರ್ಕಾರದ ವೆಬ್‌ಸೈಟ್‌ನಲ್ಲಿನ ನಕ್ಷೆಯು ಅದೇ ರೀತಿ ತೋರಿಸುತ್ತದೆ,
 ಗೂಗಲ್ ನಕ್ಷೆಗಳು ತನ್ನ ಭಾರತ ನಕ್ಷೆಯಿಂದ ನಿಯಂತ್ರಣ ರೇಖೆಯನ್ನು ತೆಗೆದುಹಾಕಿದೆ,
 ಕೆಲವು ಮಾರಾಟಗಾರರ ಹಣ್ಣಿನ ಅಂಗಡಿಗಳಲ್ಲಿ ಕೇಸರಿ ಧ್ವಜಗಳನ್ನು ಪೊಲೀಸರು ತೆಗೆದ ನಂತರ ಜಮ್ಶೆಡ್ಪುರ ನಿವಾಸಿಗಳು ತಮ್ಮ ಮೇಲ್ ಚಾವಣಿಯಲ್ಲಿ ಕೇಸರಿ ಧ್ವಜಗಳನ್ನು ಹಾಕಿದ್ದಾರೆ,
 ಲಾಕ್ ಡೌನ್ ಸಮಯದಲ್ಲಿ ಕಡಿಮೆ ಮಾಲಿನ್ಯದಿಂದಾಗಿ ಬ್ರಹ್ಮ ಕಮಲ್ ಹೂವುಗಳು ಹಲವು ವರ್ಷಗಳ ನಂತರ ಅರಳುತ್ತಿವೆ,
 ಮಾರುಕಟ್ಟೆಯಲ್ಲಿ ಸಾಮಾಜಿಕ ಅಂತರದ ಫೋಟೋವನ್ನು ಮಣಿಪುರದಲ್ಲಿ (ಭಾರತ) ತೆಗೆದುಕೊಳ್ಳಲಾಗಿದೆ,
" ಜಪಾನ್‌ನ ನೊಬೆಲ್ ಪ್ರಶಸ್ತಿ ವಿಜೇತ ಔಷಧ ಪ್ರಾಧ್ಯಾಪಕ, ಪ್ರೊಫೆಸರ್ ಡಾ. ತಸುಕು ಹೊಂಜೊ ಅವರು ಕರೋನವೈರಸ್ ನೈಸರ್ಗಿಕವಲ್ಲ ಮತ್ತು ಚೀನಾದಿಂದ ತಯಾರಿಸಲ್ಪಟ್ಟಿದೆ ಎಂದು ಹೇಳಿದ್ದಾರೆ",
 ಭಾರತದಲ್ಲಿ ಮುಸ್ಲಿಮರು ಮೇಲ್ಛಾವಣಿಯಲ್ಲಿ ಪ್ರಾರ್ಥನೆ ಸಲ್ಲಿಸುವ ಫೋಟೋ,
 ಲಾಕ್ ಡೌನ್ ಆದಾಗಿಯು ಹಳೆಯ ನಗರದಲ್ಲಿನ (ಹೈದರಾಬಾದ್) ಪರಿಸ್ಥಿತಿ,
 ಆಂಧ್ರಪ್ರದೇಶ ಸರ್ಕಾರವು ಕನಿಪಕಂ ದೇವಾಲಯವನ್ನು ಕರೋನವೈರಸ್ ಶಂಕಿತರ ಕ್ವಾರ್ಟೈನ್  ಕೇಂದ್ರವನ್ನಾಗಿ ಮಾಡಿದೆ,
 ದೇಶದಲ್ಲಿ ಬೀಗ ಹಾಕಿದರೂ ಬೀದಿಗಿಳಿದ ವ್ಯಕ್ತಿಯನ್ನು ಇಟಾಲಿಯನ್ ಪೊಲೀಸರು ಕೆಳಗಿಳಿಸುವ ವಿಡಿಯೋ,
  ಇಟಲಿಯ ಕರೋನವೈರಸ್ ರೋಗಿಗಳನ್ನು ಉಳಿಸಲು ಸಾಧ್ಯವಿಲ್ಲ ಎಂದು ಇಟಲಿಯ ಪ್ರಧಾನ ಮಂತ್ರಿ ಅಳುತ್ತಾ ತನ್ನ ಅಸಹಾಯಕತೆಯನ್ನು ವ್ಯಕ್ತಪಡಿಸಿದ ಫೋಟೋ,
,
ಲಾಕ್‌ಡೌನ್ ಸಮಯದಲ್ಲಿ ಗುಜರಾತ್‌ನ ಭುಜ್ ಮಂದಿರದಲ್ಲಿ ರಾಮ್ ನವಮಿ (2 ಏಪ್ರಿಲ್ 2020 ರಂದು) ಅವರ ಗ್ರ್ಯಾಂಡ್‌ಲೆಬ್ರೇಷನ್ ಫೋಟೋಗಳು,
COVID-19 ಗಾಗಿ ಯುಎಸ್ ವಿಜ್ಞಾನಿಗಳು ಅಭಿವೃದ್ಧಿಪಡಿಸಿದ ಲಸಿಕೆಯ ಫೋಟೋ,
 ಅಯೋಧ್ಯೆಯಲ್ಲಿ ನಿರ್ಮಿಸಲಿರುವ ರಾಮ ದೇವಾಲಯದ ವಿನ್ಯಾಸ,
 2019 ರ ಕಾದಂಬರಿ ಕೊರೊನಾವೈರಸ್ ಅನ್ನು ತಾಜಾ ಕುದಿಸಿದ ಒಂದು ಬಟ್ಟಲು ಬೆಳ್ಳುಳ್ಳಿ ನೀರಿನಿಂದ ಗುಣಪಡಿಸಬಹುದು,
 ಚೀನಾದಲ್ಲಿನ ಕೊರೊನಾವೈರಸ್ ರೋಗಿಗಳನ್ನು ಹೆದ್ದಾರಿಯಲ್ಲಿ ಅಧಿಕಾರಿಗಳು ಹಿಡಿಯುತ್ತಿದ್ದಾರೆ,
 ತನ್ನ ಹಿಂದೂ ಉದ್ಯೋಗದಾತರ ಮನೆಯಲ್ಲಿ ಅಡುಗೆ ಮಾಡುವಾಗ ಮೂತ್ರ ಮತ್ತು ಉಗುಳುವಿಕೆಯನ್ನು ಬೆರೆಸುತಿರುವಾಗ ಸಿಸಿಟಿವಿಯಲ್ಲಿ ‘ಹಸೀನಾ’ ಎಂಬ ಮುಸ್ಲಿಂ ಮನೆಗೆಲಸದವಳು ಸಿಕ್ಕಿಬಿದ್ದಿದ್ದಾಳೆ,
 ಇತ್ತೀಚಿನ ದೆಹಲಿ ಗಲಭೆಯ ಸಂದರ್ಭದಲ್ಲಿ ಎಎಪಿ ಕೌನ್ಸಿಲರ್ ತಾಹಿರ್ ಹುಸೇನ್ ಅವರ ಮನೆಯೊಳಗೆ ಮುಸ್ಲಿಮರಿಂದ ಅತ್ಯಾಚಾರಕ್ಕೊಳಗಾದ ಹುಡುಗಿಯ ಕೊಲೆ,
 ಸರ್ಕಾರಿ ಶಾಲೆಗಳಲ್ಲಿ ಓದುತ್ತಿರುವ ಮಕ್ಕಳಿಗೆ (ವಯಸ್ಸು 5-16 ವರ್ಷ) ‘ಪ್ರಧಾನ್ ಮಂತ್ರಿ ಶಿಶು ವಿಕಾಸ್ ಯೋಜನೆ’ ಯೋಜನೆಯಡಿ ವಿತ್ತೀಯ ಲಾಭಗಳು,
" ಫೆಬ್ರವರಿ 24 ರಂದು ಜಾಫ್ರಾಬಾದ್ ಬಂದೂಕು ಗುಂಡಿನ ದಾಳಿಯಲ್ಲಿ ‘ಅನುರಾಗ್ ಮಿಶ್ರಾ’ ಎಂಬ ವ್ಯಕ್ತಿ ಭಾಗಿಯಾಗಿದ್ದರೆ, ಕೆಲವು ಪ್ರಚಾರಕರು ಶೂಟರ್ ಹೆಸರು ‘ಶಾರುಖ್’ ಎಂದು ಹಂಚಿಕೊಳ್ಳುತ್ತಿದ್ದಾರೆ",
 ಟಾಟಾ ಗ್ರೂಪ್ ಆಫ್ ಕಂಪೆನಿಗಳು ಈಗಿನಿಂದ ಯಾವುದೇ ಜೆಎನ್‌ಯು ವಿದ್ಯಾರ್ಥಿಗಳನ್ನು ನೇಮಕ ಮಾಡುವುದಿಲ್ಲ ಎಂದು ರತನ್ ಟಾಟಾ ಪ್ರಕಟಿಸಿದೆ,
 ತಮಿಳುನಾಡಿನಲ್ಲಿ 300 ವರ್ಷಗಳ ಕಾಲ ಸಮಾಧಿಯಲ್ಲಿದ್ದ ನಂತರ ಜೀವಂತವಾಗಿ ಪತ್ತೆಯಾದ ಯೋಗಿಯ ವಿಡಿಯೋ,
 ದೆಹಲಿ ವಿಧಾನಸಭಾ ಚುನಾವಣೆ 2020 ರಲ್ಲಿ ಬಿಜೆಪಿ 1000 ಸ್ಥಾನಗಳಿಗಿಂತ ಕಡಿಮೆ ಅಂತರದಿಂದ 27 ಸ್ಥಾನಗಳನ್ನು ಕಳೆದುಕೊಂಡಿತು,
 ತಮಿಳು ಭಿಕ್ಷುಕರೊಂದಿಗೆ ಮಂಗಳೂರಿನಲ್ಲಿ ಕಾಣಿಸಿಕೊಂಡ ಹುಡುಗಿಯ ಫೋಟೋ,
 ಈ ‘ಸುರಗಾ’ ಹಕ್ಕಿಯ ಪೋಸ್ಟ್ ಮಾಡಿದ ವೀಡಿಯೊವನ್ನು 19 ಛಾಯಾಗ್ರಾಹಕರು 62 ದಿನಗಳ ಕಾಲ ಸೆರೆಹಿಡಿಯಲು ಶ್ರಮಿಸಿದರು,
 ಅಯೋಧ್ಯೆಯಲ್ಲಿ ರಾಮ್ ದೇವಾಲಯ ನಿರ್ಮಾಣಕ್ಕಾಗಿ ನೀತಾ ಅಂಬಾನಿ ಚಿನ್ನ ಮತ್ತು ಬೆಳ್ಳಿ ಆಭರಣಗಳನ್ನು ದಾನ ಮಾಡಿದ್ದಾರೆ,
 ಚೀನಾದ ಹುಬೈನಲ್ಲಿ ಅನೇಕ ಚಾವಣಿಗಳ ಅಂಚುಗಳ ಕೆಳಗೆ ಬಾವಲಿಗಳ ವಿಡಿಯೋ ಕಂಡುಬಂದಿದೆ. ಅದು ಕೊರೊನಾವೈರಸ್ನ ಮೂಲವಾಗಿದೆ,
 ಇತ್ತೀಚಿನ ಕೊರೊನಾವೈರಸ್ ಹಠಾತ್ ಸಂಭವೀಸಿದ ಸಂಬಂಧಿಸಿದ ವೀಡಿಯೊ,
 ವುಹಾನ್ (ಚೀನಾ) ನ ಪ್ರಾಣಿ ಮಾರುಕಟ್ಟೆಯ ವಿಡಿಯೋ,
 ಕೊರೊನಾವೈರಸ್ ರೋಗಿಗಳಿಗಾಗಿ ಚೀನಾ ಸ್ಥಾಪಿಸಿದ ಹೊಸ ಆಸ್ಪತ್ರೆಯ ವಿಡಿಯೋ,
" ಚೀನಾದ ಲುಪ್ಪೊ, ತಮ್ಮ ಕೇಕ್ಗಳಲ್ಲಿ ಮಾತ್ರೆಗಳನ್ನು ಮರೆಮಾಡುತ್ತದೆ, ಇದು ಮಕ್ಕಳಲ್ಲಿ ಪಾರ್ಶ್ವವಾಯುವಿಗೆ ಕಾರಣವಾಗುತ್ತದೆ",
 ಅಸ್ಸಾಂನ ಎನ್‌ಆರ್‌ಸಿ ಪಟ್ಟಿಯಲ್ಲಿ ಸೇರದ ಜನರ ಮನೆಗಳನ್ನು ನೆಲಸಮ ಮಾಡುವುದು,
 ಸಿಎಎ ಮತ್ತು ಎನ್‌ಆರ್‌ಸಿಯನ್ನು ಬೆಂಬಲಿಸಿ ಕೇರಳದ ಜನರು ಬಿಜೆಪಿ ಮತ್ತು ಆರ್‌ಎಸ್‌ಎಸ್ ಬೈಕ್ ರಾಲಿಯ ಮೇಲೆ ದಾಳಿ ಮಾಡಿದ ವಿಡಿಯೋ,
 ಐಶೆ ಘೋಷ್ ನಕಲಿ ಕೈ ಗಾಯ. ಎರಡು ಫೋಟೋಗಳು ವಿಭಿನ್ನ ಕೈಗಳಲ್ಲಿ ಬ್ಯಾಂಡೇಜ್ ಅನ್ನು ತೋರಿಸುತ್ತವೆ,
 ಅಪರಾಧಿಗಳ ಹೆಸರನ್ನು ‘ಚಪಾಕ್’ಚಲನಚಿತ್ರದಲ್ಲಿ ಹಿಂದೂ ಹೆಸರಾಗಿ (‘ರಾಜೇಶ್ / ರಾಕೇಶ್’) ಬದಲಾಯಿಸಲಾಗಿದೆ,
 ರಾಹುಲ್ ಮತ್ತು ರಾಜೀವ್ ಗಾಂಧಿ ಇಂದಿರಾಗಾಂಧಿ ಅವರ ದೇಹದ ಮುಂದೆ ಇಸ್ಲಾಮಿಕ್ ಪ್ರಾರ್ಥನೆ ಸಲ್ಲಿಸುತ್ತಿದ್ದಾರೆ,
 ಅಸ್ಸಾಂನ ಎಬಿವಿಪಿ ಪುರುಷರು ಸಿಎಎ ಮತ್ತು ಎನ್‌ಆರ್‌ಸಿ ವಿರುದ್ಧ ‘ನಾವು ಎನ್‌ಆರ್‌ಸಿ ಮತ್ತು ಸಿಎಎಗೆ ಬೆಂಬಲ ನೀಡುವುದಿಲ್ಲ’ ಎಂಬ ಪಠ್ಯದೊಂದಿಗೆ ಫ್ಲೆಕ್ಸಿ ಹಿಡಿದು ಪ್ರತಿಭಟಿಸುತ್ತಿದ್ದಾರೆ,
 ಎನ್ಆರ್ಸಿ ವಿರುದ್ಧ ಪ್ರತಿಭಟಿಸಿದ್ದಕ್ಕಾಗಿ ಜೈಲಿನಲ್ಲಿದ್ದ ಮಹಿಳೆಯೊಬ್ಬಳು ಬನಾರಸ್ (ವಾರಣಾಸಿ) ನ ಬಂಧನ ಕೇಂದ್ರವೊಂದರಲ್ಲಿ ಬೇಲಿಯ ಮೂಲಕ ಮಗುವಿಗೆ ಹಾಲುಣಿಸುತ್ತಿದ್ದ ಮಹಿಳೆಯೊಬ್ಬಳ ಚಿತ್ರ ,
 ಸಿಎಎ ವಿರೋಧಿ ಪ್ರತಿಭಟನೆಯಲ್ಲಿ ಸಿಖ್ ಆಗಿ ಧರಿಸಿದ್ದ ಮುಸ್ಲಿಂ ವ್ಯಕ್ತಿಯನ್ನು ಪೊಲೀಸರು ಹಿಡಿದಿದ್ದಾರೆ,
 ಆಯಿಷಾ ರೆನ್ನಾ ವಿವಿಧ ರಾಜ್ಯಗಳಲ್ಲಿ ವಿವಿಧ ದಿನಾಂಕಗಳಲ್ಲಿ ಪ್ರತಿಭಟನೆ ನಡೆಸುತ್ತಿರುವ ಫೋಟೋಗಳು,
 ನವದೆಹಲಿಯ ಜಾಮಿಯಾ ಮಿಲಿಯಾ ಇಸ್ಲಾಮಿಯಾ ವಿಶ್ವವಿದ್ಯಾಲಯದಲ್ಲಿ ನಡೆದ ಪ್ರತಿಭಟನೆಯ ಸಂದರ್ಭದಲ್ಲಿ ಪುರುಷ ವಿದ್ಯಾರ್ಥಿಯೊಬ್ಬ ಸ್ತ್ರೀಯಾಗಿ ವೇಷ ಧರಿಸಿದ ಚಿತ್ರ,
 ಜಾಮಿಯಾ ಮಿಲಿಯಾ ಇಸ್ಲಾಮಿಯಾ ವಿಶ್ವವಿದ್ಯಾಲಯದ ವಿದ್ಯಾರ್ಥಿನಿ ಶಕೀರ್ ಸಿಎಎ ವಿರುದ್ಧದ ಪ್ರತಿಭಟನೆಯ ಸಂದರ್ಭದಲ್ಲಿ ನಿಧನರಾದರು,
 ಅಯ್ಯಪ್ಪ ಮಾಲಾ ಧರಿಸಿದ್ದಕ್ಕೆ ಶಿಕ್ಷೆಯಾಗಿ ಆಸಿಡ್‌ನೊಂದಿಗೆ ಶೌಚಾಲಯಗಳನ್ನು ಸ್ವಚ್ಛಗೊಳಿಸುವಂತೆ ಮಾಡಿದ ತಮಿಳುನಾಡಿನ ಹುಡುಗನ ಚಿತ್ರ,
 ‘ಕಬರ್ ಬಿಜ್ಜು’ ಪ್ರಾಣಿ ಮನುಷ್ಯರಂತೆ ಅಳುವುದು ವಿಡಿಯೋ,
 ಅಯೋಧ್ಯೆಯಲ್ಲಿ ರಾಮ್ ಮಂದಿರ ನಿರ್ಮಾಣಕ್ಕಾಗಿ ಮುಖೇಶ್ ಅಂಬಾನಿ ರೂ.500 ಕೋಟಿ ದೇಣಿಗೆ ನೀಡಿದ ಚಿತ್ರ,
 ವೃದ್ಧಾಪ್ಯದ ಜವಾಹರಲಾಲ್ ನೆಹರು ವಿಶ್ವವಿದ್ಯಾಲಯ (ಜೆಎನ್‌ಯು) ವಿದ್ಯಾರ್ಥಿಯ ಪ್ರತಿಭಟನೆ,
 ಪ್ರಧಾನಿ ರ್‍ಯಾಲಿಯಲ್ಲಿ ಬಿಜೆಪಿ ಕಾರ್ಯಕರ್ತನ ಮದ್ಯ ಹಂಚಿಕೆ ,
" ಮುಂಬೈ ಮುಂಗಾರಿನಿಂದ ಅಪಘಾತ, ಇದು ನಿಜವೇ? ",
 ನಿಮ್ಮ ಫಾಸ್ಟ್‌ಟ್ಯಾಗ್‌ನಿಂದ ಹಣ ಕಳ್ಳತನ ,
 ಮಳೆಯಲ್ಲಿ ಫೋನ್‌ಗಳನ್ನು ಬಳಸುವುದು ಸುರಕ್ಷಿತವಲ್ಲ?,
 ರಾಷ್ಟ್ರಪತಿ ಅಭ್ಯರ್ಥಿ ದ್ರೌಪದಿ ಮುರ್ಮು ಟ್ವಿಟರ್‌ನಲ್ಲಿದ್ದಾರಾ? ,
 ಟ್ವಿಟರ್ ಬಯೋದಿಂದ 'ಸಚಿವ' ಎಂಬ ಪದ ತೆಗೆದ ಆದಿತ್ಯ ಠಾಕ್ರೆ? ,
 ಯೂಟ್ಯೂಬ್ ವಿಡಿಯೋ ಸುಳ್ಳು ಹೇಳಿಕೆ ಬಗ್ಗೆ ಎಚ್ಚರದಿಂದಿರಿ,
 'ತಮಿಳುನಾಡಿನಲ್ಲಿ ಕಮಲ ಅರಳುತ್ತಿದೆ' ಫೋಟೋದ ಸತ್ಯಾಸತ್ಯತೆ ಏನು? ,
 ಈ ವ್ಯಕ್ತಿ ಪ್ರೌಢಶಾಲೆಯಲ್ಲಿ 26 ಬಾರಿ ಫೇಲ್ ಆಗಿದ್ದಾನೆ,
 ಮಾಡರ್ನಾ ಲಸಿಕೆಯಲ್ಲಿ ಕೀಟನಾಶಕಗಳಿವೆಯೇ? ಸತ್ಯಾಸತ್ಯತೆ ತಿಳಿಯಿರಿ,
 'ಕ್ಯಾನ್ಸಲ್' ಬಟನ್ ಒತ್ತಿದರೆ ಎಟಿಎಂ ಪಿನ್ ರಕ್ಷಿಸಬಹುದಾ?,
" ಸರಕಾರದಿಂದ ಪ್ರತಿಯೊಬ್ಬರಿಗೂ 30,628 ರೂ ಸಿಗುವುದು ನಿಜವಾ? ",
 ನೈನಿತಾಲ್‌ನ ನಕಲಿ ಫೋಟೋ ಹಂಚಿಕೆ ,
 ಅಸ್ಸಾಂ ಪ್ರವಾಹದ ನಡುವೆ ತೇಲುವ ಹಾಸಿಗೆಯ ಮೇಲೆ ವ್ಯಕ್ತಿ ಮಲಗಿದ್ದಾರಾ?,
 ಕಾಂಗ್ರೆಸ್ ಚಿಂತನ ಶಿಬಿರದ ಅಲಂಕಾರಕ್ಕೆ ಪಾಕಿಸ್ತಾನದ ಧ್ವಜದ ಬಣ್ಣ ಬಳಕೆ? ,
 ಗಾಳಿಗೆ ಹಾರಿದ ಕ್ಯಾಂಟೀನ್ ಉಪಕರಣಗಳ ವಿಡಿಯೋ ತಪ್ಪಾಗಿ ಗ್ರಹಿಕೆ,
 ರಾಜಸ್ಥಾನ ಸರ್ಕಾರ 8 ಮುಸ್ಲಿಮರನ್ನು ಬರಿಗಾಲಲ್ಲಿ ಕರೆದೊಯ್ದಿದ್ದು ಸತ್ಯವೇ? ,
 ಫ್ರಾನ್ಸ್‌ ಬೀದಿಯಲ್ಲಿ ಈದ್ ಪ್ರಾರ್ಥನೆ ಹಿಂದಿನ ಸತ್ಯವೇನು? ,
" 10,100 ರೂ. ಜಮೆ ಮಾಡಿದರೆ ನಿಮ್ಮ ಖಾತೆಗೆ ಬರುತ್ತಾ 30 ಲಕ್ಷ!?",
"NEET PG 2022, ಸ್ನಾತಕೋತ್ತರ ರಾಷ್ಟ್ರೀಯ ಅರ್ಹತೆ ಮತ್ತು ಪ್ರವೇಶ ಪರೀಕ್ಷೆ ಬಗ್ಗೆ ನಕಲಿ ಸುದ್ದಿ",
 ಭಾರತದ ಹಣದಿಂದ ಜಲಫಿರಂಗಿ ಖರೀದಿಸಿದ ಶ್ರೀಲಂಕಾ? ಇದು ಸತ್ಯವೇ,
 ಸರ್ಕಾರ 3 ತಿಂಗಳವರೆಗೆ ಉಚಿತ ಇಂಟರ್ನೆಟ್ ನೀಡುತ್ತಿದೆ?,
 ಮೋದಿ ಜರ್ಮನ್ ಭೇಟಿ ವೇಳೆ ಚಾನ್ಸೆಲರ್ ಕಚೇರಿಯಲ್ಲಿ ನೆಹರೂ ಫೋಟೋ? ,
 18 ರಿಂದ 40 ವರ್ಷದೊಳಗಿನವರಿಗೆ ಕೇಂದ್ರದಿಂದ ತಿಂಗಳಿಗೆ 1800 ರೂ. ,
ಕಠ್ಮಂಡು ಪಬ್‌ನಲ್ಲಿ ರಾಹುಲ್ ಗಾಂಧಿ ಜೊತೆಗಿದ್ದ ಮಹಿಳೆ ಯಾರು? ,
 ದ್ವಿಚಕ್ರ ವಾಹನಗಳ ಉತ್ಪಾದನೆ ನಿಲ್ಲಿಸುವಂತೆ EV ತಯಾರಕರಿಗೆ ಕೇಂದ್ರ ಸೂಚನೆ? ,
 ಮುಂದಿನ ತಿಂಗಳೇ 143 ವಸ್ತುಗಳ ಮೇಲಿನ ಜಿಎಸ್‌ಟಿ ಏರಿಕೆ ಆಗುತ್ತಾ?,
 ವಿದ್ಯಾರ್ಥಿಗಳಿಗೆ ಮೋದಿ ಸರ್ಕಾರದಿಂದ ಉಚಿತ ಲ್ಯಾಪ್‌ಟಾಪ್? ,
 'ಪ್ರಾರ್ಥನೆಗೆ ಅಡ್ಡಿಪಡಿಸಿದ ರೈಲು ಹಾರ್ನ್-ಮುಸ್ಲಿಂ ಗುಂಪಿನಿಂದ ಕಲ್ಲು ತೂರಾಟ',
 ಧ್ವನಿವರ್ಧಕ ನಿಷೇಧ,
 ಕಾಶ್ಮೀರದಲ್ಲಿ ಕಲ್ಲು ತೂರಾಟದ ಫೋಟೋ ಹೋಲಿಸಿದ್ದು ಈ ಘಟನೆಗೆ ,
 'ಕಚ್ಚಾ ಬಾದಮ್' ಗಾಯಕ ಭುವನ್ ಬಡ್ಯಾಕರ್‌ಗೆ ಭಾರತೀಯ ರೈಲ್ವೆಯಲ್ಲಿ ಕೆಲಸ ,
 ಈ ದ್ವೇಷದ ಭಾಷಣ ಜಹಾಂಗೀರ್ಪುರಿ ಹಿಂಸಾಚಾರಕ್ಕೆ ಸಂಬಂಧಿಸಿದ್ದಾ? ,
 ಜಹಾಂಗೀರ್‌ಪುರಿ ಹಿಂಸಾಚಾದಲ್ಲಿ ಪೊಲೀಸರ ಮೇಲೆ ಗುಂಪು ಹಲ್ಲೆ ,
 ಯುಪಿಯ ಮೈನ್‌ಪುರಿಯಲ್ಲಿ ಬಂದೂಕು ಇಟ್ಟುಕೊಂಡಿದ್ದ ಮುಸ್ಲಿಂ ಬಾಲಕಿ? ,
 'ಕಾಶ್ಮೀರ ಫೈಲ್ಸ್' ನಿರ್ದೇಶಕ 200 ಕೋಟಿ ಪ್ರಧಾನಿ ಪರಿಹಾರ ನಿಧಿಗೆ ದೇಣಿಗೆ ನೀಡಿದ್ದಾರೆಯೇ? ,
 ಕೇಜ್ರಿವಾಲ್ ಮತ್ತು ಭಗವಂತ್ ಮಾನ್ ಒಟ್ಟಿಗೆ ಮದ್ಯ ಸೇವನೆ ,
 ಬೇಸಿಗೆಯಲ್ಲಿ ಪೆಟ್ರೋಲ್ ತುಂಬಿಸಿದರೆ ವಾಹನಕ್ಕೆ ಬೆಂಕಿ ಬೀಳುತಂತೆ ,
 ‘ಕಚ್ಚಾ ಬಾದಮ್’ ಹಾಡಿಗೆ ಪೊಲೀಸರು ಡ್ಯಾನ್ಸ್ ಮಾಡಿದ್ದು ನಿಜವೇ? ,
 ಕರೌಲಿ ಮಸೀದಿಯ ಮುಂದೆ ಹಿಂದೂ ಗುಂಪು,
 ಉರ್ದು ಮಾತನಾಡದಿದ್ದಕ್ಕಾಗಿ ಯುವಕನ ಕೊಲೆ?,
 ಎಟಿಎಂನಲ್ಲಿ ಎರಡು ಬಾರಿ 'ಕ್ಯಾನ್ಸಲ್' ಬಟನ್ ಒತ್ತಿದರೆ PIN ಕಳ್ಳತನವಾಗುವುದಿಲ್ಲ?,
 ಶಾರುಖ್ ಅಭಿನಯದ 'ಪಠಾಣ್' ಸಿನಿಮಾ ನೋಡಬೇಡಿ ಎಂದ ಸಿಎಂ ಯೋಗಿ ,
 ಬೈಕ್ ಕಳ್ಳತನಕ್ಕಾಗಿ 12 ವರ್ಷಗಳ ಹಿಂದೆ ಸಿಎಂ ಭಗವಂತ್ ಮಾನ್ ಬಂಧನ? ,
 ಆಸ್ಪತ್ರೆಯಲ್ಲಿ ಕುಸಿದು ಬಿದ್ದ ವೈದ್ಯೆ- ವೈರಲ್ ವಿಡಿಯೋ ಮುಂಬೈನದ್ದಾ? ,
 ABHA ಅಡಿಯಲ್ಲಿ ಸರ್ಕಾರ 5 ಲಕ್ಷ ಆರೋಗ್ಯ ವಿಮೆಯನ್ನು ನೀಡುತ್ತಿದೆಯೇ?,
 ಪಲ್ಲವಿ ಜೋಶಿ ಹೆಸರಿನ ಟ್ವಿಟರ್ ಖಾತೆಯಿಂದ 'ಅಜ್ಮೀರ್ ಫೈಲ್ಸ್' ರಚಿಸಲು ಘೋಷಣೆ,
 ಬಿರ್ಭುಮ್ ಹಿಂಸಾಚಾರದ ಬಲಿಪಶುಗಳು ಹಿಂದೂಗಳೇ? ,
 ಕಾಶ್ಮೀರ್ ಫೈಲ್ಸ್ ಎಫೆಕ್ಟ್,
 ಚೀನಾ ವಿಮಾನ ಪತನಗೊಂಡ ವಿಡಿಯೋ ಹಿಂದಿರುವ ಸತ್ಯ ,
 ಕಿಸಾನ್ ಕ್ರೆಡಿಟ್‌ನಿಂದ ತೆಗೆದುಕೊಂಡ ಸಾಲಕ್ಕೆ ಇಲ್ಲ ಬಡ್ಡಿ? ,
 ಇವಿಎಂಗಳ ಬದಲಾವಣೆ,
 ಅಖಿಲೇಶ್ ಸೋಲಿನಿಂದ ಮನನೊಂದು ಸಹೋದರರು ಆತ್ಮಹತ್ಯೆ? ,
 ರಷ್ಯಾ ವಿರುದ್ಧ ಮಾಸ್ಕೋದಲ್ಲಿ ಪ್ರತಿಭಟನೆ ,
 ಈ ಎಲ್ಲಾ ದೃಶ್ಯಗಳು ರಷ್ಯಾ-ಉಕ್ರೇನ್ ಯುದ್ಧದಿಂದ ಬಂದಿದ್ದು? ,
 ಹಿಟ್ಲರ್ ಆದ್ರಾ ಪುಟಿನ್? ನಕಲಿ ಟೈಮ್ ಕವರ್ ಹೀಗಿದೆ,
 ಈ ವಿಡಿಯೋ ರಷ್ಯಾ ಉಕ್ರೇನ್ ಯುದ್ಧದ್ದಾ?,
 ರಷ್ಯಾ ದಾಳಿ ಬಳಿಕ ಉಕ್ರೇನ್‌ನಲ್ಲಿ ಹೃದಯ ಸ್ಪರ್ಶದ ದೃಶ್ಯ,
 ಮತದಾನ ಮಾಡದವರ ಖಾತೆಯಿಂದ ಹಣ ಕಡಿತವಾಗುವುದೇ? ,
 ಹರ್ಷ ಹತ್ಯೆಗೆ ಕಾರಣ ಏನು? ಸಾವಿನ ಮನೆಯಲ್ಲಿ ಸುಳ್ಳಿನ ಮೆರವಣಿಗೆ,
 ಬ್ರಾಹ್ಮಣ ಎಂಬ ಕಾರಣಕ್ಕೆ ವೈದ್ಯರನ್ನು ಅಖಿಲೇಶ್ ಯಾದವ್ ನಿಂದಿಸಿದ್ದಾರಾ?,
 ಡಿಸಿ ಯಾಕೆ ಮೇಕಪ್ ಅಪ್ ಹಾಕಿಲ್ಲ ಎನ್ನುವ ಪ್ರಶ್ನೆ,
" ಆರೋಗ್ಯ ಸಚಿವಾಲಯ ಕೊರೊನಾ ನಿಧಿಯ ಅಡಿಯಲ್ಲಿ 5,000ರೂ. ನೀಡುತ್ತಿದೆಯೇ?",
 ಕಲ್ಲು ಉಪ್ಪು ಮತ್ತು ಈರುಳ್ಳಿ ಕೊರೊನಾದಿಂದ ಗುಣಪಡಿಸುತ್ತಂತೆ,
 ತುಟ್ಟಿಭತ್ಯೆ ಹೆಚ್ಚಳ ಅಧಿಕೃತ ಅದೇಶ ಹೊರಬಂದಿದೆಯೇ? ,
 ಈಜಿಪ್ಟ್‌ನಿಂದ ರಕ್ಷಿತ ವಿದೇಶಿಯರ ಈ ಕಥೆ ಕಾಲ್ಪನಿಕ,
" ತಮಿಳುನಾಡು, ಕೇರಳದಲ್ಲಿ ಬಿಪಿನ್‌ ರಾವತ್‌ ಸಾವಿನ ಸಂಭ್ರಮ?",
 ಮುಸ್ಲಿಮರ ಮೇಲಿನ ದೌರ್ಜನ್ಯದ ವಿಡಿಯೋ ವೈರಲ್? ,
 IAF Mi-17V5 ಹೆಲಿಕಾಪ್ಟರ್ ಪತನದ ಹೀಗೊಂದು ವಿಡಿಯೋ ವೈರಲ್,
 ನಾಗಾಲ್ಯಾಂಡ್ ಹಿಂಸಾಚಾರದ ವಿಡಿಯೊ ಹಿಂದಿರುವ ಸತ್ಯ ,
 ಜರ್ಮನ್‌ನಲ್ಲಿ ಲಸಿಕೆ ವಿರುದ್ಧ ಸಾಮೂಹಿಕ ಚುಂಬನ ಪ್ರತಿಭಟನೆ?,
 ಕೊನೆಗೂ ಮಗಳ ಫೋಟೋ ಹಂಚಿಕೊಂಡ್ರಂತೆ ವಿರಾಟ್ ಕೊಹ್ಲಿ,
" 1963ರಲ್ಲಿ ತೆರೆಕಂಡ ""ದಿ ಓಮಿಕ್ರಾನ್ ವೇರಿಯಂಟ್"" ಸಿನಿಮಾ?",
 LPG ವಿತರಕರು ಶ್ರೀಮಂತರಾಗುವ ಅವಕಾಶ? ,
 ಅಮಿತ್ ಶಾ ಖಾಲಿ ಕರಪತ್ರ ಓದುತ್ತಿದ್ದಾರೆನ್ನುವ ಹಿಂದಿನ ಸತ್ಯ,
 ವಿವಾದಿತ ಕೃಷಿ ಕಾನೂನು ರದ್ದು ಬಳಿಕ ಸಭೆ ಧ್ವಂಸ?,
 ಜೆವಾರ್ ವಿಮಾನ ನಿಲ್ದಾಣದ ವೈರಲ್ ಫೋಟೋ ನಕಲಿ,
 ಫ್ಯೂಜಿ ಪರ್ವತದ ವೈರಲ್ ಚಿತ್ರದ ಹಿಂದಿನ ಸತ್ಯವೇನು?,
 'ಬಸ್‌ ಬಣ್ಣ ಬದಲಿಸಿದ ಹರಿಯಾಣ' ಹೀಗೊಂದು ಸಂದೇಶ ವೈರಲ್,
 ಈ ಫೋಟೋಗಳು ಕರ್ನಲ್ ತ್ರಿಪಾಠಿ ಮೇಲಾದ ದಾಳಿಯದ್ದಾ?,
 ಟಿ20 ವಿಶ್ವಕಪ್,
 ‘ಬಿಜೆಪಿ ಟಿಶರ್ಟ್' ಧರಿಸಿದ ಮಗುವನ್ನು ಹಿಡಿದುಕೊಂಡ ರಾಹುಲ್ ಗಾಂಧಿ? ,
 ಜಲಾವೃತವಾಗಿರುವ ರಸ್ತೆಗಳಲ್ಲಿ ಕಸ ತೇಲುತ್ತಿರುವ ಈ ವಿಡಿಯೋ ಚೆನ್ನೈನದ್ದಾ?,
 T20ಯಲ್ಲಿ ಭಾರತದ ಸೋಲು ಸಹಿಸದ ಯುವಕನಿಂದ ಟಿವಿ ಧ್ವಂಸ?,
 ಅಡ್ಡಪರಿಣಾಮದ ಬಗ್ಗೆ Fact-Check,
 ವಾಂಖೆಡೆ ನೇತೃತ್ವದ ಎನ್‌ಸಿಬಿ ತಂಡದ ಮೇಲೆ ಗೋರೆಗಾಂವ್‌ನಲ್ಲಿ ದಾಳಿ? ,
 ಸಮೀರ್ ವಾಂಖೆಡೆ ಹೆಸರಿನಲ್ಲಿ ಮೂರು ಟ್ವಿಟ್ಟರ್ ಖಾತೆ?,
 ವೈರಲ್ ಫೋಟೋ ಬಾಂಗ್ಲಾ ವಿರುದ್ಧದ ಪ್ರತಿಭಟನೆಯದ್ದಾ? ,
 ಬಿಜೆಪಿ ಶಾಸಕರ ವಿರುದ್ಧ ಉತ್ತರಪ್ರದೇಶ ಗ್ರಾಮಸ್ಥರ ಪ್ರತಿಭಟನೆ?,
 ಮಂಗಳೂರು ಕಡಲತೀರದಲ್ಲಿ ಮತ್ಸ್ಯಕನ್ಯೆ?,
 ಪಂಜಾಬ್ ಸಿಎಂ ಆದ ಬಳಿಕ ವಿದ್ಯುತ್ ಕಂಬ ಹತ್ತಿದ್ರಾ ಚರಣಜಿತ್ ಸಿಂಗ್ ಚನ್ನಿ?,
 ಇದು ಬಾಂಗ್ಲಾದೇಶದ ವಿಗ್ರಹ ಧ್ವಂಸದ ವಿಡಿಯೋನಾ?,
 ಈ ಫೋಟೋಗಳು ಇಂದಿನ 'ರೈಲು ತಡೆ' ಪ್ರತಿಭಟನೆಯದ್ದಾ?,
 ಪ್ರತಿಭಟನೆ ವೇಳೆ ಬಿಜೆಪಿ ನಾಯಕ ಮನೋಜ್ ತಿವಾರಿ ಮೇಲೆ ಹಲ್ಲೆ? ,
ಗಂಗೊಳ್ಳಿ ಮೀನುಮಾರುಕಟ್ಟೆಯಲ್ಲಿ ವ್ಯಾಪಾರ ನಿರ್ಬಂಧ, ಸತ್ಯ- ಮಿಥ್ಯ?
" 'ಈಶ್ವರ ಅಲ್ಲಾಹ್‌ ತೆರೋ ನಾಮ್‌' ಬದಲಿಗೆ 'ಜೈ ಶ್ರೀರಾಮ್‌'?, ವಿಡಿಯೋ ಹಿಂದಿನ ಸತ್ಯ",
 ದೇಶದಲ್ಲಿ ಹಿಂದೂ ದೇವಾಲಯ ಮಾತ್ರ ಜಿಎಸ್‌ಟಿ ಪಾವತಿಸಬೇಕೆ?,
 ನ್ಯೂಯಾರ್ಕ್ ಟೈಮ್ಸ್‌ ಮುಖಪುಟದಲ್ಲಿ ಮೋದಿ ಬಗ್ಗೆ ವರದಿ ಮಾಡಿಲ್ಲ,
 ವಿಪಕ್ಷ ನಾಯಕರ ಸಭೆಗೆ ಸುಬ್ರಮಣಿಯನ್ ಸ್ವಾಮಿ ಭಾಗಿಯಾಗಿದ್ರಾ?,
 ತಾಲಿಬಾನ್‌ ಬಗ್ಗೆ ಅಜಿತ್‌ನ 8 ವರ್ಷದ ಹಿಂದಿನ ಹೇಳಿಕೆ ಈಗಿನದ್ದು ಎಂದು ವೈರಲ್‌,
 ಭಾರತಕ್ಕೆ ಬೆದರಿಕೆ ಹಾಕಿದರಾ ತಾಲಿಬಾನ್ ಉಗ್ರರು!? ,
" ಈ ಸುಂದರ ಎಕ್ಸ್‌ಪ್ರೆಸ್‌ವೇ ಕಾಶ್ಮೀರದಲ್ಲ, ಕರ್ನಾಟಕದ್ದು",
" ಸಮುದ್ರದ ಆಳದಲ್ಲಿ ಪತ್ತೆಯಾದ ಹಿಂದೂ ವಿಗ್ರಹಕ್ಕೆ 5,000 ವರ್ಷಗಳ ಇತಿಹಾಸ!?",
 84ರ ಸ್ಟಾನ್ ಸ್ವಾಮಿ ಕಾಲುಗಳನ್ನೇ ಕಟ್ಟಿ ಹಾಕಿದ್ದರೇ ವೈದ್ಯರು!? ,
 ಭಾರತೀಯ ರೈಲ್ವೆ 10 ಹೊಸ ನಿಯಮ ಜಾರಿ ಮಾಡಿದೆಯೇ? ,
"ಹಳೆಯ 10, 5 ನಾಣ್ಯಗಳನ್ನು ಮಾರಿ ಸಾಕಷ್ಟು ಹಣ ಗಳಿಸಿ, ಷರತ್ತು ಅನ್ವಯ!",
 ಕೊರೊನಾ 3ನೇ ಅಲೆ ಮಕ್ಕಳ ಮೇಲೆ ಹೆಚ್ಚು ಪರಿಣಾಮ ಬೀರುವುದೇ?,
 ಕೊರೊನಾ ಲಸಿಕೆ ಹಾಕಿಸಿಕೊಂಡವರು ಅನಸ್ತೇಶಿಯಾ ಪಡೆದರೆ ಸಾವು?,
 ಮೂರು ರಾಜ್ಯವಾಗಿ ಹೋಳಾಗುತ್ತಾ ಉತ್ತರ ಪ್ರದೇಶ?,
 ಏನಿದು ಅಚ್ಚರಿ! ಕೋವಿಡ್ 19 ಲಸಿಕೆ ಪಡೆದವರ ಮೈಯಲ್ಲಿ ಕರೆಂಟ್! ,
 ಮೋದಿ ಹೇಳಿದಂತೆ ಭಾರತದ ಇತಿಹಾಸದಲ್ಲಿ ಲಸಿಕೆ ಕೊರತೆ ಇತ್ತೇ?,
 ನೀತಾ ಅಂಬಾನಿಗೆ ತಲೆ ಬಾಗಿ ನಮಸ್ಕರಿಸಿದರೇ ಮೋದಿ? ,
 ಕೇಂದ್ರ ಸರ್ಕಾರವು 4 ಹಂತದಲ್ಲಿ ಕೋವಿಡ್ ಪರಿಹಾರ ನಿಧಿ ನೀಡುತ್ತಿದೆಯೇ? ,
 ಈರುಳ್ಳಿ ಮೇಲೆ ಫ್ರಿಜ್‌ನ ಒಳಗೆ ಕಂಡುಬರುತ್ತಾ ಬ್ಲ್ಯಾಕ್ ಫಂಗಸ್?,
 ಸೋನಿಯಾ ಗಾಂಧಿ ಹಿಂದೆ ಕ್ರೈಸ್ತ ಧರ್ಮ ಮತಾಂತರ ಸಂಬಂಧಿಸಿದ ಪುಸ್ತಕವಿತ್ತೇ?,
 ಕೊರೊನಾವೈರಸ್ ಲಸಿಕೆ ಹಾರಿಸಿಕೊಂಡರೆ 2 ವರ್ಷದಲ್ಲೇ ಸಾವು!?,
 ಆನ್ ಲೈನ್ ನುಸುಳುಕೋರರ ಪತ್ತೆಗೆ ವಿಶೇಷ ಸಾಧನ,
 ಧೂಮಪಾನಿಗಳಿಗೆ ಕೊರೊನಾ ಸೋಂಕು ತಗುಲುವ ಪ್ರಮಾಣ ಕಡಿಮೆ? ,
 5ಜಿ ಮೊಬೈಲ್ ಟವರ್‌ನಿಂದ ಕೊರೊನಾ 2ನೇ ಅಲೆ ಹೆಚ್ಚಳ ,
ದೀರ್ಘಕಾಲದವರೆಗೆ ಮಾಸ್ಕ್ ಬಳಸಿದರೆ ಆಮ್ಲಜನಕ ಕೊರತೆ ಉಂಟಾಗುವುದೇ?,
 ಸೌಮ್ಯ ಕೋವಿಡ್ ಪ್ರಕರಣಗಳಲ್ಲಿ ಸಿಟಿ ಸ್ಕ್ಯಾನ್ ಅಗತ್ಯವಿಲ್ಲವೇ? ,
 ಮಾರ್ಚ್ 2021ರವರೆಗೆ ಕೊರೊನಾ ಲಸಿಕೆ ಖರೀದಿಸಿಯೇ ಇರಲಿಲ್ಲ ಭಾರತ? ,
 ಕೋವಿಡ್ 19 ಕುರಿತು ಹೊಸ ಮಾರ್ಗಸೂಚಿ ಪ್ರಕಟಿಸಿತೇ ರಾಜ್ಯ ಸರ್ಕಾರ ,
 ನೀಟ್-ಸ್ನಾತಕೋತ್ತರ ಪರೀಕ್ಷೆ ಮುಂದೂಡಿಕೆ? ,
 ಪ್ರಸ್ತುತ ಕೊರೊನಾ ಲಸಿಕೆ ಹೊಸ ರೂಪಾಂತರಿಯನ್ನು ಸೃಷ್ಟಿಸುತ್ತಿದೆಯೇ? ,
 ಇಂದು ರಾತ್ರಿ 8 ಗಂಟೆಗೆ ದೇಶವನ್ನುದ್ದೇಶಿಸಿ ಮೋದಿ ಭಾಷಣ?,
 ಸಸ್ಯಾಹಾರಿ ಆಹಾರದಿಂದ ಕೊರೊನಾವೈರಸ್ ತಡೆಗಟ್ಟಬಹುದೇ? ,
 ಶ್ರೀಲಂಕಾದಲ್ಲಿ ಬಿಜೆಪಿ ತನ್ನ ನೂತನ ಘಟಕ ಆರಂಭಿಸಿದೆಯೇ? ,
 ಸಾಮಾಜಿಕ ಜಾಲತಾಣಗಳ ಬಳಕೆಗೆ ಸರ್ಕಾರಿ ಗುರುತಿನ ಚೀಟಿ ಕಡ್ಡಾಯ? ,
 ರೈತ ತಂದೆಯ ಭೇಟಿಗಾಗಿ ದೆಹಲಿ ಗಡಿಗೆ ಯೋಧ ಧಾವಿಸಿದ್ದು ನಿಜವೇ?,
 ಈ ಕಾಲೇಜುಗಳಲ್ಲಿ ವಿದ್ಯಾರ್ಥಿನಿಯರಿಗೆ ಬಾಯ್‌ಫ್ರೆಂಡ್ ಕಡ್ಡಾಯ!,
 ಈ ಭಯಾನಕ ವಿಡಿಯೋ ಶಿವಮೊಗ್ಗದ ಸ್ಫೋಟದ್ದಲ್ಲ,
 ಗಣರಾಜ್ಯೋತ್ಸವ ಆಚರಿಸದ ಮದರಸಾಗಳು ಬಂದ್ ಎಂದು ಸಿಎಂ ಯೋಗಿ ಹೇಳಿದ್ದು ನಿಜವೇ? ,
 ಬಸ್ ಅಪಘಾತದಲ್ಲಿ ಮೃತಪಟ್ಟ ಮಹಿಳೆಯರೆಲ್ಲರೂ ವೈದ್ಯರು? ,
 ಕೋವಿಡ್ ಲಸಿಕೆ ಪಡೆಯದಂತೆ ಆಫ್ರಿಕನ್ನರಿಗೆ ಒಬಾಮ ಮನವಿ,
 ಭಾರತೀಯ ಪಾಸ್‌ಪೋರ್ಟ್‌ಗಳಿಂದ ರಾಷ್ಟ್ರೀಯತೆಯ ಹಕ್ಕನ್ನು ತೆಗೆದುಹಾಕಿಲ್ಲ,
 ಕೊರೊನಾ ಲಸಿಕೆ ಪಡೆಯಲು ಹಿರಿಯ ನಾಗರಿಕರು ಯಾವುದೇ ವಿವರ ನೀಡುವ ಅಗತ್ಯವಿಲ್ಲ ,
 ಬಿಜೆಪಿಗೆ 35 ಕೋಟಿ ರೂ ಚೆಕ್ ನೀಡಿದ ವಿಜಯ್ ಮಲ್ಯ,
 ಕೇರಳದಲ್ಲಿ ರಿಲಯನ್ಸ್ ಜಿಯೋ ಇಂಟರ್‌ನೆಟ್ ನಿಷೇಧ,
 ಸಿಬಿಎಸ್‌ಇ ಪರೀಕ್ಷೆ ವೇಳಾಪಟ್ಟಿ ಬಿಡುಗಡೆ?,
 ರೈತರ ಪ್ರತಿಭಟನೆ ವೇಳೆ ರಿಲಾಯನ್ಸ್ ಜಿಯೋ ಟವರ್ ಸುಟ್ಟು ಭಸ್ಮ? ,
ದೇಶದ ಮೊದಲ ಮೆಟ್ರೋ ರೈಲು ಆರಂಭಿಸಿದವರು ವಾಜಪೇಯಿ ಎಂದಿಲ್ಲ ಮೋದಿ,
 ಅದಾನಿಗೆ ಸರ್ಕಾರ ರೈಲ್ವೇಸ್‌ಅನ್ನು ಮಾರಾಟ ಮಾಡಿಲ್ಲ,
 ವಿಶ್ವಸಂಸ್ಥೆಯ ವಾಹನದ ಮೇಲೆ ಭಾರತೀಯ ಸೈನಿಕರಿಂದ ದಾಳಿ? ,
 ಹುಷಾರ್ ! ನಕಲಿ ನೌಕರಿ ಕೊಡಿಸುವ ವಾಟ್ಸಾಪ್ ಸಂದೇಶಕ್ಕೆ ಬಲಿಯಾಗಬೇಡಿ ,
 ರೈತರ ಹೋರಾಟ ಬೆಂಬಲಿಸಿ 25 ಸಾವಿರ ಯೋಧರು ಶೌರ್ಯಚಕ್ರ ಹಿಂದಿರುಗಿಸಿದರೇ? ,
 ಮುಕೇಶ್ ಅಂಬಾನಿ ಮೊಮ್ಮಗುವನ್ನು ನೋಡಲು ಮೋದಿ ಆಸ್ಪತ್ರೆಗೆ ಹೋಗಿದ್ದರೇ?,
" ಜಮಾತ್ ಇ ಅಹ್ಲೆಹದೀತ್ ಮುಖಂಡನ ಹತ್ಯೆ, ಆರೋಪಿಗಳು ಖುಲಾಸೆ? ",
 ಸಿಖ್ಖರಿಗೆ ಮೋದಿ ಸರ್ಕಾರದ ಸಂಬಂಧ ನೆನಪಿಸಿದ ಐಆರ್‌ಸಿಟಿಸಿ,
 ಫೈಜರ್ ಕೊರೊನಾ ಲಸಿಕೆ ಕಂಡು ಹಿಡಿದಿದ್ದು ಇದೇ ಬಾಲಕ? ,
ಭಾರತ ಬಂದ್‌ಗೂ ಮುನ್ನ ಪಂಜಾಬ್ ಸಿಎಂ ಹಾಗೂ ಮುಖೇಶ್ ಅಂಬಾನಿ ಭೇಟಿಯಾಗಿದ್ದರೇ? ,
 ಲಸಿಕೆ ಸಂಸ್ಥೆಗಳ ಮನವಿ ತಿರಸ್ಕೃತವಾಗಿಲ್ಲ,
 ಪ್ರತಿಭಟನೆ ಮಾಡುತ್ತಿರುವ ರೈತರು ರಾಷ್ಟ್ರಧ್ವಜವನ್ನು ಅವಮಾನಿಸಿದರೇ?,
 ಡಿಸೆಂಬರ್ 28ರಿಂದ ಆರ್‌ಎನ್‌ಬಿ ಎನ್‌ಟಿಪಿಸಿ ಪರೀಕ್ಷೆ ಆರಂಭ? ,
 ರೈತರ ಪ್ರತಿಭಟನೆಗೆ ಟ್ರ್ಯಾಕ್ಟರ್ ಚಲಾಯಿಸಿಕೊಂಡು ಬಂದ ಮಹಿಳೆ,
 ರೈತರ ಪ್ರತಿಭಟನೆಗೆ ಕಮಲಾ ಹ್ಯಾರಿಸ್ ಬೆಂಬಲ,
 ರೈತರಿಗೆ ಪೊಲೀಸರು ಹೊಡೆದೇ ಇಲ್ಲವೇ? ಅವರು ಖಲಿಸ್ತಾನ ಉಗ್ರರೇ?,
 ಕೊರೊನಾ ಲಸಿಕೆ ಮನುಷ್ಯನ ಡಿಎನ್‌ಎ ಬದಲಾಯಿಸುತ್ತದೆಯೇ?,
 ತೃಪ್ತಿ ದೇಸಾಯಿ ಶಬರಿಮಲೆ ಭೇಟಿ ಹಿಂದೆ ಬಿಜೆಪಿ ಪಾತ್ರ? ,
 ಭಾರತೀಯ ಸೇನೆ ಮೇಲೆ ಚೀನಾದಿಂದ ಮೈಕ್ರೋವೇವ್ ಶಸ್ತ್ರ ಬಳಕೆ,
 ಭಾರತ ಮೂಲದ ವ್ಯಕ್ತಿ ಬೈಡನ್ ರಾಜಕೀಯ ಸಲಹೆಗಾರ,
 ಡಿಸೆಂಬರ್ 1ರಿಂದ ಮತ್ತೊಂದು ಲಾಕ್‌ಡೌನ್?,
 USA ಅಧ್ಯಕ್ಷರ ಪದಗ್ರಹಣದಲ್ಲಿ ಡಾ.ಮನಮೋಹನ್ ಸಿಂಗ್ ಮುಖ್ಯಅತಿಥಿ,
 ಗಿರಿರಾಜ್ ಸಿಂಗ್ ಬಿಹಾರ ಸಿಎಂ ಆಗಲಿ ಎಂದರೇ ಪ್ರಧಾನಿ ಮೋದಿ?,
ಮುಸ್ಲಿಂ ಯುವತಿಯ ಮೇಲೆ ಹಲ್ಲೆ ನಡೆದಿದ್ದು ಫ್ರಾನ್ಸ್‌ನಲ್ಲಿ ಅಲ್ಲ ,
 ಈಗ ಕಪಿಲ್ ದೇವ್ ಸರದಿ,
 ಆಸ್ಪಿರಿನ್ ಮಾತ್ರೆಗಳಿಂದ ಕೊರೊನಾ ಸೋಂಕು ದೂರ? ,
 ಎಲ್ಲ ಆಹಾರ ಉದ್ಯಮಕ್ಕೂ ಎಫ್‌ಎಸ್‌ಎಸ್‌ಎಐ ಪರವಾನಗಿ ಬೇಕೇ?,
 ಸರ್ಕಾರದಿಂದ ವಿದ್ಯಾರ್ಥಿಗಳಿಗೆ ಉಚಿತವಾಗಿ ಟ್ಯಾಬ್ಲೆಟ್ ವಿತರಣೆ ,
 ಫ್ರಾನ್ಸ್ ಅಧ್ಯಕ್ಷ ಮ್ಯಾಕ್ರೋನ್ ಮೇಲೆ ಮೊಟ್ಟೆ ಎಸೆದಿದ್ದು ನಿಜವೇ? ,
 ಚೀನಾದಿಂದ ಭಾರತದ ಆಮದು ಪ್ರಮಾಣ ಶೇ.27ರಷ್ಟು ಹೆಚ್ಚಳ? ,
ಮಾಸ್ಕ್ ಹಾಕಿದರೂ ಶೇ 85ರಷ್ಟು ಜನರಿಗೆ ಕೋವಿಡ್ ಬರುತ್ತದೆಯೇ? ,
 ಹೈದರಾಬಾದಿನಲ್ಲಿ ರಸ್ತೆ ದಾಟಿದ ಟ್ರಾಫಿಕ್ ಸಿಗ್ನಲ್? ,
 ಹೆಂಡತಿ ಒಲ್ಲೆ ಎಂದಿದ್ದಕ್ಕೆ ತಾನೇ ಮೆಟರ್ನಿಟಿ ಫೋಟೊಶೂಟ್ ಮಾಡಿಸಿಕೊಂಡ ಪತಿ ,
 ಭಾರತೀಯ ಯುದ್ಧ ವಿಮಾನ ಹೊಡೆದುರುಳಿಸಿತಾ ಚೀನಾ? ,
 ಜಪಾನ್ ಸ್ಟೇಡಿಯಂನಲ್ಲಿ ಹಾರುವ ತಟ್ಟೆಗಳು ಪ್ರತ್ಯಕ್ಷ ,
" ಹತ್ರಾಸ್‌ಗೆ ತೆರಳುವಾಗ ರಾಹುಲ್, ಪ್ರಿಯಾಂಕಾ ತಮಾಷೆ ಮಾಡಿ ನಗುತ್ತಿದ್ದರೇ?",
 ಸಿಎಂ ಯೋಗಿ ಹತ್ರಾಸ್ ಸಂತ್ರಸ್ತೆಯ ಅಂತ್ಯಕ್ರಿಯೆ ಲೈವ್ ನೋಡಿದ್ರಾ? ,
 ನಟಿ ದೀಪಿಕಾ ಪಡುಕೋಣೆ ಟಿ-ಶರ್ಟ್ ಮೇಲೆ ರೈತರ ಪರ ಬರಹ ,
 ಯುಜಿಸಿ ನೆಟ್ ಪರೀಕ್ಷೆಯಲ್ಲಿ ನೆಗೆಟಿವ್ ಅಂಕ ಇರುತ್ತದೆಯೇ?,
 ಸೆಪ್ಟೆಂಬರ್ 25ರಿಂದ ದೇಶಾದ್ಯಂತ ಮತ್ತೆ ಲಾಕ್‌ಡೌನ್ ,
" ವಿದ್ಯಾರ್ಥಿಗಳ ಶುಲ್ಕ ಪಾವತಿಗೆ ಕೇಂದ್ರದಿಂದ 11,000 ರೂ ನೆರವು?",
 ರಾಖಿ ಸಾವಂತ್ ಪಾಕಿಸ್ತಾನ ಧ್ವಜವನ್ನು ಅಪ್ಪಿಕೊಂಡಿದ್ದೇಕೆ? ,
 ದೇವಸ್ಥಾನದ ಮುಂದೆ ಸುಧಾಮೂರ್ತಿ ತರಕಾರಿ ಮಾರಿದ್ದು ನಿಜವೇ?,
 ಲಡಾಖ್‌ನಲ್ಲಿ ಭಾರತದ Mi-17 ಹೆಲಿಕಾಪ್ಟರ್ ಪತನ ,
 ಸೆಪ್ಟೆಂಬರ್ 25ರಿಂದ ದೇಶಾದ್ಯಂತ ಮತ್ತೊಂದು ಲಾಕ್‌ಡೌನ್,
 ಹಿಂದಿ ವಿರೋಧಿ ಅಭಿಯಾನಕ್ಕೆ ಕೆನಡಾ ಪ್ರಧಾನಿ ಬೆಂಬಲ ,
 ಅಕ್ಟೋಬರ್ 1ರಿಂದ ಚಿತ್ರ ಮಂದಿರಗಳು ತೆರೆಯಲಿವೆ,
Fact Check, ಬೆಂಗಳೂರಲ್ಲಿ ಕೋವಿಡ್ ಪರೀಕ್ಷೆ ಬಳಿಕ ಮಹಿಳೆ ನಾಪತ್ತೆ 
 ಕೋವಿಡ್ ರೋಗಿಗಳಿಗೆ ಐಸಿಎಂಆರ್‌ನಿಂದ ಐವರ್ಮೆಕ್ಟಿನ್ ಶಿಫಾರಸು?,
 ಅಂಬಾಲಾದಲ್ಲಿ ರಫೇಲ್ ಜೆಟ್ ಅಪಘಾತದ ಸುದ್ದಿ ಸುಳ್ಳು,
 ಹೊಸ ಸ್ಟುಡಿಯೋ ಕಟ್ಟಲು ಕಂಗನಾಗೆ ಅಂಬಾನಿಯಿಂದ ಧನ ಸಹಾಯ ,
 ರಿಯಾ ಚಕ್ರವರ್ತಿ ಪರ ಟ್ವಿಟರ್ ಪೋಸ್ಟ್ ಗಳ ಹಿಂದಿನ ರಹಸ್ಯ,
 ಲಸಿಕೆ ಸಿಕ್ಕ ಖುಷಿಯಲ್ಲಿ ರಷ್ಯಾದ ಆಸ್ಪತ್ರೆಯಲ್ಲಿ ಸಂಭ್ರಮಾಚರಣೆ ,
 ಲಡಾಖ್ ಸಂಘರ್ಷದ ವಿಷ್ಯ, ಏನು ಫೋಟೋಗಳ ಹಿಂದಿನ ಸತ್ಯ? 
 ಪ್ಯಾಂಗಾಂಗ್ ಸಮುದ್ರದ ಭಾರತದ ಭೂಭಾಗದಲ್ಲಿ ಚೀನಾ ಪ್ರವಾಸಿಗರು,
 ರೈಲ್ವೆಯನ್ನು ಸಂಪೂರ್ಣವಾಗಿ ಖಾಸಗಿಯವರಿಗೆ ಮಾರಲಾಗುತ್ತದೆಯೇ?,
 ಚೀನಾದ ಸುಖೋಯ್ ಯುದ್ಧ ವಿಮಾನವನ್ನು ಉರುಳಿಸಿದ ತೈವಾನ್,
 ಕಾಂಟ್ಯಾಕ್ಟ್‌ಲೆಸ್ ಥರ್ಮಾಮೀಟರ್‌ಗಳು ಆರೋಗ್ಯಕ್ಕೆ ಹಾನಿಕರವೇ?,
 ಮರೀನಾ ಬೀಚ್‌ನಲ್ಲಿ ಪೊಲೀಸ್ ಅಧಿಕಾರಿ ಮೇಲೆ ಮುಸ್ಲಿಂ ಯುವಕರಿಂದ ಹಲ್ಲೆ?,
 ಚೀನಾ ಯೋಧರ ಸಮಾಧಿ ಹಿಂದಿನ ಸತ್ಯವೇನು? ,
 ಕಾನೂನು ಪದವಿ ಪ್ರವೇಶ ಪರೀಕ್ಷೆ ಅನಿರ್ದಿಷ್ಟಾವಧಿ ಮುಂದಕ್ಕೆ?,
 ಗಾಲ್ವಾನ್ ಕಣಿವೆಯಲ್ಲಿ ಸೈನಿಕರು ಗಣಪತಿ ಹಬ್ಬ ಆಚರಿಸಿದರೇ?,
: ಸ್ಮಾರ್ಟ್‌ವಾಚ್ ಸ್ಕ್ಯಾನಿಂಗ್ ಬಳಸಿ ಫಾಸ್ಟ್ಯಾಗ್ ಹಣ ಲೂಟಿ ನಿಜವೇ?,
| ಈ ಚಿತ್ರದ ಅಸಲಿಯತ್ತೇನು?,
| ಆ ಚಿತ್ರ ಪಶ್ಚಿಮ ಬಂಗಾಳದ್ದೋ? ಪಾಕಿಸ್ತಾನದ್ದೋ?,
 | ಮುಸ್ಲಿಂ ಪ್ರತಿಭಟನಕಾರರಿಂದ ಪೊಲೀಸ್‌ ಅಧಿಕಾರಿಯ ಕೊಲೆ?,
FACT CHECK: ದಾರುಲ್ ಉಲೂಂ ದೇವಬಂದ್ ಹೆಸರಿನಲ್ಲಿ ಫತ್ವಾ!,
 | ಉತ್ತರ ಪ್ರದೇಶದಲ್ಲಿ ನಿರುದ್ಯೋಗ ಸಮಸ್ಯೆ ಕಡಿಮೆಯಾಗಿದೆಯೇ?,
 | ರಸ್ತೆಯಲ್ಲಿ ವ್ಯಕ್ತಿಯನ್ನು ಹೊಡೆದು ಕೊಲ್ಲುವ ದೃಶ್ಯದ ಸತ್ಯಾಂಶ,
: ತಮಿಳುನಾಡಿನಲ್ಲಿ ಕಮಲ ಅರಳುತ್ತಿದೆ, ಬಿಜೆಪಿ ಟ್ವೀಟ್ ಅಸಲಿಯತ್ತೇನು?
ಕುತುಬ್‌ ಮಿನಾರ್‌ ನಿರ್ಮಾಣಗೊಂಡಿದ್ದು ಮುಘಲರ ಕಾಲದಲ್ಲೇ? ಇತಿಹಾಸ ಹೇಳುವುದೇನು?,
 | ರಾಷ್ಟ್ರ ಧ್ವಜದ ಮೇಲೆ ವಾಹನ ಚಾಲನೆ: ವಿಡಿಯೊದ ಅಸಲಿಯತ್ತೇನು?,
: ವ್ಯಕ್ತಿಯ ಮೈಪೂರ್ತಿ ಜೇನ್ನೊಣಗಳು: ಕೊಳಲಿನ ಧ್ವನಿಗೆ ಆಕರ್ಷಿತವಾದವೇ?,
: ಹಿಂದೂ ದೇವಸ್ಥಾನವನ್ನು ಮಸೀದಿಯನ್ನಾಗಿ ಮಾರ್ಪಾಡು ಮಾಡಿದ್ದು ನಿಜವೇ?,
ಫ್ಯಾಕ್ಟ್‌ಚೆಕ್:ಜ್ಞಾನವಾಪಿ ಸಮೀಕ್ಷೆ ವಿರೋಧಿಸಿದವರ ಮೇಲೆ ಲಾಠಿ ಪ್ರಹಾರ ನಿಜವೇ?,
ಫ್ಯಾಕ್ಟ್‌ಚೆಕ್: ದೆಹಲಿ ಸರ್ಕಾರದಿಂದ ಮುಸ್ಲಿಂ ವಿದ್ಯಾರ್ಥಿಗಳ ಶುಲ್ಕ ಪಾವತಿ?,
"ಫ್ಯಾಕ್ಟ್‌ಚೆಕ್: ನಾಗಾ ಸಾಧುವೊಬ್ಬರ ಗಡ್ಡ, ಜಡೆಯನ್ನು ಯುವಕ ಕತ್ತರಿಸಿದ್ದು ನಿಜವೇ?",
ಫ್ಯಾಕ್ಟ್‌ಚೆಕ್‌: ನೈನಿತಾಲ್‌ನಲ್ಲಿ ಮುಸ್ಲಿಮರ ಜನಸಂಖ್ಯೆ ಹೆಚ್ಚಳ ನಿಜವೇ?,
ಜಾರ್ಖಂಡ್, ಪಂಚಾಯಿತಿ ಜಯದ ಸಂಭ್ರಮಾಚರಣೆ ವೇಳೆ 'ಪಾಕಿಸ್ತಾನ ಜಿಂದಾಬಾದ್‌'?
: ಉದ್ದಿಮೆ ಆರಂಭಿಸಲು ಪಿಎಂ ಮುದ್ರಾ ಯೋಜನೆ ಅಡಿ ₹ 10 ಲಕ್ಷ ಸಾಲ?,
: ಮುಸ್ಲಿಮರ ಓಲೈಕೆಗೆ ಮುಂದಾಯಿತೇ ಮಹಾರಾಷ್ಟ್ರ ಸರ್ಕಾರ?,
 | ಜ್ಞಾನವಾಪಿ ಮಸೀದಿ ನೆಲಮಾಳಿಗೆಯಲ್ಲಿ ಶಿವಲಿಂಗ: ವೈರಲ್ ಚಿತ್ರ ನಿಜವೇ?,
ಫ್ಯಾಕ್ಟ್‌ ಚೆಕ್‌: ರಾಜಸ್ಥಾನದಲ್ಲಿ ಪಾಕಿಸ್ತಾನ ಪರ ಘೋಷಣೆ?,
ಫ್ಯಾಕ್ಟ್‌ ಚೆಕ್‌: ಅಮೆರಿಕದಲ್ಲಿ ಮುಸ್ಲಿಂ ಮಹಿಳೆಗೆ ಥಳಿತ?,
ಹಸು-ಚಿರತೆಯ ವಾತ್ಸಲ್ಯಮಯ ಭೇಟಿಯ ಚಿತ್ರ ವೈರಲ್: ಅದರ ಹಿಂದಿನ ಸತ್ಯಾಂಶ ಇಲ್ಲಿದೆ,
ಫ್ಯಾಕ್ಟ್ ಚೆಕ್: ಕಾಂಗ್ರೆಸ್‌ನ ಚಿಂತನ ಶಿಬಿರದಲ್ಲಿ ಪಾಕಿಸ್ತಾನದ ಧ್ವಜದ ಬಣ್ಣಗಳು?,
ಫ್ಯಾಕ್ಟ್ ಚೆಕ್‌: ದೆಹಲಿಯಲ್ಲಿ ಬಾಂಗ್ಲಾದೇಶದ ರೋಹಿಂಗ್ಯಾಗಳು?,
ಫ್ಯಾಕ್ಟ್ ಚೆಕ್: ಗೀತೋಪದೇಶ ಸ್ಥಳದಲ್ಲಿ ಗೋರಿ?,
ಫ್ಯಾಕ್ಟ್‌ಚೆಕ್‌: ಬಿಜೆಪಿಯ ಸಭೆಯೊಂದರಲ್ಲಿ ರಾಹುಲ್‌ ದ್ರಾವಿಡ್‌?,
ಫ್ಯಾಕ್ಟ್‌ ಚೆಕ್‌: ರಕ್ತದ ಕಲೆಯ ವಸ್ತ್ರ ಕಟ್ಟಿಕೊಂಡು ಪೊಲೀಸರ ನಾಟಕ?,
ಫ್ಯಾಕ್ಟ್‌ ಚೆಕ್‌: ಲಂಡನ್‌ ಸೇತುವೆ ಬಳಿ ಹನುಮಾನ್‌ ಚಾಲೀಸಾ ಪಠಣ?,
ಫ್ಯಾಕ್ಟ್ ಚೆಕ್: ವ್ಯಕ್ತಿಯೊಬ್ಬನನ್ನು ಗುಂಪೊಂದು ಥಳಿಸುತ್ತಿರುವ ವಿಡಿಯೊ,
ಫ್ಯಾಕ್ಟ್‌ಚೆಕ್‌: ಪ್ರತ್ಯೇಕ ದೇಶಕ್ಕಾಗಿ ಆಗ್ರಹ,
ಫ್ಯಾಕ್ಟ್‌ ಚೆಕ್‌: ರಾಹುಲ್ ಜತೆ ಇದ್ದದ್ದು ಚೀನಾ ರಾಯಭಾರಿ ಅಲ್ಲ,
ಫ್ಯಾಕ್ಟ್‌ ಚೆಕ್‌: ಲವ್ ಜಿಹಾದ್‌ ಆರೋಪ ನಿಜವೇ?,
ಫ್ಯಾಕ್ಟ್‌ಚೆಕ್‌: ರೈಲಿನತ್ತ ಕಲ್ಲು ಎಸೆದವರು ಯಾರು?,
ಫ್ಯಾಕ್ಟ್‌ಚೆಕ್: ಮಸೀದಿ ಗೋಡೆ ಕೆಡವಿದ್ದಕ್ಕೆ ಶಿವ ದೇವಾಲಯ ಕೆಡವಿದ ಕಾಂಗ್ರೆಸ್‌,
ಫ್ಯಾಕ್ಟ್ ಚೆಕ್‌: ಪೊಲೀಸರ ಸಮ್ಮುಖದಲ್ಲೇ ಕಲ್ಲು ತೂರಾಟ,
ಫ್ಯಾಕ್ಟ್‌ಚೆಕ್: ವಿಶ್ವವಿದ್ಯಾಲಯದಲ್ಲಿ ಬಾಂಬ್ ತಯಾರಿಕೆ,
ಫ್ಯಾಕ್ಟ್‌ಚೆಕ್‌: ಧರ್ಮಗಳ ಧಾರ್ಮಿಕ ಕೇಂದ್ರಗಳಿಗೆ ಪ್ರತ್ಯೇಕ ವಿದ್ಯುತ್‌ ದರ,
ಫ್ಯಾಕ್ಟ್‌ಚೆಕ್‌, ಜೆ ಆ್ಯಂಡ್‌ ಕೆ ಎಂಬ ವಿದ್ಯಾರ್ಥಿ ನಿಲಯದ ಚಿತ್ರಗಳು..
ಫ್ಯಾಕ್ಟ್‌ಚೆಕ್‌: ಮುಸ್ಲಿಂ ವ್ಯಕ್ತಿ ಪೊಲೀಸರಿಗೆ ಬೆದರಿಕೆ ಹಾಕಿದನೇ?,
ಪ್ರಧಾನಿ ಪರಿಹಾರ ನಿಧಿಗೆ ವಿವೇಕ್ ಅಗ್ನಿಹೋತ್ರಿ ₹200 ಕೋಟಿ ಕೊಟ್ಟಿರುವುದು ನಿಜವೇ?,
ಫ್ಯಾಕ್ಟ್‌ಚೆಕ್‌: ಬಿರಿಯಾನಿಯಲ್ಲಿ ಸಂತಾನ ಶಕ್ತಿ ಹರಣ ಮಾತ್ರೆ– ಈ ಸುದ್ದಿ ಸುಳ್ಳು,
ಫ್ಯಾಕ್ಟ್‌ ಚೆಕ್‌: ಉತ್ತರ ಪ್ರದೇಶದಲ್ಲಿ ಮಹಿಳೆಯರ ಮೇಲೆ ದಾಳಿ ನಡೆಸಿದ್ದು ಯಾರು?,
"ಫ್ಯಾಕ್ಟ್‌ ಚೆಕ್‌: ಪೊಲೀಸ್ ಮೇಲೆ ಹಲ್ಲೆ ಆರೋಪ, ವೈರಲ್ ಆಗಿರುವ ಚಿತ್ರ ನಿಜವೇ?",
ಫ್ಯಾಕ್ಟ್‌ಚೆಕ್: ಕಾರಾಗಿರಿ ಲವ್‌ ಜಿಹಾದ್ ಉತ್ತೇಜಿಸುತ್ತಿದೆ ಎಂಬ ಆರೋಪ ನಿಜವೇ?,
ಫ್ಯಾಕ್ಟ್‌ಚೆಕ್‌: ಭಗವಂತ್‌ ಮಾನ್‌ ಮತ್ತು ಬೈಕ್ ಕಳ್ಳತನ! ಇದು ಸುಳ್ಳು ಸುದ್ದಿ,
ಫ್ಯಾಕ್ಟ್‌ಚೆಕ್‌| ಯೋಗಿ ಹಣೆಗೆ ಹಚ್ಚಿಕೊಂಡಿದ್ದು ಯೋಧನ ಚಿತೆಯ ಬೂದಿಯಲ್ಲ!,
ವೈರಲ್ ಸಂದೇಶ ನಿರ್ಲಕ್ಷಿಸಿ: ವಿದ್ಯುತ್ ಚಾಲಿತ ಟ್ಯಾಕ್ಸಿ ಸೇವೆ ಟಾಟಾ ಕಂಪನಿಯದಲ್ಲ,
ಎಲ್‌ಪಿಜಿ ಸಿಲಿಂಡರ್ ದರ ದೇಶದಲ್ಲೇ ಗರಿಷ್ಠ ಇರುವುದು ಹೈದರಾಬಾದ್‌ನಲ್ಲಿ ಅಲ್ಲ,
| ರಸ್ತೆಗಾಗಿ ದೇವಸ್ಥಾನ ಕೆಡವಿ ಮಸೀದಿ ಉಳಿಸಿತೇ ಆಂಧ್ರ ಸರ್ಕಾರ?,
"| ಪಶ್ಚಿಮ ಬಂಗಾಳದ ಸ್ಥಿತಿ ಪಾಕಿಸ್ತಾನದಂತಾಗಿದೆಯೇ, ಆ ವಿಡಿಯೊ ಅಸಲಿಯೇ?",
ಫ್ಯಾಕ್ಟ್ ಚೆಕ್: ಉಕ್ರೇನ್ ಸುಂದರ ತಾಣಗಳೆಂದು ಬಿಂಬಿಸಿದ ವೈರಲ್ ವಿಡಿಯೊ ಚೀನಾದ್ದು,
 | ಉತ್ತರ ಪ್ರದೇಶದಲ್ಲಿ ಹುಡುಗ ಪಾಕ್‌ ಪರ ಘೋಷಣೆ ಕೂಗಿದ್ದು ನಿಜವೇ?,
: ಎಎಪಿ ಅಧಿಕಾರಕ್ಕೆ ಬಂದ ಬಳಿಕ ಖಾಲಿಸ್ತಾನಕ್ಕೆ ಮರುಜೀವ?,
ಫ್ಯಾಕ್ಟ್ ಚೆಕ್: ತೆರವು ಕಾರ್ಯಾಚರಣೆಯ ವಿಮಾನ ಹತ್ತಿದ್ದು ಪುಟಿನ್ ಅವರೇ?,
: ಬಿಜೆಪಿ ಸೋಲಿಸಲು ಎಸ್‌ಪಿ ಮಾಡಿತೇ ಕುತಂತ್ರ,
"ವೀರೇಂದ್ರ ಹೆಗ್ಗಡೆ, ಇಳಯರಾಜ, ವಿಜಯೇಂದ್ರ ಪ್ರಸಾದ್, ಪಿ.ಟಿ ಉಷಾ ರಾಜ್ಯಸಭೆಗೆ",
"ಚಿನಕುರಳಿ, ಗುರುವಾರ, 07–07–2022",
ಜಮೀರ್‌ ಅಹಮ್ಮದ್‌ ಖಾನ್‌ ಬಳಿ ₹87 ಕೋಟಿ ಅಕ್ರಮ ಆಸ್ತಿ?,
ಬಯಲಾಯ್ತು ವಾಸ್ತುತಜ್ಞ ಚಂದ್ರಶೇಖರ ಗುರೂಜಿ ಹತ್ಯೆಗೆ ಕಾರಣ: ಏನದು?,
"ಬಾದಾಮಿ ಬಳಿ ಎರಡು ಕೋಮುಗಳ ನಡುವೆ ಗಲಾಟೆ: ಶಾಲಾ–ಕಾಲೇಜುಗಳಿಗೆ ರಜೆ, ನಿಷೇಧಾಜ್ಞೆ",
"ಕೆರೂರು: ಹಿಂದೂ–ಮುಸ್ಲಿಂ ಯುವಕರ ನಡುವೆ ಗಲಾಟೆ, ಮೂವರಿಗೆ ಚಾಕು ಇರಿತ",
ಆರೆಸ್ಸೆಸ್‌ ಆಳ ಅಗಲ: ದೇವನೂರ ಮಹಾದೇವರ ಕೃತಿಗೆ ಭಾರಿ ಬೇಡಿಕೆ,
ಪಿಎಸ್‌ಐ ನೇಮಕಾತಿ ಅಕ್ರಮ: ಅಮ್ರಿತ್ ಪೌಲ್‌ ಫಾರ್ಮ್‌ಹೌಸ್‌ ಮೇಲೆ ದಾಳಿ,
ಸಿದ್ದರಾಮಯ್ಯಗೆ ‘ಜಯದೇವಶ್ರೀ’ ಪ್ರಶಸ್ತಿ,
ಕಾಳಿ ಮಾತೆ ಕುರಿತು ಹೇಳಿಕೆ: ಮಹುವಾ ವಿರುದ್ಧ ಕ್ರಮಕ್ಕೆ ಬಿಜೆಪಿ ಆಗ್ರಹ,
10 ಲಕ್ಷ ಮಕ್ಕಳು ಶಾಲೆಯಿಂದ ಹೊರಗೆ: ಹೈಕೋರ್ಟ್‌ಗೆ ವರದಿ ಸಲ್ಲಿಕೆ,
ಸಂಖ್ಯೆ–ಸುದ್ದಿ: ಮನೆ ಮನೆಗೆ ನಲ್ಲಿ, ಕುಂಠಿತ ಪ್ರಗತಿ
ಶಿರಸಿ: ಬನವಾಸಿಯಲ್ಲಿ ‘ಫಿಲಿಪ್ಪೀನ್ಸ್ ಅನಾನಸ್’,
ಕೊಪ್ಪಳ: ಅಂತರ್ಜಲ ಹೆಚ್ಚಿಸಲು ‘ಅಮೃತ ಸರೋವರ’,
ಗ್ಲೋಬಲ್‌ ಮಾಲ್‌ನಲ್ಲಿ ಮಿಡ್‌ನೈಟ್‌ ಸೇಲ್‌,
ಐಪಿಎಲ್ ಕ್ರಿಕೆಟ್‌ ಟೂರ್ನಿ ಹರಾಜು: ಸಾರ್ವಜನಿಕ ಹಿತಾಸಕ್ತಿ ಅರ್ಜಿ ವಜಾ,
ಬಕ್ರೀದ್‌ ದಿನ ಜಾನುವಾರು ಹತ್ಯೆಗೆ ಕಡಿವಾಣ: ಸಚಿವ ಪ್ರಭು ಚವ್ಹಾಣ,
ರಾಮಯ್ಯ ತಾಂತ್ರಿಕ ಮಹಾವಿದ್ಯಾಲಯದಲ್ಲಿ ಮುಕ್ತ ದಿನ: ತಂತ್ರಜ್ಞಾನ ಲೋಕದ ಅನಾವರಣ,
ರಾಯಚೂರು: ಶಾಲಾ ಕೋಣೆಗಳ‌ ಕೊರತೆ: ಮರದ‌ಡಿ ಮಕ್ಕಳಿಗೆ ಪಾಠ!,
ಹೊಸಪೇಟೆ | ₹6 ಕೋಟಿಯಲ್ಲಿ ಧ್ವಜ ಸ್ತಂಭ ಸ್ಥಾಪನೆ!,
"ವೀರೇಂದ್ರ ಹೆಗ್ಗಡೆ, ಇಳಯರಾಜ, ವಿಜಯೇಂದ್ರ ಪ್ರಸಾದ್, ಪಿ.ಟಿ ಉಷಾ ರಾಜ್ಯಸಭೆಗೆ",
"ಚಿನಕುರಳಿ, ಗುರುವಾರ, 07–07–2022",
ಜಮೀರ್‌ ಅಹಮ್ಮದ್‌ ಖಾನ್‌ ಬಳಿ ₹87 ಕೋಟಿ ಅಕ್ರಮ ಆಸ್ತಿ?,
ಬಯಲಾಯ್ತು ವಾಸ್ತುತಜ್ಞ ಚಂದ್ರಶೇಖರ ಗುರೂಜಿ ಹತ್ಯೆಗೆ ಕಾರಣ: ಏನದು?,
"ಬಾದಾಮಿ ಬಳಿ ಎರಡು ಕೋಮುಗಳ ನಡುವೆ ಗಲಾಟೆ: ಶಾಲಾ–ಕಾಲೇಜುಗಳಿಗೆ ರಜೆ, ನಿಷೇಧಾಜ್ಞೆ",
"ಕೆರೂರು: ಹಿಂದೂ–ಮುಸ್ಲಿಂ ಯುವಕರ ನಡುವೆ ಗಲಾಟೆ, ಮೂವರಿಗೆ ಚಾಕು ಇರಿತ",
ಆರೆಸ್ಸೆಸ್‌ ಆಳ ಅಗಲ: ದೇವನೂರ ಮಹಾದೇವರ ಕೃತಿಗೆ ಭಾರಿ ಬೇಡಿಕೆ,
ಪಿಎಸ್‌ಐ ನೇಮಕಾತಿ ಅಕ್ರಮ: ಅಮ್ರಿತ್ ಪೌಲ್‌ ಫಾರ್ಮ್‌ಹೌಸ್‌ ಮೇಲೆ ದಾಳಿ,
ಸಿದ್ದರಾಮಯ್ಯಗೆ ‘ಜಯದೇವಶ್ರೀ’ ಪ್ರಶಸ್ತಿ,
ಕಾಳಿ ಮಾತೆ ಕುರಿತು ಹೇಳಿಕೆ: ಮಹುವಾ ವಿರುದ್ಧ ಕ್ರಮಕ್ಕೆ ಬಿಜೆಪಿ ಆಗ್ರಹ,
10 ಲಕ್ಷ ಮಕ್ಕಳು ಶಾಲೆಯಿಂದ ಹೊರಗೆ: ಹೈಕೋರ್ಟ್‌ಗೆ ವರದಿ ಸಲ್ಲಿಕೆ,
ಸಂಖ್ಯೆ–ಸುದ್ದಿ: ಮನೆ ಮನೆಗೆ ನಲ್ಲಿ, ಕುಂಠಿತ ಪ್ರಗತಿ
ಶಿರಸಿ: ಬನವಾಸಿಯಲ್ಲಿ ‘ಫಿಲಿಪ್ಪೀನ್ಸ್ ಅನಾನಸ್’,
ಕೊಪ್ಪಳ: ಅಂತರ್ಜಲ ಹೆಚ್ಚಿಸಲು ‘ಅಮೃತ ಸರೋವರ’,
ಗ್ಲೋಬಲ್‌ ಮಾಲ್‌ನಲ್ಲಿ ಮಿಡ್‌ನೈಟ್‌ ಸೇಲ್‌,
ಐಪಿಎಲ್ ಕ್ರಿಕೆಟ್‌ ಟೂರ್ನಿ ಹರಾಜು: ಸಾರ್ವಜನಿಕ ಹಿತಾಸಕ್ತಿ ಅರ್ಜಿ ವಜಾ,
ಬಕ್ರೀದ್‌ ದಿನ ಜಾನುವಾರು ಹತ್ಯೆಗೆ ಕಡಿವಾಣ: ಸಚಿವ ಪ್ರಭು ಚವ್ಹಾಣ,
ರಾಮಯ್ಯ ತಾಂತ್ರಿಕ ಮಹಾವಿದ್ಯಾಲಯದಲ್ಲಿ ಮುಕ್ತ ದಿನ: ತಂತ್ರಜ್ಞಾನ ಲೋಕದ ಅನಾವರಣ,
ರಾಯಚೂರು: ಶಾಲಾ ಕೋಣೆಗಳ‌ ಕೊರತೆ: ಮರದ‌ಡಿ ಮಕ್ಕಳಿಗೆ ಪಾಠ!,
ಹೊಸಪೇಟೆ | ₹6 ಕೋಟಿಯಲ್ಲಿ ಧ್ವಜ ಸ್ತಂಭ ಸ್ಥಾಪನೆ!,
