" ಹಿಂದೂಗಳನ್ನು ರೋಗಿಗಳಾಗಿಸಲು ರಾಸಾಯನಿಕಗಳನ್ನು ಹೊಂದಿರುವ ಆಹಾರವನ್ನು ಮುಸ್ಲಿಮರು ಮಾರಾಟ ಮಾಡುವಂತೆ ದಾರುಲ್ ಉಲೂಮ್ ದೇವ್‌ಬಂದ್, ‘ಫತ್ವಾ’ ಹೊರಡಿಸಿತು"
 ನೂಪುರ್ ಶರ್ಮಾ ಅವರ ಇತ್ತೀಚಿನ ವೀಡಿಯೊ ಕ್ಲಿಪ್ “ಜೋಶ್ ಹೇಗಿದೆ? ಹೈ ಸರ್!” ಜನರ ಗುಂಪಿನ ಜೊತೆಗೆ
" ನೆದರ್ಲ್ಯಾಂಡ್ಸ್ ಮತ್ತು ಇಸ್ರೇಲ್ ಸೇರಿದಂತೆ 34 ದೇಶಗಳು, ಪ್ರವಾದಿ ಮುಹಮ್ಮದ್ ಅವರನ್ನು ನಿಂದಿಸಿದ ನಂತರ ಭಾರತ ಮತ್ತು ನೂಪುರ್ ಶರ್ಮಾ ಅವರನ್ನು ಬೆಂಬಲಿಸಿದವು"
 ನೂಪುರ್ ಶರ್ಮಾ ಅವರನ್ನು ಬೆಂಬಲಿಸಿ ನಾಗಾ ಸಾಧುಗಳ ರ್ಯಾಲಿಯನ್ನು ವೀಡಿಯೊ ತೋರಿಸುತ್ತದೆ
 ಗಲ್ಫ್ ಕಂಪನಿಗಳು ತಮ್ಮ ದೇಶಗಳಿಂದ ವಲಸೆ ಬಂದ ಭಾರತೀಯ ಉದ್ಯೋಗಿಗಳನ್ನು ವಾಪಸ್ ಕಳುಹಿಸುತ್ತಿರುವ ಇತ್ತೀಚಿನ ವೀಡಿಯೊ
" ವಿದ್ಯುಚ್ಛಕ್ತಿ ಉತ್ಪಾದಿಸುವುದರಿಂದ ಆ ನೀರಿನ ಶಕ್ತಿ ಖಾಲಿಯಾಗುತ್ತದೆ, ಆ ನೀರಿನಿಂದ ನೀರಾವರಿಗೆ ಯಾವುದೇ ಪ್ರಯೋಜನವಾಗುವುದಿಲ್ಲ ಎಂದು ರಾಜಸ್ಥಾನ ಸಿಎಂ ಅಶೋಕ್ ಗೆಹ್ಲೋಟ್ ಹೇಳಿದ್ದಾರೆ"
 ರಫಿಯಾ ಅರ್ಷದ್ USA ನಲ್ಲಿ ಹಿಜಾಬ್ ಧರಿಸಿದ ಮೊದಲ ನ್ಯಾಯಾಧೀಶರಾಗಿದ್ದಾರೆ
 ಯಾಸಿನ್ ಮಲಿಕ್ ಗೆ ಎನ್ಐಎ ನ್ಯಾಯಾಲಯವು ಜೀವಾವಧಿ ಶಿಕ್ಷೆಯ ತೀರ್ಪು ನೀಡಿದ ನಂತರ ಅವರ ಪತ್ನಿ ಅಳುತ್ತಿರುವ ವೀಡಿಯೊ
 AIMIM ಪಕ್ಷದ ಅಧ್ಯಕ್ಷ ಅಸಾದುದ್ದೀನ್ ಓವೈಸಿ RSS ಅಧ್ಯಕ್ಷ ಮೋಹನ್ ಭಾಗವತ್ ಜೊತೆಗೆ ಕುಳಿತಿರುವ ಫೋಟೋ
 ಅಯೋಧ್ಯೆ ರಾಮಮಂದಿರದ ಅಧಿಕೃತವಾಗಿ ಬಿಡುಗಡೆಯಾದ 3D ವೀಡಿಯೊ
 ದೆಹಲಿಯ ಮುಂಡ್ಕಾದಲ್ಲಿ ಸಂಭವಿಸಿದ ಅಗ್ನಿ ಅವಘಡದ ಸಂದರ್ಭದಲ್ಲಿ 50 ಜನರನ್ನು ರಕ್ಷಿಸಿದ ದಯಾನಂದ ತಿವಾರಿ ಅವರ ಕೆಚ್ಚೆದೆಯ ಕಾರ್ಯವನ್ನು ಮಾಧ್ಯಮಗಳು ವರದಿ ಮಾಡಲಿಲ್ಲ
 ಆಂಧ್ರಪ್ರದೇಶದ ಶ್ರೀಕಾಕುಳಂ ಕಡಲ ತೀರದಲ್ಲಿ ಚಿನ್ನದ ರಥವನ್ನು ಕಾಣಿಸಿಕೊಂಡಿದೆ
 ವಾರಣಾಸಿಯ ಜ್ಞಾನವಾಪಿ ಮಸೀದಿಯಲ್ಲಿ ಶಿವಲಿಂಗ ಪತ್ತೆಯಾದ ನಂತರ ಜನರು ಸಂಭ್ರಮಿಸುತ್ತಿರುವ ವಿಡಿಯೋ
 ಜ್ಞಾನವಾಪಿ ಮಸೀದಿಯಲ್ಲಿ ಇತ್ತೀಚಿನ ಸಮೀಕ್ಷೆಯ ಸಂದರ್ಭದಲ್ಲಿ ಕಂಡುಬಂದಿರುವ ‘ಶಿವಲಿಂಗ’ದ ಫೋಟೋಗಳು
 ಫ್ರಾನ್ಸ್‌ನ ಬೀದಿಗಳಲ್ಲಿ ಮುಸ್ಲಿಮರು ನಮಾಜ್ ಮಾಡುವ ವಿಡಿಯೋ
 ಸರ್ಕಾರಿ ಸ್ವಾಮ್ಯದ ಸೆಂಟ್ರಲ್ ಬ್ಯಾಂಕ್ ಆಫ್ ಇಂಡಿಯಾ ತನ್ನ 600 ಶಾಖೆಗಳನ್ನು ಮಾರ್ಚ್ 2023 ರ ಅಂತ್ಯದ ವೇಳೆಗೆ ಮುಚ್ಚಲು ಯೋಜಿಸುತ್ತಿದೆ
 ಕುಡಿದ ಅಮಲಿನಲ್ಲಿ ಪ್ರಧಾನಿ ಮೋದಿ ಮಾಧ್ಯಮಗಳೊಂದಿಗೆ ಮಾತನಾಡುತ್ತಿರುವ ವಿಡಿಯೋ
 ಮುಂಬೈನ ರಸ್ತೆಯೊಂದರಲ್ಲಿ ಧ್ವನಿವರ್ಧಕಗಳನ್ನು ಬಳಸಲು ಅನುಮತಿ ನೀಡದ ಕಾರಣ ಜನರು ಆಜಾನ್ ಪಠಿಸುವ ಇತ್ತೀಚಿನ ವೀಡಿಯೊ
 ತಿರುಮಲ ದೇವಸ್ಥಾನದ ಪ್ರಧಾನ ಅರ್ಚಕ ವೈ ಎಸ್. ಜಗನ್ ಮೋಹನ್ ರೆಡ್ಡಿ ಅವರು ದೇವಸ್ಥಾನದ ಆದಾಯವನ್ನು ರಾಜ್ಯದ ಕ್ರಿಶ್ಚಿಯನ್ ಮತ್ತು ಮುಸ್ಲಿಂ ಸಮುದಾಯಗಳ ಕಲ್ಯಾಣಕ್ಕಾಗಿ ಬಳಸುತ್ತಿದ್ದಾರೆ ಎಂದು ಆರೋಪಿಸಲಾಗಿದೆ
 ವ್ಯಕ್ತಿಯೊಬ್ಬ ಗುಂಡಿಗೆ ಬಿದ್ದು ಸಂಪೂರ್ಣವಾಗಿ ನಾಪತ್ತೆಯಾಗಿರುವ ವಿಡಿಯೋ
 ಕರ್ನಾಟಕದ ಮಂಗಳೂರಿನಲ್ಲಿ ಈಗ ಮಸೀದಿಯಾಗಿ ಪರಿವರ್ತನೆಯಾಗಿರುವ ಪುರಾತನ ದೇವಾಲಯದ ವಿಡಿಯೋ
 ಮಿರ್ಜಾಪುರದಲ್ಲಿ ಮುಸ್ಲಿಂ ವ್ಯಕ್ತಿಯೊಬ್ಬ ಹಿಂದೂ ಮಹಿಳೆಯರ ಮೇಲೆ ಅಮಾನುಷವಾಗಿ ಹಲ್ಲೆ ನಡೆಸಿದ ವಿಡಿಯೋ
 ಈ ಹಿಂದೆ ಬೈಕ್ ಕಳ್ಳತನ ಮಾಡಿದ್ದಕ್ಕಾಗಿ ಭಗವಂತ್ ಮಾನ್ ಮತ್ತು ಆತನ ಸ್ನೇಹಿತರನ್ನು ಪೊಲೀಸರು ಬಂಧಿಸಿದ್ದರು ಎಂದು ಹೇಳಲಾಗಿರುವ ಫೋಟೋ
   ಸೋಪೋರ್ (ಜೆ&ಕೆ) ನಲ್ಲಿರುವ ಸಿಆರ್‌ಪಿಎಫ್ ಶಿಬಿರದ ಮೇಲೆ ಪೆಟ್ರೋಲ್ ಬಾಂಬ್ ಎಸೆದ ಬುರ್ಖಾ ಧರಿಸಿರುವ ವ್ಯಕ್ತಿ ರಯೀಸ್ ಅಹ್ಮದ್ ಭಟ್
 ಎಎಪಿಯ ರಾಜ್ಯಸಭಾ ಸಂಸದ ರಾಘವ್ ಚಡ್ಡಾ ಅವರ ಫೋಟೋ
 ಇತ್ತೀಚೆಗೆ ಟಾಟಾ ಕಂಪನಿಯು ಏರ್ ಇಂಡಿಯಾವನ್ನು ಖರೀದಿಸಿದ ನಂತರ ಭದ್ರತಾ ಕಾರಣಗಳಿಗಾಗಿ ಅಧ್ಯಕ್ಷರ ಮಗಳನ್ನು ಫ್ಲೈಟ್ ಅಟೆಂಡೆಂಟ್ ಹುದ್ದೆಯಿಂದ ಆಂತರಿಕ ವ್ಯವಹಾರಗಳ ವಿಭಾಗಕ್ಕೆ ನಿಯೋಜಿಸಲಾಗಿದೆ
 ಬಾಂಗ್ಲಾದೇಶದಲ್ಲಿ ಜನರು ಹಿಂದೂ ದೇವಾಲಯವನ್ನು ಧ್ವಂಸಗೊಳಿಸುತ್ತಿರುವ ವೀಡಿಯೊ
 ಮುಸ್ಲಿಂ ಶಿಕ್ಷಕಿಯೊಬ್ಬರು ತನ್ನ ವಿದ್ಯಾರ್ಥಿನಿಯರಿಗೆ ಕೇಸರಿ ಶಾಲು ಹಾಕುವಂತೆ ಮಹಾರಾಷ್ಟ್ರ ನವನಿರ್ಮಾಣ ಸೇನೆಯ ಕಾರ್ಯಕರ್ತರು ಒತ್ತಾಯಿಸಿದ ವಿಡಿಯೋ
 ಮಾಜಿ ಪ್ರಧಾನಿ ಅಟಲ್ ಬಿಹಾರಿ ವಾಜಪೇಯಿ ಅವರು ವಿಶ್ವಸಂಸ್ಥೆಯಲ್ಲಿ ಕಾಶ್ಮೀರ ಸಮಸ್ಯೆಯ ಕುರಿತು ಮಾಡಿದ ಭಾಷಣ
 ‘ಪಾಕಿಸ್ತಾನ್ ಜಿಂದಾಬಾದ್’ ಎಂದು ಕೂಗಿದ್ದಕ್ಕಾಗಿ ಯುಪಿ ಪೊಲೀಸರು ವ್ಯಕ್ತಿಯೊಬ್ಬನನ್ನು ಥಳಿಸಿದ ವಿಡಿಯೋ
 2014ರ ಮೊದಲು ಮತ್ತು ನಂತರ ಕಾಶ್ಮೀರದ ಪರಿಸ್ಥಿತಿಯನ್ನು ಹೋಲುವ ದೃಶ್ಯಗಳು
 ಉತ್ತರ ಪ್ರದೇಶದ ಮುಖ್ಯಮಂತ್ರಿ ಯೋಗಿ ಆದಿತ್ಯನಾಥ್ ಅವರು ಮೃತ ಯೋಧನ ಚಿತಾಭಸ್ಮವನ್ನು ತಮ್ಮ ಹಣೆಗೆ ಹಚ್ಚಿಕೊಂಡರು
" ಭಾರತದಲ್ಲಿನ ಮುಸ್ಲಿಂ ಜನಸಂಖ್ಯೆಯು 98% ಅತ್ಯಾಚಾರಗಳು, 95% ದರೋಡೆಗಳು, 100% ಭಯೋತ್ಪಾದನೆ, 300% ಜನಸಂಖ್ಯೆಯ ಸ್ಫೋಟ, 800% ಸರ್ಕಾರಿ ಸೌಲಭ್ಯಗಳ ಬಳಕೆ ಮಾಡಿಕೊಂಡಿದೆ. ಆದರೆ 0.1% ತೆರಿಗೆಯನ್ನು ಮಾತ್ರ ಕೊಡುಗೆ ನೀಡುತ್ತದೆ"
 ‘ದಿ ಕಾಶ್ಮೀರ್ ಫೈಲ್ಸ್ ಸಿನಿಮಾ’ ನಿರ್ದೇಶಕ ವಿವೇಕ್ ರಂಜನ್ ಅಗ್ನಿಹೋತ್ರಿ ಅವರು ತಮ್ಮ ಸಿನಿಮಾ ಲಾಭದಿಂದ ಕಾಶ್ಮೀರಿ ಹಿಂದೂಗಳಿಗೆ ಮನೆಗಳನ್ನು ನಿರ್ಮಿಸಿಕೊಡುವುದಾಗಿ ವಾಗ್ದಾನ ಮಾಡಿದರು
 ದಿ ಕಾಶ್ಮೀರ್ ಫೈಲ್ಸ್ ಸಿನಿಮಾ ಯುಪಿ ಸಿಎಂ ಯೋಗಿ ಆದಿತ್ಯನಾಥ್ ಕಣ್ಣೀರು ಹಾಕಿದ ಇತ್ತೀಚಿನ ವಿಡಿಯೋ
 2022 ರ ಯುಪಿ ಚುನಾವಣೆಯಲ್ಲಿ ಮಹಿಳಾ ಮತದಾರರ ಮತಗಳನ್ನು ಪೋಲಿಂಗ್ ಏಜೆಂಟ್‌ಗಳು ತಿರುಚುತ್ತಿರುವ ದೃಶ್ಯಗಳು
 ಕುತುಬ್ ಮಿನಾರ್‌ನ  ಮೇಲೆ ರಷ್ಯಾದ ರಾಷ್ಟ್ರೀಯ ಧ್ವಜದ ಲೇಸರ್‌ ಬೆಳಕಿನ ದೀಪವನ್ನು ಬಣ್ಣಗಳಲ್ಲಿ ಅಲಂಕರಿಸಲಾಗಿದೆ
 ಉಕ್ರೇನ್‌ನಲ್ಲಿ ಭಾರತದ ಪ್ರಜೆಗಳನ್ನು ಸ್ಥಳಾಂತರಿಸುವ ಪ್ರಯತ್ನಗಳನ್ನು ಶ್ಲಾಘಿಸಿ ಪಾಕಿಸ್ತಾನ ಸಂಸತ್ತಿನಲ್ಲಿ ‘ಮೋದಿ ಜಿಂದಾಬಾದ್’ ಘೋಷಣೆಗಳ ವೀಡಿಯೊ
 ಮಾಜಿ ಮಿಸ್ ಉಕ್ರೇನ್ ಅನಸ್ತಾಸಿಯಾ ಲೆನ್ನಾ ರಷ್ಯಾದ ಸೈನ್ಯದ ವಿರುದ್ಧ ತನ್ನ ದೇಶವನ್ನು ರಕ್ಷಿಸಲು ಸೈನ್ಯಕ್ಕೆ ಸೇರಿದರು
 ಉಕ್ರೇನ್‌ನಿಂದ ಸ್ಥಳಾಂತರಿಸಲ್ಪಟ್ಟ ಭಾರತೀಯ ಪ್ರಜೆಗಳೊಂದಿಗೆ ವ್ಲಾಡಿಮಿರ್ ಪುಟಿನ್ ಸಂವಾದ ನಡೆಸುತ್ತಿರುವ ವೀಡಿಯೊ
 ಚೀನಾ ಉತ್ಪಾದಿಸಿದ ಮೊದಲ ಪ್ಲಾಸ್ಟಿಕ್ ಹೆಣ್ಣು ರೋಬೋ
 ಗಿಲ್ಗಿಟ್-ಬಾಲ್ಟಿಸ್ತಾನ್ ಮತ್ತು ಪಾಕಿಸ್ತಾನದ ಹಣದ ಮನವಿಯ ವಿಷಯಗಳ ಕುರಿತು ಪುಟಿನ್ ಮಾತನಾಡುತ್ತಿರುವ ವೀಡಿಯೊ
 ಉಕ್ರೇನಿಯನ್ ನಾಗರಿಕರ ನಕಲಿ ಮೃತ ದೇಹಗಳನ್ನು ತೋರಿಸುವ ಪಾಶ್ಚಿಮಾತ್ಯ ಮಾಧ್ಯಮವನ್ನು ಚಿತ್ರಿಸುವ ವೀಡಿಯೊ
 ವೈಶಾಲಿ ಯಾದವ್ ಉಕ್ರೇನ್‌ನಲ್ಲಿ ಓದುತ್ತಿರುವಂತೆ ನಕಲಿ ವಿಡಿಯೋ ಪೋಸ್ಟ್ ಮಾಡಿ ಸುಳ್ಳು ಸುದ್ದಿಯನ್ನು ಹರಡಿದ ಕಾರಣಕ್ಕೆ ಉತ್ತರ ಪ್ರದೇಶ ಪೊಲೀಸರು ಆಕೆಯನ್ನು ಬಂಧಿಸಿದ್ದಾರೆ
 ಕಡಿಮೆ ಆದಾಯದ ಒಂದು ಲಕ್ಷ ಯೂನಿಟ್ ಮನೆಗಳನ್ನು ನಿರ್ಮಿಸುವ ಭರವಸೆಯನ್ನು ಉಳಿಸಿಕೊಳ್ಳಲು ವಿಫಲವಾದ ನಂತರ ಮಂಗೋಲಿಯನ್ ಸಚಿವರು ಪತ್ರಿಕಾಗೋಷ್ಠಿಯಲ್ಲಿ ಬೆಂಕಿ ಹಚ್ಚಿಕೊಂಡ ವಿಡಿಯೋ
 ರಷ್ಯಾ ಉಕ್ರೇನ್ ವಿರುದ್ಧ ವಾಯುದಾಳಿ ನಡೆಸುತ್ತಿರುವ ಇತ್ತೀಚಿನ ವೀಡಿಯೊ
" ಜರ್ಮನಿಯಲ್ಲಿ ಕ್ಯಾನ್ಸರ್‌ನಿಂದ ಬಳಲುತ್ತಿರುವ 6 ವರ್ಷದ ಬಾಲಕನಿಗೆ 20,000 ಬೈಕ್‌ ಸವಾರರು ಮೋಟಾರ್‌ ಬೈಕ್‌ ಪರೇಡ್‌ ನಡೆಸುತ್ತಿರುವ ವಿಡಿಯೋ"
 ಬಜರಂಗದಳ ಕಾರ್ಯಕರ್ತ ಹರ್ಷ ಹತ್ಯೆ ಖಂಡಿಸಿ ಚಿತ್ರದುರ್ಗದಲ್ಲಿ ಹಿಂದೂಪರ ಸಂಘಟನೆಗಳು ಪ್ರತಿಭಟನೆ ನಡೆಸಿದ ವಿಡಿಯೋ
 ಮುಸ್ಕಾನ್ ಖಾನ್ ಶಾಲೆಯಲ್ಲಿ ಬುರ್ಖಾದಲ್ಲಿ ಮತ್ತು ಇತರ ಸ್ಥಳಗಳಲ್ಲಿ ಬೇರೆ ಉಡುಪುಗಳಲ್ಲಿ ಇರುತ್ತಾಳೆ ಎಂದು ಪ್ರತಿಪಾದಿಸಲಾಗಿದೆ
 11 ವರ್ಷಗಳ ನಂತರ ಮಗುವಿಗೆ ಜನ್ಮ ನೀಡಿದ ಮಹಿಳೆ ಮಗುವಿಗೆ ಜನ್ಮ ನೀಡಿದ ನಂತರ ಸಾವನ್ನಪ್ಪಿದ ದೃಶ್ಯಗಳು
 ಮುಸ್ಕಾನ್ ಖಾನ್ ತನ್ನನ್ನು ಬೆಂಬಲಿಸಿದ್ದಕ್ಕಾಗಿ ಅಫ್ಘಾನ್ ತಾಲಿಬಾನ್ ವಕ್ತಾರರಿಗೆ ಧನ್ಯವಾದ ಅರ್ಪಿಸಿದ ಟ್ವೀಟ್‌ನ ಸ್ಕ್ರೀನ್‌ಶಾಟ್ ವೈರಲ್
 ಉತ್ತರ ಪ್ರದೇಶ ಚುನಾವಣೆ ಅಂಗವಾಗಿ ಮತ ಕೇಳಲು ಹೋದ ಬಿಜೆಪಿ ಮುಖಂಡನನ್ನು ಜನರು ಥಳಿಸಿ ಹೊರ ಹಾಕುತ್ತಿದ್ದಾರೆ
" ಮಲಪ್ಪುರಂ ಜಿಲ್ಲಾಧಿಕಾರಿ ರಾಣಿ ಸೋಯಾಮೊಯ್ ಅವರ ನಿಜ ಜೀವನದ ಕಥೆ.ಫ್ಯಾಕ್ಟ್‌ಚೆಕ್;  ಮಲಪ್ಪುರಂ ಜಿಲ್ಲಾಧಿಕಾರಿಯ ಬಗ್ಗೆ ಹೇಳಲಾದ ಕಥೆಯು ಕಾಲ್ಪನಿಕವಾಗಿದೆ. ಈ ಕಥೆಯನ್ನು ಮಲಯಾಳಿ ಲೇಖಕ ಹಕೀಂ ಮೊರೆಯೂರ್ ಅವರ ‘ಮೂರು ಮಹಿಳೆಯರು’ ಎಂಬ ಸಣ್ಣ ಕಥಾ ಸಂಕಲನದಿಂದ ತೆಗೆದುಕೊಳ್ಳಲಾಗಿದೆ. ವೈರಲ್ ಪೋಸ್ಟ್‌ನಲ್ಲಿ ಕಲೆಕ್ಟರ್  ಹೆಸರನ್ನು ಸಹ ಪುಸ್ತಕದಿಂದ ತೆಗೆದುಕೊಳ್ಳಲಾಗಿದೆ. ಈ ಬಗ್ಗೆ ಸ್ವತಃ  ಹಕೀಂ ಮೊರೆಯೂರ್ ಅವರೇ ಫೇಸ್ ಬುಕ್ ಪೋಸ್ಟ್ ಮೂಲಕ ಸ್ಪಷ್ಟನೆ ನೀಡಿದ್ದಾರೆ. ಮತ್ತೊಂದೆಡೆ, ಪೋಸ್ಟ್‌ನಲ್ಲಿ ಹಂಚಿಕೊಂಡಿರುವ ಫೋಟೊ ಶೈನಾಮೋಲ್ ಐಎಎಸ್ ಅವರದ್ದೆ ಆಗಿದೆ, ಅವರು ಈ ಹಿಂದೆ ಮಲಪ್ಪುರಂ ಕಲೆಕ್ಟರ್ ಆಗಿ ಕೆಲಸ ಮಾಡಿದ್ದಾರೆ. ಆದ್ದರಿಂದ ಪೋಸ್ಟ್‌ನಲ್ಲಿ ಮಾಡಿದ ಪ್ರತಿಪಾದನೆ ತಪ್ಪಾಗಿದೆ"
 ಅಸೆಂಬ್ಲಿ ಚುನಾವಣೆಗೆ ಮುನ್ನ ಯುಪಿಯಲ್ಲಿ ಸ್ಮೃತಿ ಇರಾನಿ ಅವರ ಬೆಂಗಾವಲು ವಾಹನವನ್ನು ಜನರು ತಡೆಯುವ ಇತ್ತೀಚಿನ ವೀಡಿಯೊ
 ಕರ್ನಾಟಕ ಯೂತ್ ಕಾಂಗ್ರೆಸ್ ಕಚೇರಿಯನ್ನು ಇಸ್ಲಾಮಿಕ್ ಸಂಪ್ರದಾಯದಂತೆ ಪ್ರಾರ್ಥನೆ ಸಲ್ಲಿಸಿ ಉದ್ಘಾಟಿಸಲಾಗಿದೆ ಎಂದು ಪ್ರತಿಪಾದಿಸಲಾಗಿದೆ
""
 ಅಖಿಲೇಶ್ ಯಾದವ್ ಮತ್ತು ಯೋಗಿ ಆದಿತ್ಯನಾಥ್ ಅವರ ಅವಧಿಯ ಗಣರಾಜ್ಯೋತ್ಸವದ ಪರೇಡ್‌ನಲ್ಲಿ ಉತ್ತರ ಪ್ರದೇಶದ ಟ್ಯಾಬ್ಲೋದಲ್ಲಿನ ವ್ಯತ್ಯಾಸಗಳು
 ಸ್ಪೇನ್‌ನ ರೇಡಿಯೊ ಚಾನೆಲ್‌ನಲ್ಲಿ ಮಹಿಳೆಯೊಬ್ಬರು ಸಂಸ್ಕೃತದಲ್ಲಿ ಶ್ಲೋಕಗಳನ್ನು ಹಾಡುತ್ತಿರುವ ವೀಡಿಯೊ
" NASA ವು  ಯುಗದಲ್ಲಿ ಒಂದು ದಿನ ತಪ್ಪಿಹೋಗಿದೆ ಎಂದು ಕಂಡುಹಿಡಿದಿದೆ, ಆ ಮೂಲಕ ಬೈಬಲ್‌ನಲ್ಲಿ ಉಲ್ಲೇಖಿಸಲಾದ ಕೆಲವು ವಿಷಯಗಳು ನಿಜವೆಂದು ಸಾಬೀತುಪಡಿಸುತ್ತದೆ"
 ಕುಂಭಮೇಳದ ಸಮಯದಲ್ಲಿ ಸುಮಾರು 400 ಸಿದ್ಧ ಸಂತರು ತಮ್ಮ ದೇಹವನ್ನು ಅಗ್ನಿ ದೇವಿಗೆ ಅರ್ಪಿಸುತ್ತಿರುವುದನ್ನು ಬಿಬಿಸಿ ತಂಡವು ವಿಡಿಯೋ ಮಾಡಿದೆ
 ರೋಹಿಂಗ್ಯಾ ಮುಸ್ಲಿಮರು ಹಿಂದೂ ಮಕ್ಕಳನ್ನು ಅಪಹರಿಸಿದಾಗ ಸಿಕ್ಕಿಬಿದ್ದಿರುವ ದೃಶ್ಯಗಳು
 ಕೋವಿಡ್-19 ಅನ್ನು ತಡೆಗಟ್ಟಲು ಅಥವಾ ಗುಣಪಡಿಸಲು ಒಣ ಶುಂಠಿಯ ಪುಡಿಯನ್ನು ಮನೆಮದ್ದು ಎಂದು ಸೂಚಿಸುವ ನರವಿಜ್ಞಾನಿ ಡಾ. ಸುಶೀಲ್ ರಜ್ದಾನ್ ಅವರ ವಿಡಿಯೋ
 ಇಂಡೋನೇಷ್ಯಾದಲ್ಲಿ ನಡೆದ ಭೀಕರ ವಿಮಾನ ಅಪಘಾತದ ದೃಶ್ಯಗಳು
 ದಕ್ಷಿಣ ಕ್ಯಾಲಿಫೋರ್ನಿಯಾದ ಸ್ಯಾನ್ ಡಿಯಾಗೋ ಪ್ರದೇಶದಲ್ಲಿ 800 ಜನರ ತಂದೆಯಾಗಿರುವ ಹಾಲು ವಿತರಣಾ ಹುಡುಗ
 ಬೇರು ಕತ್ತರಿಸಿದರೂ 15 ದಿನಗಳವರೆಗೆ ಬದುಕಬಲ್ಲ ಶಿವ ನಾಗ ಮರದ ವಿಡಿಯೋ
 ಫೋನ್ ಚಾರ್ಜ್ ಮಾಡುವಾಗ ಮಾತನಾಡಿದರೆ ಸಿಡಿಯುವ ಭಯಾನಕತೆಯನ್ನು ವೀಡಿಯೊದಲ್ಲಿ ಕಾಣಬಹುದು
 ತೆಲಂಗಾಣದ ಅಂಬರ್‌ಪೇಟ್‌ನ ರಸ್ತೆಯಲ್ಲಿ ಮುಸ್ಲಿಮರು ನಮಾಜ್ ಮಾಡಲು ಅಡ್ಡಿಪಡಿಸಿದ ಬಿಜೆಪಿ ಶಾಸಕ ರಾಜಾ ಸಿಂಗ್ ಅವರನ್ನು ಇತ್ತೀಚೆಗೆ ಬಂಧಿಸಿರುವ ವೀಡಿಯೊ
 ಹಿಂದೂ ಆಚಾರಗಳ ವಿರುದ್ಧ ಅಮೀರ್ ಖಾನ್ ಮಾಡಿದ ಕಾಮೆಂಟ್‌ಗಳಿಗೆ ಉತ್ತರವಾಗಿ ಪಾಯಲ್ ರೋಹಟ್ಗಿ ಮುಸ್ಲಿಂ ಆಚಾರಗಳಿಗೆ ವಿರುದ್ಧವಾಗಿ ಮಾಡಿದ ಪ್ರತಿಕ್ರಿಯೆಗಳು
 ಟಿಟಿಡಿ ಮಂಡಳಿ ಸದಸ್ಯ ಜೆ.ಸೇಕರ್ ರೆಡ್ಡಿ ಅವರ ಮನೆಯಿಂದ ವಶಪಡಿಸಿಕೊಂಡ ಆಭರಣಗಳನ್ನು ತೋರಿಸುವ ವೀಡಿಯೊ
 ಆರ್ಯನ್ ಖಾನ್ ವಿಮಾನ ನಿಲ್ದಾಣದಲ್ಲಿ ಸಾರ್ವಜನಿಕವಾಗಿ ಮೂತ್ರ ವಿಸರ್ಜನೆ ಮಾಡುತ್ತಿರುವ ವಿಡಿಯೋ
 ಸಗಣಿ ತಿಂದ ಕರ್ನಾಲ್‌ನ ವೈದ್ಯರೊಬ್ಬರು ಆಸ್ಪತ್ರೆಗೆ ದಾಖಲಾಗಿ ಮಲಗಿರುವ ಚಿತ್ರ
 ಕರ್ನಾಟಕದಲ್ಲಿ ರಸ್ತೆ ವಿಸ್ತರಣೆಯ ಕಾಮಗಾರಿ ಭಾಗವಾಗಿ ಮಸೀದಿಯನ್ನು ಕೆಡವಲಾಗಿದ್ದು ಅದರ ಶಿವ ದೇವಾಲಯ ಕಂಡು ಬಂದಿದೆ
 ಕಾಂಗ್ರೆಸ್ ವಕ್ತಾರರೊಬ್ಬರು ಪ್ರಧಾನಿ ಮೋದಿಯವರನ್ನು ಹೊಗಳಿದ್ದಾರೆ. ಮೋದಿಯವರೊಂದಿಗೆ ರಾಹುಲ್‌ಸ್ಪರ್ಧಿಸುವುದು ಬಹಳ ಕಷ್ಟ ಎಂದು ಹೇಳಿದ್ದಾರೆ
" ಗರ್ಭಿಣಿ ಮಹಿಳೆಯೊಬ್ಬರು ಕಷ್ಟದಲ್ಲಿದ್ದಾಗ, ಯಾರೂ ಅವರಿಗೆ ಸಹಾಯ ಮಾಡದೇ ಇದ್ದಾಗ, ಭಾರತೀಯ ಸೇನೆಯ ಸೈನಿಕರು ಮಹಿಳೆಗೆ ಸಹಾಯ ಮಾಡುತ್ತಿರುವ ವಿಡಿಯೋ"
 ರಾಹುಲ್ ಗಾಂಧಿ ಮಹಾಭಾರತದ ಪಾತ್ರಗಳ ಬಗ್ಗೆ ತಪ್ಪಾಗಿ ಟ್ವೀಟ್ ಮಾಡಿದ್ದಾರೆ
 ಆಹಾರದ ಮೇಲೆ ಉಗುಳುವುದು ಹಲಾಲ್ ಪ್ರಕ್ರಿಯೆಯನ್ನು ಪೂರ್ಣಗೊಳಿಸುತ್ತದೆ ಎಂದು ಮುಸ್ಲಿಮರು ನ್ಯಾಯಾಲಯಕ್ಕೆ ತಿಳಿಸಿದ್ದಾರೆ
 ಬರ್ತ್‌ಡೇ ಪಾರ್ಟಿಯ ಹೆಸರಿನಲ್ಲಿ ಮುಸ್ಲಿಂ ಸ್ನೇಹಿತರು ಹಿಂದೂ ಹುಡುಗಿಯರನ್ನು ಲೈಂಗಿಕವಾಗಿ ಬಳಸಿಕೊಳ್ಳಲು ಮಾಡುತ್ತಿರುವ ದುಷ್ಕೃತ್ಯದ ವಿಡಿಯೋ
 ಉತ್ತರ ಪ್ರದೇಶದ ಸಿಎಂ ಯೋಗಿ ಆದಿತ್ಯನಾಥ್ ಅವರ ಬೆಂಗಾವಲು ವಾಹನವನ್ನು ಪ್ರತಿಭಟನಾಕಾರರು ನಿಲ್ಲಿಸಿದ ಇತ್ತೀಚಿನ ವೀಡಿಯೊ
" ಹಿಂದೂ ಧರ್ಮದ ವಿರುದ್ಧ ಧರ್ಮನಿಂದನೆ ಮಾಡುವವರ ವಿರುದ್ಧ ಐಪಿಸಿಯ 295 (1), 502 (2) ಸೆಕ್ಷನ್‌ಗಳ ಅಡಿಯಲ್ಲಿ ಪ್ರಕರಣವನ್ನು ದಾಖಲಿಸಬಹುದು"
" ಶೌರ್ಯ ದಿನದಂದು ಮಥುರಾದಲ್ಲಿ ಹಿಂದೂಗಳ ಬೃಹತ್ ರ್‍ಯಾಲಿ, ಪ್ರತಿಭಟನೆಯ ದೃಶ್ಯಗಳು"
 ಭಾರತೀಯ ನೌಕಾಪಡೆಯ ಹಡಗಿನ ಫೋಟೋ
 ಸ್ವಿಸ್ ಬ್ಯಾಂಕ್‌ಗಳಲ್ಲಿ ಕಪ್ಪುಹಣ ಹೊಂದಿರುವವರ 1ನೇ ಪಟ್ಟಿಯನ್ನು ವಿಕಿಲೀಕ್ಸ್ ಪ್ರಕಟಿಸಿದೆ
 ಬಾಲಕಿಯೊಬ್ಬಳು ಗರ್ಭಿಣಿಯನ್ನು ರಕ್ಷಿಸುತ್ತಿರುವುದನ್ನು ತೋರಿಸುವ ವೀಡಿಯೊ ದೃಶ್ಯಾವಳಿ
 CDS ಜನರಲ್ ಬಿಪಿನ್ ರಾವತ್ ಮೃತಪಟ್ಟ ಹೆಲಿಕಾಪ್ಟರ್ ಅಪಘಾತದ ದೃಶ್ಯಗಳು
" ಮಮತಾ ಬ್ಯಾನರ್ಜಿಯವರ ಆಡಳಿತದಲ್ಲಿ ಪಶ್ಚಿಮ ಬಂಗಾಳದ ಪೊಲೀಸ್ ಸಿಬ್ಬಂದಿಗಳು ಮಸೀದಿ ಸ್ವಚ್ಛಗೊಳಿಸುತ್ತಿರುವ ದೃಶ್ಯಗಳುನಿಜಾಂಶ; ಪೋಸ್ಟ್‌ನಲ್ಲಿ ಹಂಚಿಕೊಳ್ಳಲಾದ ಈ ಚಿತ್ರವು ತೆಲಂಗಾಣ ಪೊಲೀಸ್ ಸಿಬ್ಬಂದಿ ಭೈಂಸಾದಲ್ಲಿನ ಪಂಜೆಶಾ ಮಸೀದಿಯನ್ನು ಸ್ವಚ್ಛಗೊಳಿಸುತ್ತಿರುವ ಹಳೆಯ ಫೋಟೋವಾಗಿದೆ. 2016 ರಲ್ಲಿ ಸ್ವಚ್ಛ ಭಾರತ ಅಭಿಯಾನ ಕಾರ್ಯಕ್ರಮದ ಭಾಗವಾಗಿ, ಆದಿಲಾಬಾದ್ ಜಿಲ್ಲೆಯ ಪೊಲೀಸರು ತಮ್ಮ ಜಿಲ್ಲೆಯ ದೇವಸ್ಥಾನಗಳು ಮತ್ತು ಮಸೀದಿಗಳನ್ನು ಸ್ವಚ್ಛಗೊಳಿಸಿದರು. ಈ ಫೋಟೋಗೂ ಪಶ್ಚಿಮ ಬಂಗಾಳಕ್ಕೂ ಯಾವುದೇ ಸಂಬಂಧವಿಲ್ಲ. ಆದ್ದರಿಂದ, ಪೋಸ್ಟ್‌ನಲ್ಲಿ ಮಾಡಿದ ಪ್ರತಿಪಾದನೆ ತಪ್ಪಾಗಿದೆ"
" “ಭಾರತವು ಶ್ರೇಷ್ಠ ಹಿಂದೂ ರಾಷ್ಟ್ರವಾಗಿದೆ, ಆದರೆ ಜಾತ್ಯತೀತತೆಯು ಭಾರತವನ್ನು ಮತ್ತು ಅದರ ಶ್ರೇಷ್ಠತೆಯನ್ನು ನಾಶಪಡಿಸುತ್ತಿದೆ. ಹಿಂದುತ್ವದಿಂದ ಮಾತ್ರ ಭಾರತವನ್ನು ಉಳಿಸಬಹುದು” ಎಂದು ದಲೈ ಲಾಮಾರವರು ಹೇಳಿದ್ದಾರೆ"
 ಅಕ್ಕಿ ಗಿರಣಿಯಲ್ಲಿ ಪ್ಲಾಸ್ಟಿಕ್ ಅಕ್ಕಿಯನ್ನು ತಯಾರಿಸುತ್ತಿರುವ ವಿಡಿಯೊ
 ಸ್ನೇಹಿತರೊಂದಿಗೆ ತನ್ನ ಹುಟ್ಟುಹಬ್ಬವನ್ನು ಆಚರಿಸುತ್ತಿದ್ದ ವೇಳೆ ಸಾವನ್ನಪ್ಪಿದ ವ್ಯಕ್ತಿಯ ವಿಡಿಯೋ
 ಮಂಗಳೂರು ಎಂಬಲ್ಲಿ ಮತ್ಸ್ಯಕನ್ಯೆಯೊಂದು ಬಲೆಯಲ್ಲಿ ಸಿಲುಕಿ ದಡಕ್ಕೆ ಬರುವ ದೃಶ್ಯಗಳು
 ಭಗತ್ ಸಿಂಗ್ ಪರವಾಗಿ ಮುಸ್ಲಿಂ ಅಸಫ್ ಅಲಿ ವಾದಿಸಿದರು. ಆರ್​ಎಸ್​ಎಸ್​ ಸದಸ್ಯ ರಾಯ್ ಬಹದ್ದೂರ್ ಸೂರ್ಯವಂಶಂ ಶರ್ಮಾ ಬ್ರಿಟಿಷ್ ಸಾಮ್ರಾಜ್ಯವನ್ನು ಪ್ರತಿನಿಧಿಸಿದರು ಮತ್ತು ಭಗತ್ ಸಿಂಗ್​ಗೆ ಮರಣದಂಡನೆ ವಿಧಿಸಿದರು
 ಶ್ರೀ ಕಾಶಿ ವಿಶ್ವನಾಥ ದೇವಸ್ಥಾನದ ಪುನರ್ ನಿರ್ಮಾಣದ ನಂತರ ತೆಗೆದ ವಿಡಿಯೋ
 ಪ್ರಧಾನಿ ಮೋದಿಯವರ ಪಕ್ಕದಲ್ಲಿ ಮಧ್ಯಪ್ರದೇಶ ಸಿಎಂ ಶಿವರಾಜ್‌ಸಿಂಗ್ ಚೌಹಾಣ್‌ ನಡೆಯುವುದನ್ನು ರಕ್ಷಣಾ ಸಿಬ್ಬಂದಿ ತಡೆದಿರುವ ವಿಡಿಯೋ
 ಎಲೆಕ್ಟ್ರಿಕ್‌ ದ್ವಿಚಕ್ರ ವಾಹನದ ಸ್ಫೋಟದ ದೃಶ್ಯಗಳನ್ನು ತೋರಿಸುವ ವೀಡಿಯೊ
" ಸೊಮಾಲಿಯಾ ಬಾಳೆಹಣ್ಣುಗಳಲ್ಲಿ ಹೆಲಿಕೋಬ್ಯಾಕ್ಟರ್ ಎಂಬ ಹುಳುಗಳಿದ್ದು, ಅದನ್ನು ಸೇವಿಸಿದ 12 ಗಂಟೆಗಳಲ್ಲಿ ಮನುಷ್ಯ ಮೆದುಳು ನಿಷ್ಕ್ರಿಯತೆಯಿಂದ ಸಾಯುತ್ತಾನೆ ಎಂಬ ಹೇಳಿಕೆಯುಳ್ಳ ವಿಡಿಯೋ"
" ಮಕ್ಕಳ ಕಳ್ಳಸಾಗಣೆ ಆರೋಪದ ಮೇಲೆ ಇತ್ತೀಚೆಗೆ ಬಂಧಿಸಲ್ಪಟ್ಟ ಪ್ರಭಾ ಮಿಂಜ್, ದೆಹಲಿ ಮುಖ್ಯಮಂತ್ರಿ ಅರವಿಂದ್ ಕೇಜ್ರಿವಾಲ್ ಅವರೊಂದಿಗೆ ಇರುವ ಹಳೆಯ ಫೋಟೋ"
 ಪಾಕಿಸ್ತಾನ ಮತ್ತು ಆಸ್ಟ್ರೇಲಿಯಾ T20 ವಿಶ್ವಕಪ್ ಸೆಮಿಫೈನಲ್ ಪಂದ್ಯದ ನಂತರ ಆಸ್ಟ್ರೇಲಿಯನ್ ಕ್ರಿಕೆಟಿಗರೊಬ್ಬರು ಘೋಷಣೆಗಳನ್ನು ಕೂಗುತ್ತಿರುವ ವಿಡಿಯೋ
 ಆಸ್ಟ್ರೇಲಿಯಾ ವಿರುದ್ಧದ T20 ವಿಶ್ವಕಪ್ ಸೆಮಿಫೈನಲ್ ಪಂದ್ಯದಲ್ಲಿ ಪಾಕಿಸ್ತಾನದ ಸೋಲನ್ನು ಬಲೂಚಿಸ್ತಾನದ ಜನರು ಸಂಭ್ರಮಿಸಿದ್ದಾರೆ
 ತ್ರಿಪುರಾ ಕೋಮು ಹಿಂಸಾಚಾರದ ವಿರುದ್ಧ ಕೇರಳದ ಮುಸ್ಲಿಮರು ಪ್ರತಿಭಟನೆ ನಡೆಸುತ್ತಿರುವ ವಿಡಿಯೋ
 ತ್ರಿಪುರಾದಲ್ಲಿ ನಡೆದ ಕೋಮುಗಲಭೆಯನ್ನು ವರದಿ ಮಾಡಿರುವ ‘ಬಿಬಿಸಿ’ ಸುದ್ದಿವಾಹಿನಿಯ ವೀಡಿಯೋ
 ತ್ರಿಪುರಾದಲ್ಲಿ ಮುಸ್ಲಿಮರ ವಿರುದ್ಧದ ಹಿಂಸಾಚಾರವನ್ನು ಎದುರಿಸಲು ಜಿಹಾದ್​ಗೆ ಕರೆ ನೀಡುವ ಮಸೀದಿಯ ವೀಡಿಯೊ
 ರಸ್ತೆಗಳಲ್ಲಿ ನಮಾಜ್ ಮಾಡಿದ್ದಕ್ಕಾಗಿ ಉತ್ತರ ಪ್ರದೇಶ ಪೊಲೀಸರು ಮುಸ್ಲಿಮರನ್ನು ಥಳಿಸುತ್ತಿರುವ ವಿಡಿಯೊಗಳು
 ಪ್ರಧಾನಿ ಮೋದಿ ಅವರು ಪೋಪ್‌ ಫ್ರಾನ್ಸಿಸ್‌ ಅವರನ್ನು ಭೇಟಿ ಮಾಡಲು ಟ್ಯಾಕ್ಸಿಯಲ್ಲಿ ಪ್ರಯಾಣಿಸಿದ ಚಿತ್ರಗಳು
 ತ್ರಿಪುರಾದಲ್ಲಿ ಮುಸ್ಲಿಂ ಮನೆಗಳನ್ನು ಸುಡಲು ಗಲಭೆಕೋರರೊಂದಿಗೆ ‘ಜೈ ಶ್ರೀ ರಾಮ್’ ಘೋಷಣೆಗಳನ್ನು ಕೂಗುತ್ತಿರುವ ಪೋಲೀಸರ ವೀಡಿಯೊ
 ರಾಜ್ಯದಲ್ಲಿ ಇತ್ತೀಚೆಗೆ ನಡೆದ ಕೋಮುಗಲಭೆಯ ಘಟನೆಗಳ ವಿರುದ್ಧ ತ್ರಿಪುರಾ ಮುಸ್ಲಿಮರು ಪ್ರತಿಭಟನೆ ನಡೆಸುತ್ತಿರುವ ವಿಡಿಯೋ
 ಪುನೀತ್ ರಾಜ್​ಕುಮಾರ್ ಅವರ ಸಾವಿಗೆ ಸಂಬಂಧಿಸಿದಂತೆ ಡಾ. ದೇವಿ ಶೆಟ್ಟಿ ಅವರ ಸಂದೇಶ
  ಬಾಸ್ಟನ್ ವಿಮಾನ ನಿಲ್ದಾಣದಲ್ಲಿ ರಾಹುಲ್ ಗಾಂಧಿಯ ಬಂಧನವನ್ನು ವರದಿ ಮಾಡಿರುವ ಹಳೆಯ ಪತ್ರಿಕೆ ಕ್ಲಿಪ್‌ನ ಸ್ಕ್ರೀನ್‌ಶಾಟ್
 ಗೋಮೂತ್ರ ಉಪಯೋಗದಿಂದ ಕ್ಯಾನ್ಸರ್ ಸಂಪೂರ್ಣವಾಗಿ ಕಡಿಮೆಯಾಗಿದೆ ಎಂದು ಕಾಂಗ್ರೆಸ್ ಸಂಸದರೊಬ್ಬರು ರಾಜ್ಯಸಭೆಯಲ್ಲಿ ಮಾತನಾಡುತ್ತಿರುವ ದೃಶ್ಯಗಳು
 ಪಶ್ಚಿಮ ಬಂಗಾಳದ ದುರ್ಗಾ ದೇವಿ ಮಂಡಲಗಳ ಮೇಲೆ ಮುಸ್ಲಿಮರು ದಾಳಿ ಮಾಡಿದ ವಿಡಿಯೋ
 ಉತ್ತರ ಪ್ರದೇಶದ ದುರ್ಗಾ ಪೆಂಡಲ್ ಮೇಲೆ ಮುಸ್ಲಿಂ ಗುಂಪು ದಾಳಿಗೆ ಪ್ರತೀಕಾರ ತೀರಿಸಿಕೊಳ್ಳುವ ಹಿಂದೂಗಳ ವೀಡಿಯೋ
 ‘ಪಿ. ಚಿದಂಬರಂ ಅವರು ತಮ್ಮ ಪತ್ನಿಯ ಒಡೆತನದ ಮನೆಯಲ್ಲಿ ವಾಸಿಸುತ್ತಿದ್ದರು. ಆದರೂ 10 ವರ್ಷಗಳ ಕಾಲ ಸರ್ಕಾರದಿಂದ ಮಾಸಿಕ 20 ಲಕ್ಷ ಬಾಡಿಗೆ ಭತ್ಯೆ ಪಡೆದಿದ್ದಾರೆ
 ಕಾಂಗ್ರೆಸ್ ನಾಯಕಿ ಪ್ರಿಯಾಂಕಾ ಗಾಂಧಿ ಬನಾರಸ್‌ನಲ್ಲಿ ನಡೆದ ಸಾರ್ವಜನಿಕ ಕಾರ್ಯಕ್ರಮದಲ್ಲಿ ಕೇವಲ ಆಜಾನ್ ಪಠಿಸಿದರು
 ಇತ್ತೀಚೆಗೆ ಬಾಂಗ್ಲಾದೇಶದಲ್ಲಿ ನಡೆದ ಹಿಂದೂಗಳ ಮೇಲಿನ ದಾಳಿಯಲ್ಲಿ ಮೃತಪಟ್ಟ ಬಾಂಗ್ಲಾದೇಶದ ಇಸ್ಕಾನ್ ಸನ್ಯಾಸಿಯ ಚಿತ್ರ
 ಕಾಂಗ್ರೆಸ್ ಪಕ್ಷವು ಲಖಿಂಪುರದಲ್ಲಿ ರೈತರ ಮೇಲೆ ಕಾರು ಹರಿಸಲು ಹಣ ನೀಡಿದೆ
" ಟಿಪ್ಪು ಸುಲ್ತಾನ್ ಜಿಹಾದಿ, ಅವರು ಹತ್ಯಾಕಾಂಡ, ಅತ್ಯಾಚಾರ ಮತ್ತು ಹಿಂದೂಗಳನ್ನು ಇಸ್ಲಾಂ ಧರ್ಮಕ್ಕೆ ಮತಾಂತರಿಸಿದ್ದರು ಎಂದು ಕರ್ನಾಟಕ ಹೈಕೋರ್ಟ್ ಹೇಳಿದೆ"
 ಪಂಜಾಬ್ ಸಿಎಂ ಚರಣಜಿತ್ ಸಿಂಗ್ ಚನ್ನಿ ಕ್ರೈಸ್ತರ ದೀಕ್ಷಾಸ್ನಾನ ಪಡೆಯುವ ವಿಡಿಯೋ
" ಇದು ಊದು ಪಾವೈ ವಿಡಿಯೋ, ಇದು ಔಷಧೀಯ ಸಸಿಯಾಗಿದ್ದು, ಶಬ್ದದೊಂದಿಗೆ ಪರಾಗವನ್ನು ಹೊರ ಹಾಕುತ್ತದೆ"
 ಪ್ರಧಾನಿ ನರೇಂದ್ರ ಮೋದಿ ಇತ್ತೀಚಿಗೆ ನಿರ್ವಹಿಸಿದ ಟೆಲಿ ಕಾನ್ಪರೆನ್ಸ್‌ನಲ್ಲಿ ಮಹಿಳೆಯೊಬ್ಬರು ತನಗೆ ಪ್ರಧಾನಮಂತ್ರಿ ಯೋಜನೆಗಳೇನು ದೊರಕುತ್ತಿಲ್ಲ ಎಂದು ಉತ್ತರಿಸಿರುವ ದೃಶ್ಯಗಳು
" ನ್ಯೂಯಾರ್ಕ್ ಟೈಮ್ಸ್ ಪ್ರಧಾನಿ ಮೋದಿಯನ್ನು ‘ಭೂಮಿಯ ಕೊನೆಯ, ಅತ್ಯುತ್ತಮ ಭರವಸೆ’ ಎಂದು ಕರೆದಿದೆ"
 ರಾಜಸ್ಥಾನದ ಜೈಪುರದಲ್ಲಿ ಪೊಲೀಸರ ಮೇಲೆ ಗುಂಪೊಂದು ಕಲ್ಲು ತೂರುತ್ತಿರುವ ಇತ್ತೀಚಿನ ವಿಡಿಯೋ
 ನೀರಿನಿಂದ ತುಂಬಿದ ರಸ್ತೆಯಲ್ಲಿ ಉರುಳಿದ ವಾಹನದಿಂದ ತಮ್ಮನ್ನು ರಕ್ಷಿಸಿಕೊಳ್ಳುತ್ತಿರುವ ಯುಪಿ ಪೋಲಿಸರ ವಿಡಿಯೊ
 ಉತ್ತರ ಪ್ರದೇಶದಲ್ಲಿ ಪ್ರತಿಭಟಿಸುತ್ತಿರುವ ರೈತರು ಭಾರತದ ಭಾವುಟವನ್ನು ಹರಿಯುತ್ತಿರುವುದು
" “ಅಫ್ಘಾನಿಸ್ತಾನದ ಬೆಳವಣಿಗೆಗಳಿಂದ ಹತಾಶೆ ಮತ್ತು ಇಸ್ಲಾಮಿನ ಬಗ್ಗೆ ಅಸಹ್ಯ, ಕಳೆದ 2 ತಿಂಗಳಲ್ಲಿ ಸುಮಾರು 5000 ಮುಸ್ಲಿಂ ಹುಡುಗಿಯರು ಹಿಂದೂ ಹುಡುಗರನ್ನು ಮದುವೆಯಾಗಿದ್ದಾರೆ” – ಅಖಿಲ ಭಾರತ ಮುಸ್ಲಿಂ ವೈಯಕ್ತಿಕ ಕಾನೂನು ಮಂಡಳಿ ಅಧ್ಯಕ್ಷ"
 ಕಾಂಗ್ರೆಸ್ ಪಕ್ಷದ ರಾಜಕೀಯದಲ್ಲಿ’ಪ್ರತಿಯೊಬ್ಬ ಪುರುಷನಿಗೂ ಮಹಿಳೆಯರಿರುವುದು ಅಗತ್ಯ ಮತ್ತು ಸಹಜ’ ಎಂದು ರಾಹುಲ್ ಗಾಂಧಿಯವರು ಭಾಷಣದಲ್ಲಿ ಹೇಳಿದ್ದಾರೆ
 ಜಮ್ಮು ಮತ್ತು ಕಾಶ್ಮೀರದಲ್ಲಿ 370ನೇ ವಿಧಿಯನ್ನು ರದ್ದುಗೊಳಿಸಿದ ನಂತರ ಕಾಶ್ಮೀರಿ ಪಂಡಿತರೊಬ್ಬರು ಗೋಹತ್ಯೆಯನ್ನು ಧೈರ್ಯದಿಂದ ತಡೆಯುವ ವಿಡಿಯೋ
 ‘ ಕಿಸಾನ್ ಮಹಾಪಂಚಾಯತ್ ಕಾರ್ಯಕ್ರಮದಲ್ಲಿ  ರೈತರು ಎಲ್ಲೆಂದರಲ್ಲಿ ಮದ್ಯವನ್ನು ಸೇವಿಸುತ್ತಿರುವ ದೃಶ್ಯಗಳು
 ಆರ್.ಎಸ್.ಎಸ್ ಮತ್ತು ಬಿಜೆಪಿ ಅತ್ಯಂತ ಶಕ್ತಿಯುತವಾದವುಗಳು ಎಂಬ ತಾಲಿಬಾನ್‌ರ ಆಂತರಿಕ ಸಂಭಾಷಣೆಯ ವಿಡಿಯೋ
 ಹಗಲು ಹೊತ್ತಿನಲ್ಲಿ ಬ್ಯಾಂಕ್ ದರೋಡೆ ಮಾಡಲು ಬಂದ ದರೋಡೆಕೋರರನ್ನು ಪೊಲೀಸರು ಹಿಡಿಯುತ್ತಿರುವ ವಿಡಿಯೋ
 ‘ಪಾಕಿಸ್ತಾನ್​ಮುರ್ದಾಬಾದ್​’ ಸ್ಟಿಕ್ಕರ್​ಗಳನ್ನು ತನ್ನ ಕಸದಬುಟ್ಟಿಗಳ ಮೇಲೆ ಅಂಟಿಸುವ ಮೂಲಕ ದೇಶಪ್ರೇಮ ಮೆರೆದ ದಿ ನೀಲ್​ಕಮಲ್​ಫರ್ನಿಚರ್​ಕಂಪನಿ
 ಬರೇಲಿ ನಗರದಲ್ಲಿ ಒಬ್ಬ ಪೋಲೀಸ್ ದಂಡದ ಚಲನ್ ಬರೆದದ್ದಕ್ಕಾಗಿ ಮುಸ್ಲಿಮರು ಆತನನ್ನು ಹೊಡೆಯುತ್ತಿರುವ ದೃಶ್ಯಗಳು
" ರೈತ ಚಳುವಳಿಯ ನಾಯಕ ರಾಕೇಶ್ ಟಿಕಾಯತ್, ಮುಸ್ಲಿಮರ ಸಹಾನುಭೂತಿಗಾಗಿ ‘ಅಲ್ಲಾ ಹು ಅಕ್ಬರ್’ ಎಂದು ಘೋಷಣೆ ಕೂಗಿದರೆ, ಹಿಂದೂ ರೈತರು ಕೋಪದಿಂದ ‘ಹರಹರ ಮಹಾದೇವ್’ ಎಂದು ಘೋಷಣೆ ಕೂಗಿದ್ದಾರೆ"
 ‘ಆಜ್ ತಕ್’ ಸುದ್ದಿ ಸಂಸ್ಥೆ ಮುಂದಿನ ಪ್ರಧಾನಿ ಯಾರು ಎಂಬ ವಿಷಯದಲ್ಲಿ ಸಮೀಕ್ಷೆ ನಡೆಸಿದೆ. ಅದರಲ್ಲಿ ಕಾಂಗ್ರೆಸ್‌ ನಾಯಕ ರಾಹುಲ್ ಗಾಂಧಿ 52% ಮತ್ತು ಪ್ರಧಾನಿ ನರೇಂದ್ರ ಮೋದಿ ಅವರು 46% ರಷ್ಟು ಮತಗಳನ್ನು ಪಡೆದ್ದಾರೆ ಎಂದು ಫೋಟೋವನ್ನು ಹಂಚಿಕೊಳ್ಳಲಾಗುತ್ತಿದೆ
 ಬ್ಲ್ಯಾಕ್ ಹಾಕ್ ಹೆಲಿಕಾಪ್ಟರ್‌ಗೆ ತಾಲಿಬಾನ್‌ಗಳು ಒಬ್ಬ ವ್ಯಕ್ತಿಯನ್ನು ನೇಣು ಹಾಕಿದ ವಿಡಿಯೋ
 ಮಧ್ಯಪ್ರದೇಶದ ಉಜ್ಜಯಿನಿಯಲ್ಲಿ ಪಾಕಿಸ್ತಾನ ಜಿಂದಾಬಾದ್ ಘೋಷಣೆಗಳನ್ನು ಕೂಗುತ್ತಿರುವ ದೇಶದ್ರೋಹಿಗಳ ಮನೆಗಳನ್ನು ಶಿವರಾಜ್ ಸಿಂಗ್ ಚೌಹಾಣ್ ಸರ್ಕಾರ ನೆಲಸಮ ಮಾಡಿದ ದೃಶ್ಯಗಳು
 ಬೆಂಗಳೂರಿನ ವಿಮಾನ ನಿಲ್ದಾಣದ ಬಳಿ ಹಕ್ಕಿಗಳು ಗುಂಪು ಗುಂಪಾಗಿ ಹಾರಾಡುತ್ತಿರುವ ವಿಡಿಯೊ
 ಮೊಹರಂ ದಿನದಂದು ಹಿಂದೂಗಳು ಉಜ್ಜಯಿನಿಯಲ್ಲಿ ರ್ಯಾಲಿ ಮಾಡಿ ಪಾಕಿಸ್ತಾನದ ವಿರುದ್ಧ ಘೋಷಣೆಗಳನ್ನು ಕೂಗುತ್ತಿದ್ದಾರೆ
 ಅಪ್ಘಾನಿಸ್ತಾನದಲ್ಲಿ ತಾಲಿಬಾನ್‌ಗಳು ಅಲ್ಲಿನ ನಾಗರೀಕರನ್ನು ಕೊಲ್ಲುತ್ತಿರುವ ವಿಡಿಯೋ
 ತಾಲಿಬಾನ್ ಬಂಡುಕೋರ ಐಸ್‌ಕ್ರಿಸ್‌ ತಿನ್ನುತ್ತಿರುವುದು
 ತಾಲಿಬಾನ್ ಬಂಡುಕೋರರು ಅಫ್ಘಾನಿಸ್ತಾನದಲ್ಲಿ ಹಿಂದೂ ದೇವಾಲಯವನ್ನು ಧ್ವಂಸ ಮಾಡುವ ವಿಡಿಯೋ
" 1,00,008 ವಜ್ರಗಳಿಂದ ಅಲಂಕರಿಸಲ್ಪಟ್ಟ ಏಕಾಂಬರನಾಥ ದೇವಾಲಯದಲ್ಲಿರುವ ಶಿವಲಿಂಗದ ದೃಶ್ಯಗಳು"
 ಬ್ಯಾಟರಿ ಅಥವಾ ಪೆಟ್ರೋಲ್ ಬಳಸದೆ 90kmph ವೇಗದಲ್ಲಿ ಚಲಿಸಬಲ್ಲ ಪೆಡಲ್ ಬೈಕ್‌ನ ವಿಡಿಯೋ
 ಶ್ರೀನಗರ ಪೊಲೀಸರು ಭಯೋತ್ಪಾದಕರನ್ನು ಬಂಧಿಸುತ್ತಿರುವ ವಿಡಿಯೋ
 ಆಪ್ಘಾನಿಸ್ತಾನದಲ್ಲಿ ಯುವತಿಯರನ್ನು ಸಾರ್ವಜನಿಕವಾಗಿ ಹರಾಜು ಹಾಕಿ ಮಾರುತ್ತಿರುವ ದೃಶ್ಯಗಳು
 ತಾಲಿಬಾನ್‌ಗಳು ಮಾಸ್ಕ್‌ಗಳನ್ನು ಧರಿಸಿ ಜವಾಬ್ದಾರಿಯುತವಾಗಿ ಯುದ್ಧ ಮಾಡುತ್ತಿದ್ದಾರೆಂದು ‘CNN’ ಸುದ್ದಿ ಸಂಸ್ಥೆಯು ಹೊಗಳುತ್ತಾ ಲೇಖನ ಪ್ರಕಟಿಸಿದೆ
" ಅಫ್ಘಾನ್ ವಾಯುಪಡೆಯ ಪೈಲಟ್, ಸಫಿಯಾ ಫಿರೋಜಿಯನ್ನು ತಾಲಿಬಾನ್ ಕೊಲೆ ಮಾಡುತ್ತಿರುವ ಫೋಟೋ"
" ಕೈಲಾಸ ಪರ್ವತದ ವಿಹಂಗಮ ದೃಶ್ಯಗಳನ್ನು ತೋರಿಸುತ್ತಿರುವ ವಿಡಿಯೋಸತ್ಯಾಂಶ; ಈ ವಿಡಿಯೋದಲ್ಲಿ ಕಾಣಿಸುತ್ತಿರುವುದು ಆಫ್ರಿಕಾ ದೇಶದಲ್ಲಿರುವ ಕಿಲಿಮಂಜಾರೋ ಪರ್ವತವೇ ಹೊರತು ಚೈನಾ ಆಕ್ರಮಿತ ಟಿಬೆಟ್ ಪ್ರಾಂತ್ಯದಲ್ಲಿರುವ ಕೈಲಾಸ ಪರ್ವತವಲ್ಲ. ರಿಜ್ವಾನ್ ರೆಮ್ತುಲ್ಲಾ ಎನ್ನುವ ಒಬ್ಬ ಪೈಲಟ್, ಕಿಲಿಮಂಜಾರೋ ಪರ್ವತವನ್ನು 360 ಡಿಗ್ರಿ ಸುತ್ತಾತ್ತ ಈ ಗಗನ ದೃಶ್ಯಗಳನ್ನು ರಿಕಾರ್ಡ್‌ ಮಾಡಿದ್ದಾನೆ. ಆದ್ದರಿಂದ, ಪೋಸ್ಟ್‌ನಲ್ಲಿ ಮಾಡಿರುವ ಪ್ರತಿಪಾದನೆ ತಪ್ಪಾಗಿದೆ"
 ಹಿಮಾಚಲ ಪ್ರದೇಶದಲ್ಲಿ ಪ್ರವಾಸಿಗರು ಟ್ರಾಫಿಕ್‌ನಲ್ಲಿ ಸಿಲುಕಿಕೊಂಡಿರುವ ವಿಡಿಯೋ
 ಟೋಕಿಯೊ ಒಲಿಂಪಿಕ್ಸ್‌ನಲ್ಲಿ ಪುರುಷರ ಎತ್ತರ ಜಿಗಿತದ ಅಂತಿಮ ಸ್ಪರ್ಧೆಯಲ್ಲಿ ಇಟಲಿಯ ತಂಬೇರಿ ಕಾಲಿನ ಗಂಭೀರ ಗಾಯದಿಂದಾಗಿ ಕೊನೆಯ ಪ್ರಯತ್ನದಿಂದ ಹಿಂದೆ ಸರಿದ ನಂತರ ಚಿನ್ನದ ಪದಕವನ್ನು ತಂಬೇರಿಯೊಂದಿಗೆ ಹಂಚಿಕೊಳ್ಳಲು ಕತಾರ್‌ನ ಬಾರ್ಶಿಮ್ ನಿರ್ಧರಿಸಿದ್ದಾರೆ
 ಹಿಂದೂ ದೇವಸ್ಥಾನದ ಸ್ಥಳವನ್ನು ಅತಿಕ್ರಮಿಸಿ ಮಸೀದಿ ಕಟ್ಟುವುದನ್ನು ತಡೆಯಲು ಯತ್ನಿಸಿದ ಪೊಲೀಸರೊಂದಿಗೆ ಮುಸ್ಲಿಂ ನಾಯಕರು ಆಕ್ರಮಣಕಾರಿಯಾಗಿ ಮಾತನಾಡುವ ವೀಡಿಯೋ
 ಡಚ್ ವಿದ್ಯಾರ್ಥಿಗಳಿಗೆ ಭಗವದ್ಗೀತೆ ತರಗತಿಗಳನ್ನು ಕಡ್ಡಾಯಗೊಳಿಸಲಾಗಿದೆ
 ಜೈಲಿನಲ್ಲಿರುವ ಬರ್ಮಾ ಮಾಜಿ ಪ್ರಧಾನಿ ಆಂಗ್ ಸಾನ್ ಸೂ ಕಿ ಅವರ ಫೋಟೋ
 ಅಯೋಧ್ಯೆಯಲ್ಲಿ ನಿರ್ಮಿಸಲಾಗಿರುವ ಹೊಸ ರೈಲು ನಿಲ್ದಾಣದ ದೃಶ್ಯಗಳು
 ಅಯೋಧ್ಯ ರಾಮಮಂದಿರದಲ್ಲಿ ಕೆತ್ತಲಾಗುತ್ತಿರುವ ಅದ್ಭುತ ಶಿಲ್ಪಗಳ ದೃಶ್ಯಗಳು
 ತನ್ನ ವಿರುದ್ದ ಸ್ಪರ್ಧೆಗೆ ಬರುವಂತೆ ಪ್ರೇಕ್ಷಕರೊಂದಿಗೆ ಸವಾಲೆಸೆದ ಪಾಕಿಸ್ತಾನದ ಕುಸ್ತಿಪಟುವನ್ನು ಆರೆಸ್ಸೆಸ್ಸಿನ ದುರ್ಗಾ ವಾಹಿನಿಯ ಸಂಧ್ಯಾ ಪಡಕೆ (ಕೇಸರಿ ಬಟ್ಟೆ ಧರಿಸಿರುವ) ಹೊಡೆದರು
 ಕೆನಡಾದ ಟೊರಂಟೋ ನಗರದಲ್ಲಿ ಬೀಸಿದ ಭಯಂಕರವಾದ ಸುಂಟರಗಾಳಿಯ ವಿಡಿಯೋವನ್ನು ಚೈನಾದ ನ್ಯಾಷನಲ್  ಜಿಯೋಗ್ರಾಫಿಕ್ ಮ್ಯಾಗಜೈನ್‌ನಿಂದ ಒಂದು ಮಿಲಿಯನ್ ಡಾಲರ್‍ ಕೊಟ್ಟು ಖರಿದೀಸಿದೆ
"  ಕ್ಯೂಬಾ ಪ್ರಜೆಗಳು ಚೆಗುವೆರಾ ಚಿತ್ರಪಟವನ್ನು ಕಸದ ರಾಶಿಯಲ್ಲಿ ಎಸೆದ ಪೋಟೋ.ಸತ್ಯಾಂಶ; ಪೋಸ್ಟ್‌ನಲ್ಲಿ ಷೇರ್‍ ಮಾಡಿದ ಪೋಟೋವನ್ನು 2020 ರಲ್ಲಿ ಸ್ಪೈನ್ ದೇಶದ ರಾಜಧಾನಿ ಮಾಡ್ರೀಡ್ ನಗರದಲ್ಲಿ ಸೆರೆಹಿಡಿಯಲಾಗಿದೆ. ಈ ಪೋಟೋವನ್ನು ಅಲೆಜಾಂಡ್ರೊ ಒಲಿಯಾ ಎನ್ನುವ ಪೋಟೋಗ್ರಾಫರ್‍ ಸೆರೆಹಿಡಿದಿದ್ದಾರೆ. ಈ ಪೋಟೋ  ಕ್ಯೂಬಾ ದೇಶಕ್ಕೆ ಸಂಬಂಧಿಸಿರುವುದಲ್ಲ. ಆದ್ದರಿಂದ , ಪೋಸ್ಟ್‌ನಲ್ಲಿ ಮಾಡುತ್ತಿರುವ ಪ್ರತಿಪಾದನೆ ತಪ್ಪಾಗಿದೆ"
 ಮುಂಬೈನ ಆಸ್ಪತ್ರೆಯ ಹಾಸಿಗೆಗೆ ಸ್ಟಾನ್ ಸ್ವಾಮಿ ಅವರನ್ನು ಬೇಡಿಗಳಿಂದ ಬಂಧಿಸಿರುವ ಫೋಟೋ
 ಹಿಂದೂಗಳ ಆಸ್ತಿಯನ್ನು ಮುಸ್ಲಿಮರಿಗೆ ಹಂಚಿಕೊಡಲು ರೋಶ್ನಿ ಕಾಯ್ದೆಯನ್ನು ಕಾನೂನಾಗಿ ರೂಪಿಸಲಾಯಿತು
 24ರ ಡಿಸೆಂಬರ್ 1809 ರಂದು ವಿಶ್ವದ ಮೊದಲ ರೈಲು ಸಂಚಾರ ಆರಂಭಿಸಿತು
  ಪಿಒಕೆ ಇಂಡಿಯಾದ ಭಾಗವಾಗಿದೆ ಮತ್ತು ನಾವು ಅದನ್ನು ಶೀಘ್ರದಲ್ಲೇ ವಶಪಡಿಸಿಕೊಳ್ಳುತ್ತೇವೆ ಎಂದು ಅಜಿತ್ ದೋವಲ್ ಅವರು ಟ್ವೀಟ್ ಮಾಡಿದ್ದಾರೆ
 ಅಮೆರಿಕ ಸರ್ಕಾರವು ತಮ್ಮ ದೇಶದ ಅಮೆರಿಕನ್‌ ಡಾಲರ್‌‌ನ 100 ರ ನೋಟಿನಲ್ಲಿ ಅಂಬೇಡ್ಕರ್ ಅವರ ಚಿತ್ರವನ್ನು ಮುದ್ರಿಸಿದೆ
 ವಿಶ್ವದ 50 ಅತ್ಯಂತ ಪ್ರಾಮಾಣಿಕ ವ್ಯಕ್ತಿಗಳ ಬಗೆಗಿನ ಅಮೆರಿಕದ ಸಮೀಕ್ಷೆಯಲ್ಲಿ ಮನಮೋಹನ್ ಸಿಂಗ್ ಅಗ್ರಸ್ಥಾನದಲ್ಲಿದ್ದಾರೆ
 ಮೋದಿಯವರ ಒಂದೇ ದಿನದ ಕೊರೊನಾ ಲಸಿಕೆ ಅಭಿಯಾನವನ್ನು ಮಾಜಿ ಪ್ರಧಾನಿ ಮನಮೋಹನ್‌ ಸಿಂಗ್‌ ಅವರ ಅಧಿಕಾರಾವಧಿಯ ಪಲ್ಸ್‌ ಪೋಲಿಯೋ ಅಭಿಯಾನಕ್ಕೆ ಹೋಲಿಕೆ
 ಕಾಶಿ ವಿಶ್ವನಾಥ್ ಮಂದಿರದಿಂದ ಗಂಗಾನದಿಯವರೆಗೂ ನಿರ್ಮಿಸಿದ ದಾರಿಗಾಗಿ 80  ಮುಸ್ಲಿಂ ಮನೆಗಳನ್ನು ಒಡೆದು ಹಾಕಿದಾಗ 45 ದೇವಸ್ಥಾನಗಳು ಕಂಡಿವೆ
 ಭಾರತದಿಂದ ಪರಾರಿಯಾಗಲು ನೀರವ್‌ ಮೋದಿ ಬಿಜೆಪಿ ನಾಯಕರಿಗೆ  1300 ಕೋಟಿ ಲಂಚ ನೀಡಿದ್ದಾಗಿ ಲಂಡನ್ ನ್ಯಾಯಾಲಯದಲ್ಲಿ ಹೇಳಿಕೆ ನೀಡಿದ್ದಾರೆ
 ಜಮ್ಮು ಮತ್ತು ಕಾಶ್ಮೀರದಲ್ಲಿ ರೋಹಿಂಗ್ಯಾಗಳ ಅಕ್ರಮ ಗುಡಿಸಲುಗಳನ್ನು ಅಧಿಕಾರಿಗಳು ನೆಲಸಮಗೊಳಿಸುವ ದೃಶ್ಯ.
 ಹೃಷಿಕೇಶದ ಅರಳಿ ಮರದ ಮೇಲೆ ಮಾವಿನ ಕಾಯಿ ಬಿಟ್ಟಿರುವ ವಿಡಿಯೋ
 ‘ಇತಿಹಾಸದಲ್ಲಿ ಮೊದಲ ಬಾರಿಗೆ ತಿರುಮಲಕ್ಕೆ ಹೋಗಲು ಸಾಧ್ಯವಾಗದವರಿಗೆ ಮತ್ತು ಕೊರೊನಾದಿಂದ ಶ್ರೀನಿವಾಸ ಸ್ವಾಮಿ ದೇವರ ದರ್ಶನ ಪಡೆಯದವರಿಗೆ ದೇವಾಲಯವು ಸ್ವಾಮಿಯ ಮೂಲವಿರಾಟ್ ದರ್ಶನದ ವಿಡಿಯೋ ಬಿಡುಗಡೆ ಮಾಡಿದೆ
 ಕರೀಂನಗರದಲ್ಲಿ ಹಾವು ವಿಚಿತ್ರ ಶಬ್ದ ಮಾಡುವ ವಿಡಿಯೋ
 ಯೋಗಿ ಆದಿತ್ಯನಾಥ್ ಸರ್ಕಾರ ಲಕ್ನೋದಲ್ಲಿ ನಿರ್ಮಿಸಿದ ಗೋಮತಿ ರಿವರ್‌ಫ್ರಂಟ್‌ನ ಪೋಟೋ
 ‘ಕೋವಿಶೀಲ್ಡ್ ವ್ಯಾಕ್ಸಿನ್ ಹಾಕಿಸಿಕೊಂಡಿರುವ ವರ ಬೇಕಾಗಿದ್ದಾನೆ’ – ಪತ್ರಿಕೆಯ ಪ್ರಕಟಣೆ
 ರಾಹುಲ್ ಗಾಂಧಿಯವರ ಲೋಕಸಭಾ ಕ್ಷೇತ್ರ ವಯನಾಡ್ನ ರಸ್ತೆಯ ಪರಿಸ್ಥಿತಿ
 ‘ಯಾಸ್’ ಚಂಡಮಾರುತದ ಬಿರುಗಾಳಿಯ ದೃಶ್ಯಗಳು ಮತ್ತು ದೊಡ್ಡ ಮರಗಳು ಕೂಡ ಹತ್ತಿಯಂತೆ ಹಾರುತ್ತವೆ
 ಕೇಂದ್ರ ಸರ್ಕಾರ ಕಳುಹಿಸಿದ ಸಾವಿರಗಟ್ಟಲೆ ರೆಮ್‌ಡಿಸಿವಿರ್ ಔಷಧಿಗಳನ್ನು  ರಾಜ್ಯ ಸರ್ಕಾರಗಳು ನದಿಯಲ್ಲಿ ಎಸೆದು ಹಾಳು ಮಾಡುತ್ತಿರುವ  ದೃಶ್ಯಗಳು
 ಪ್ಯಾಲೆಸ್ಟೀನಿಯಾದವರು ಮಾಧ್ಯಮಗಳಿಗೆ ‘ಶವಗಳು’ ಎಂದು ಬಿಂಬಿಸುವ ವಿಡಿಯೋ
""
 ಇಸ್ರೇಲ್ ಸೈನ್ಯ ಜೆರೂಸೆಲಂ ನಗರದಲ್ಲಿನ ಅಲ್ –ಅಕ್ಸಾ ಮಸೀದಿಯನ್ನು ವಶಪಡಿಸಿಕೊಂಡಿರುವ ದೃಶ್ಯಗಳು
 ಬಿಲೀವರ್ಸ್ ಈಸ್ಟರ್ನ್ ಚರ್ಚ್ (ಕೇರಳ) ನಿಂದ 7000 ಕೋಟಿ ರೂ ಕಪ್ಪು ಹಣವನ್ನು ಜಾರಿ ಇಲಾಖೆ ವಶಪಡಿಸಿಕೊಂಡಿದೆ
 ಗಂಗೆಯಲ್ಇ ತೇಲುತ್ತಿರುವ ಶವಗಳ ಇತ್ತೀಚಿನ ಚಿತ್ರಗಳು
 ಕೊರೊನಾ ಮುಕ್ತ ಭಾರತಕ್ಕಾಗಿ ನನ್ನ ಎಲ್ಲಾ ಸಂಪತ್ತನ್ನು ವ್ಯಯಿಸುತ್ತೇನೆ ಎಂದು ರತನ್ ಟಾಟಾ ಹೇಳಿದ್ದಾರೆ
 ಕೋವಿಡ್ ಲಸಿಕೆ ಪಡೆದ ವ್ಯಕ್ತಿ ಮತ್ತು ಇತರರ ಶ್ವಾಸಕೋಶವನ್ನು ಪ್ರತಿನಿಧಿಸುವ ಸಿಟಿ ಸ್ಕ್ಯಾನ್ ವರದಿಗಳು
 ಗಾಝಾ ನಗರದಲ್ಲಿ ಇಸ್ರೇಲ್ ನಡೆಸಿದ ವೈಮಾನಿಕ ದಾಳಿಯಲ್ಲಿ ಗಾಯಗೊಂಡ ಫ್ಯಾಲೆಸ್ತೀನಿಯನ್‌‌ ಹೆಣ್ಣು ಮಗುವಿನ ಚಿತ್ರ
 ಇಸ್ರೇಲ್‌ನಲ್ಲಿ ನಡೆದ ಭಾರಿ ಸ್ಪೋಟದಿಂದ 500 ಯಹೂದಿಗಳು ಕೊಲ್ಲಲ್ಪಟ್ಟ ವಿಡಿಯೋ
 ಇಸ್ರೇಲ್-ಪ್ಯಾಲೇಸ್ಟಿನಿಯನ್ ದಾಳಿಯ ಹಿನ್ನೆಲೆಯಲ್ಲಿ ಇಸ್ರೇಲ್ ಸೈನ್ಯವು ಮಸೀದಿಯನ್ನು ನೆಲಸಮಗೊಳಿಸುವ ವಿಡಿಯೋ
 ಬಾಬಾ ರಾಮ್‌ದೇವ್‌ರವರು ಸ್ವತಃ ಆಸ್ಪತ್ರೆಗೆ ದಾಖಲಾಗಿ ವೆಂಟಿಲೇಟರ್ ಬೆಂಬಲದಿಂದ ಚಿಕಿತ್ಸೆ ಪಡೆಯುತ್ತಿದ್ದಾರೆ
 ವಿಧಾನಸಭಾ ಚುನಾವಣಾ ಫಲಿತಾಂಶ ಘೋಷಣೆಯ ನಂತರ ಟಿಎಂಸಿ ಬೆಂಬಲಿಗರು ಪೊಲೀಸರ ಮೇಲೆ ಹಲ್ಲೆ ನಡೆಸಿದ ವಿಡಿಯೋ
 ಗೃಹ ಸಚಿವ ಅಮಿತ್ ಶಾ ಮತ್ತು ಉತ್ತರ ಪ್ರದೇಶ ಸಿಎಂ ಯೋಗಿ ಆದಿತ್ಯನಾಥ್ ಹರಿದ್ವಾರದ ಕುಂಭಮೇಳದಲ್ಲಿ ಮಾಸ್ಕ್ ಧರಿಸದೇ ಪವಿತ್ರ ಸ್ನಾನ ಮಾಡುತ್ತಿದ್ದಾರೆ
 ಇತ್ತೀಚಿನ ಕುಂಭಮೇಳದಲ್ಲಿ ದೊಡ್ಡ ಹಿಂದೂ ಭಕ್ತರ ಕೂಟಗಳ ಚಿತ್ರಗಳು
 ಭಾರತದ ಕೊರೊನಾ ರೋಗಿಗಳಿಗೆ ಆಮ್ಲಜನಕ ಸಿಲಿಂಡರ್‌ಗಳ ಪ್ರಸ್ತುತ ಅಗತ್ಯತೆಯನ್ನು ತೋರಿಸುವ ಫೋಟೋಗಳು
 ಲವ್‌ಜಿಹಾದ್‌ ಅನ್ನು ವಿರೋಧಿಸಿದ್ದಕ್ಕಾಗಿ ದೆಹಲಿಯಲ್ಲಿನ ಮಹಿಳೆಯನ್ನು  ಒಬ್ಬ ವ್ಯಕ್ತಿ ಹತ್ಯೆ ಮಾಡುತ್ತಿರುವ ವಿಡಿಯೋ
 ಸೂಯೆಜ್ ಕಾಲುವೆಯಲ್ಲಿ ಸಿಲುಕಿಕೊಂಡಿದ್ದ ಹಡಗು ಮತ್ತೆ ನೀರಿನಲ್ಲಿ ಪ್ರಯಾಣಿಸಲು ಪ್ರಾರಂಭಿಸಿದಾಗ ಧೂಮ್ ಚಲನಚಿತ್ರದ ಸಂಗೀತ ಹಾಕಲಾಗಿತ್ತು
" ಹಿಂದೂಗಳನ್ನು ರೋಗಿಗಳಾಗಿಸಲು ರಾಸಾಯನಿಕಗಳನ್ನು ಹೊಂದಿರುವ ಆಹಾರವನ್ನು ಮುಸ್ಲಿಮರು ಮಾರಾಟ ಮಾಡುವಂತೆ ದಾರುಲ್ ಉಲೂಮ್ ದೇವ್‌ಬಂದ್, ‘ಫತ್ವಾ’ ಹೊರಡಿಸಿತು"
" ಹಿಂದೂಗಳನ್ನು ರೋಗಿಗಳಾಗಿಸಲು ರಾಸಾಯನಿಕಗಳನ್ನು ಹೊಂದಿರುವ ಆಹಾರವನ್ನು ಮುಸ್ಲಿಮರು ಮಾರಾಟ ಮಾಡುವಂತೆ ದಾರುಲ್ ಉಲೂಮ್ ದೇವ್‌ಬಂದ್, ‘ಫತ್ವಾ’ ಹೊರಡಿಸಿತು"
 ದೆಹಲಿಯಲ್ಲಿ ರೈತರ ಪ್ರತಿಭಟನಾ ವಿಷಯದ ಬಗ್ಗೆ ನಟ ಅಜಯ್ ದೇವಗನ್ ಕುಡಿದು ಗಲಾಟೆ ಮಾಡಿ ಹೊಡೆತ ತಿಂದಿರುವ ವಿಡಿಯೋ
 ಮಾಜಿ ಪ್ರಧಾನಿ ಮನಮೋಹನ್ ಸಿಂಗ್‌ರವರು ಬಾಂಗ್ಲಾದೇಶಕ್ಕೆ ಭೇಟಿ ನೀಡಿದಾಗ ಕಾಂಗ್ರೆಸ್ ಅಧ್ಯಕ್ಷೆ ಸೋನಿಯಾ ಗಾಂಧಿಯವರು ಬಾಂಗ್ಲಾ ಪ್ರಧಾನಿ ಶೇಖ್ ಹಸೀನಾರವರ ಪಕ್ಕ ಮುಖ್ಯ ಖುರ್ಚಿಯಲ್ಲಿ ಕುಳಿತಿದ್ದಾರೆ
‌ ಜನರೇ ಇಲ್ಲದ ಖಾಲಿ ಮೈದಾನಕ್ಕೆ ಕೈ ಬೀಸುತ್ತಾ ಮೋದಿ  ಶುಭಾಶಯ ಕೋರುತ್ತಿರುವ ವಿಡಿಯೋ
‌ ಅಂಬಾನಿ ಮತ್ತು ಅದಾನಿಗಳಿಗೆ ಭೂಮಿ  ಕೊಡಲು ಗುಜರಾತ್‌ನಲ್ಲಿ ಐವತ್ತು ದೇವಸ್ಥಾನಗಳನ್ನು ಕೆಡವಿದ ಬಿಜೆಪಿ ಸರ್ಕಾರ
 ಈ ದೇಶದ ಬಡ ಜನರನ್ನು ಮರುಳು ಮಾಡಲು ಪಿಎಂ ನರೇಂದ್ರ ಮೋದಿ ಅವರ ಮಾತುಗಳನ್ನು ಬಹಿರಂಗಪಡಿಸುವ ವಿಡಿಯೋ
 ಇತ್ತೀಚಿನ ಭೈನ್ಸಾ ಕೋಮು ಹಿಂಸಾಚಾರದಲ್ಲಿ ಧ್ವಂಸಗೊಂಡ ಆಸ್ತಿಗಳ ಫೋಟೋಗಳು
 ಭವಿಷ್ಯದಲ್ಲಿ ಭಾರತ ಇಸ್ಲಾಮಿಕ್ ರಾಷ್ಟ್ರವಾಗಲಿದೆ ಎಂದು ಎಐಯುಡಿಎಫ್ ಮುಖ್ಯಸ್ಥ ಮೌಲಾನಾ ಬದ್ರುದ್ದೀನ್ ಅಜ್ಮಲ್ ಹೇಳುವ ವಿಡಿಯೋ
 ಮಮತಾ ಬ್ಯಾನರ್ಜಿ ಇದ್ದಕ್ಕಿದ್ದಂತೆ ತನ್ನ ಗಾಲಿಕುರ್ಚಿಯಿಂದ ನಡೆದುಕೊಂಡು ಹೋಗುತ್ತಿರುವ ಫೋಟೋ
 ಮಮತಾ ಬ್ಯಾನರ್ಜಿಯವರ  ಬ್ಯಾಂಡೇಜ್ ತಮ್ಮ ಎಡಗಾಲಿನಿಂದ ಬಲಗಾಲಿಗೆ ಬದಲಾಗಿದೆ ಎಂದು ಫೋಟೋಗಳು ತೋರಿಸುತ್ತವೆ
" ಈಜಿಪ್ಟ್ ಮೂಲದ ಕುವೈತ್ ಉದ್ಯಮಿ ಅರಬ್‌ನ ನಾಸರ್ ಅಲ್ ಖರಾಫೀಯವರು ನಿಧನರಾದಾಗ, ತಾವು ಬಿಟ್ಟು ಹೋದ ಆಸ್ತಿ, ಅಂತಸ್ತು, ವೈಡೂರ್ಯಗಳ ಚಿತ್ರಗಳನ್ನು ಇಲ್ಲಿ ಪ್ರಕಟಿಸಲಾಗಿದೆ"
 ಭಾರತದ ದ್ವಾರಕಾ ನಗರದ ನೀರೊಳಗಿನ ಚಿತ್ರಗಳು
 ಇತ್ತೀಚಿಗೆ (2021) ಪಶ್ಚಿಮ ಬಂಗಾಳದಲ್ಲಿ ನಡೆದ ಪಿಎಂ ಮೋದಿಯರವ ರ್ಯಾಲಿಯಲ್ಲಿ ಭಾಗವಹಿಸಿದ್ದ ಬೃಹತ್ ಜನಸ್ತೋಮದ ಫೋಟೊಗಳು
 ಆರ್ಟಿಕಲ್ 30 ಎ ಶಾಲೆಗಳಲ್ಲಿ ‘ಗೀತಾ’  ಮತ್ತು ‘ರಾಮಾಯಣ’ಬೋಧನೆಯನ್ನು ನಿರ್ಬಂಧಿಸುತ್ತದೆ
‌ ʼಕೇಂದ್ರ ಗೃಹ ಸಚಿವ ಅಮಿತ್‌ ಷಾ ಪುತ್ರನಾದ ಜೈ ಷಾ ಒತ್ತಡ ಹಾಕಿದ್ದರಿಂದಲೇ ಭಾರತ ಕ್ರೀಕೇಟ್‌ ಆಟಗಾರರು ರೈತ ಹೋರಾಟದ ವಿರುದ್ಧ ಟ್ವಿಟ್‌ ಮಾಡುತ್ತಿದ್ದಾರೆʼ ಪ್ರಮುಖ ಕ್ರಿಕೇಟ್‌ ಆಟಗಾರ ಕಪಿಲ್‌ ದೇವ್‌ ಹೇಳಿದ್ದಾರೆ
 ಪ್ರಧಾನಿ ನರೇಂದ್ರ ಮೋದಿಯವರನ್ನು ಕೇಂದ್ರ ಸಚಿವ ನಿತಿನ್ ಗಡ್ಕರಿ ಟೀಕಿಸಿದ್ದಾರೆ
 ಕಂಗನಾ ರಣಾವತ್ ಬಗ್ಗೆ ರಿಹಾನ್ನಾ ಟ್ವೀಟ್ ಮಾಡಿದ್ದಾರೆ
 2021 ರ ಫೆಬ್ರವರಿ ತಿಂಗಳು ವಿಶಿಷ್ಟವಾಗಿದೆ. ಏಕೆಂದರೆ ಎಲ್ಲಾ ವಾರದ ದಿನಗಳೂ ಸಹ ಈ ತಿಂಗಳಲ್ಲಿ ನಾಲ್ಕು ಬಾರಿ ಪುನರಾವರ್ತನೆಯಾಗುತ್ತದೆ. ಇದು ಪ್ರತಿ 823 ವರ್ಷಗಳಿಗೊಮ್ಮೆ ಸಂಭವಿಸುತ್ತದೆ
 2019 ರ ಫೆಬ್ರವರಿ 14 ರಂದು ಪುಲ್ವಾಮಾದಲ್ಲಿ ಸಿಆರ್‌ಪಿಎಫ್ ಸಿಬ್ಬಂದಿ ಮೇಲೆ ನಡೆದ ದಾಳಿಯ ವಿಡಿಯೋ ಇದು
" ಭಗತ್ ಸಿಂಗ್, ರಾಜ್‌ಗುರು ಮತ್ತು ಸುಖದೇವ್ ಅವರನ್ನು 14 ಫೆಬ್ರವರಿ 1931 ರಂದು (ಪ್ರೇಮಿಗಳ ದಿನ) ಗಲ್ಲಿಗೇರಿಸಲಾಯಿತು"
 ಲೈವ್ ವಿಡಿಯೋ ಕಾನ್ಫರೆನ್ಸ್‌ನಲ್ಲಿ ಇಂಧನ ಬೆಲೆ ಏರಿಕೆ ಬಗ್ಗೆ ಪ್ರಶ್ನೆ ಕೇಳಿದ ವ್ಯಕ್ತಿಯನ್ನು ಕುಳಿತುಕೊಳ್ಳುವಂತೆ ನರೇಂದ್ರ ಮೋದಿ ಹೇಳುವ ವಿಡಿಯೋ
 ರಾಹುಲ್ ಗಾಂಧಿ ಮಾಸ್ಕ್ ಹಾಕಿಕೊಂಡೇ ಊಟ ಮಾಡುತ್ತಾರೆ
 ಪ್ರತಿಭಟನೆ ನಡೆಸುತ್ತಿರುವ ಮಹಿಳಾ ರೈತರ ಮೇಲೆ ನೀರಿನ ಟ್ಯಾಂಕರ್ ಹತ್ತಿಸುವ ಮೂಲಕ ಉತ್ತರ ಪ್ರದೇಶ ಸರ್ಕಾರ ದಾಳಿ ನಡೆಸಿದ ವಿಡಿಯೋ
 ಆಂಧ್ರಪ್ರದೇಶದ ಎಲೂರಿನಲ್ಲಿ ಮತ್ತೊಂದು ಹಿಂದೂ ದೇವಸ್ಥಾನ ಧ್ವಂಸಗೊಂಡಿದೆ
 ಗಣರಾಜ್ಯೋತ್ಸವದಂದು ಆಯೋಜಿಸಿದ್ದ ಟ್ರ್ಯಾಕ್ಟರ್ ರ್ಯಾಲಿಯಲ್ಲಿ ಭಾಗವಹಿಸಿದ ರೈತರನ್ನು ದೆಹಲಿ ಪೊಲೀಸರು ಥಳಿಸಿರುವ ಫೋಟೋಗಳು
 ಭಾರತೀಯ ರೈತರು ಭಾರತೀಯ ಧ್ವಜದ ಮೇಲೆ ನಿಂತು ಅವಮಾನಿಸುತ್ತಿರುವ ವಿಡಿಯೋ
 ಲೈಫ್‌ ಟ್ಯಾಂಕ್‌ ಸಹಾಯದೊಂದಿಗೆ ಈಜುವ 5000 ವರ್ಷ ಹಳೆಯ ಪುರಾತನ ಭಾರತೀಯ ಪ್ರಾತಿನಿಧ್ಯ
 1893 ರ ವಿಶ್ವ ಧಾರ್ಮಿಕ ಸಮ್ಮೇಳನದಲ್ಲಿ ಸ್ವಾಮಿ ವಿವೇಕಾನಂದರು ಮಾಡಿದ್ದ ಪ್ರಸಿದ್ದ ಭಾಷಣವನ್ನು ಚಿಕಾಗೊ ಆರ್ಟ್ ಇನ್ಸ್ಟಿಟ್ಯೂಟ್‌‌ ಸಭಾಂಗಣದ ಮೆಟ್ಟಿಲುಗಳಲ್ಲಿ ಪ್ರತಿದಿನ ಪ್ರದರ್ಶಿಸಲಾಗುತ್ತದೆ
 ಸಂದೇಶಗಳನ್ನು ಕಳುಹಿಸಲು ವಾಟ್ಸಾಪ್ ತಮ್ಮ ಬಳಕೆದಾರರಿಗೆ ಶುಲ್ಕ ವಿಧಿಸುತ್ತದೆ
 ಇಂಡಿಯಾ ಗೇಟ್‌ನಲ್ಲಿ ಸ್ವಾತಂತ್ರ್ಯ ಹೋರಾಟಗಾರರ ಹೆಸರನ್ನು ಕೆತ್ತಲಾಗಿದೆ
 ರೈತರ ಪ್ರತಿಭಟನೆಯಲ್ಲಿ ಭಾಗವಹಿಸಿದ ನಂತರ ಸಿಖ್ ಉಡುಪನ್ನು ಧರಿಸಿ ನಮಾಜ್ ಮಾಡಿದ ವಂಚಕನ ಫೋಟೋ
 ಪಂಜಾಬ್‌ನ ಹೋರಾಟನಿರತ ರೈತರು ರಾಷ್ಟ್ರೀಯ ಹೆದ್ದಾರಿಗಳಲ್ಲಿ ಹಿಂದಿ ಸೈನ್‌ಬೋರ್ಡ್‌ಗಳಿಗೆ ಮಸಿ ಬಳಿಯುತ್ತಿದ್ದಾರೆ
 ವಿರಾಟ್-ಅನುಷ್ಕಾ ಅವರ ನವಜಾತ ಮಗುವಿನ ಚಿತ್ರಗಳು
" ಪಾಕಿಸ್ತಾನದ ಬಾಲಾಕೋಟ್‌ನಲ್ಲಿ ಫೆಬ್ರವರಿ 26, 2019 ರಂದು ಭಾರತ ನಡೆಸಿದ್ದ ವೈಮಾನಿಕ ದಾಳಿಯಲ್ಲಿ 300 ಜನ ಪಾಕಿಸ್ತಾನಿಗಳು ಸಾವನ್ನಪ್ಪಿದ್ದರು ಎಂಬುದನ್ನು ಪಾಕಿಸ್ತಾನದ ರಾಜತಾಂತ್ರಿಕ ಅಧಿಕಾರಿ ಒಪ್ಪಿಕೊಂಡಿದ್ದಾರೆ"
 ಹೊಸ ಕೃಷಿ ಕಾನೂನುಗಳನ್ನು ವಿರೋಧಿಸಿ ರೈತರು ನಡೆಸುತ್ತಿರುವ ಪ್ರತಿಭಟನೆಯ ನೂರಾರು ಡೇರೆಗಳನ್ನು ತೋರಿಸುವ ಚಿತ್ರ
 ಭಾರತದಲ್ಲಿ ನಡೆಯುತ್ತಿರುವ ರೈತರ ಪ್ರತಿಭಟನೆಗಳ ಕುರಿತು ನ್ಯಾಷನಲ್ ಜಿಯಾಗ್ರಫಿಕ್ ನಿಯತಕಾಲಿಕೆಯ ಮುಖಪುಟದ ಫೋಟೋ
 ಪ್ರಪಂಚದ ಕೇವಲ 5 ರಾಷ್ಟ್ರಗಳು ಮಾತ್ರ ಕೋವಿಡ್ -19 ಲಸಿಕೆ ತಯಾರಿಸುತ್ತಿವೆ. ಅವುಗಳಲ್ಲಿ ಭಾರತದ ಲಸಿಕೆ ಅತ್ಯಂತ ಪರಿಣಾಮಕಾರಿಯಾದುದು
 ಪಿಎಎಫ್ ಎಫ್-16 ಫೈಟರ್ ಜೆಟ್‌ನ ಕಾಕ್‌ಪಿಟ್‌ನಲ್ಲಿ ಪಾಕಿಸ್ತಾನ ಪೈಲಟ್ ಮೂತ್ರ ವಿಸರ್ಜಿಸುವ ಬಗ್ಗೆ ‘Dawn’ ಸುದ್ದಿ ಲೇಖನ
 ಪಾಕಿಸ್ತಾನದ ಪತ್ರಕರ್ತನೊಬ್ಬ ಭಾರತದ ಪ್ರಧಾನಿ ನರೇಂದ್ರ ಮೋದಿಯವರನ್ನು ಹೊಗಳಿದ್ದಾರೆ
‌ ಜಗತ್ತಿನಲ್ಲಿನ ಸಿರಿವಂತರಲ್ಲಿ ಕಾಂಗ್ರೆಸ್ ನಾಯಕಿ ಸೋನಿಯಾ ಗಾಂಧಿಯ ಹೆಸರು ನಾಲ್ಕನೆ ಸ್ಥಾನದಲ್ಲಿ ಇದೆ
 ಗೌತಮ್ ಅದಾನಿಯವರ ಪತ್ನಿ ಪ್ರೀತಿ ಅದಾನಿಗೆ ಪ್ರಧಾನಿ ನರೇಂದ್ರ ಮೋದಿ ವಿದೇಯನಾಗಿ ನಮಸ್ಕರಿಸುವ ಚಿತ್ರ
""
 ಆಂಧ್ರಪ್ರದೇಶದ ಪಡಿತರ ಚೀಟಿಗಳಲ್ಲಿ ಜೀಸಸ್ ಫೋಟೋ ಮುದ್ರಿಸಲಾಗಿದೆ
 ರೈತರ ಪ್ರತಿಭಟನೆಯಲ್ಲಿ ಭಾಗವಹಿಸಿದ ಮುಸುಕುಧಾರಿ ಉಗ್ರವಾದಿಗಳನ್ನು ಬಂಧಿಸಿದ ಪಂಜಾಬ್‌ ಸರ್ಕಾರ
""
 ಹೊಸ ಕೃಷಿ ಮಸೂದೆಗಳನ್ನು ಪರಿಚಯಿಸುವ ಮುನ್ನ 2019 ರಲ್ಲಿ ಬಹು ಕೃಷಿ ಆಧಾರಿತ ಕಂಪನಿಗಳನ್ನು ಅದಾನಿ ಸ್ಥಾಪಿಸಿದರು
 ಕೃಷಿ ಕಾನೂನುಗಳ ವಿರುದ್ಧ ಪ್ರತಿಭಟನೆ ನಡೆಸುತ್ತಿರುವ ರೈತರಲ್ಲಿ ಖಲಿಸ್ತಾನ್ ಪರ ಪ್ರತಿಭಟನಾಕಾರರು ಪ್ರತ್ಯೇಕ ಖಲಿಸ್ತಾನಕ್ಕೆ ಒತ್ತಾಯಿಸಿ ಫಲಕಗಳನ್ನು ಹಿಡಿದಿದ್ದಾರೆ
 ಭಾರತೀಯ ರೈತರು ‘ಖಲಿಸ್ತಾನ್ ಜಿಂದಾಬಾದ್’ ಘೋಷಣೆಗಳನ್ನು ಕೂಗುತ್ತಿದ್ದಾರೆ ಮತ್ತು ಹೊಸ ಕೃಷಿ ಮಸೂದೆಗಳ ವಿರುದ್ಧ ನಡೆಯುತ್ತಿರುವ ಪ್ರತಿಭಟನೆಯಲ್ಲಿ ಪಾಕಿಸ್ತಾನ ಪ್ರಧಾನಿ ಇಮ್ರಾನ್ ಖಾನ್ ಅವರನ್ನು ಹೊಗಳಿದ್ದಾರೆ
 ಇತ್ತೀಚಿನ ದೆಹಲಿ ರೈತ ಹೋರಾಟದ ಚಿತ್ರಗಳು
 ಇತ್ತೀಚೆಗೆ ನಡೆದ ರೈತರ ಪ್ರತಿಭಟನೆಯಲ್ಲಿ ಮಿಲಿಟರಿ ನಿವೃತ್ತ ಮತ್ತು ಹಿರಿಯ ನಾಯಕ ಪಿಪಿಎಸ್ ಧಿಲ್ಲನ್ ಅವರ ಕಣ್ಣಿಗೆ ಗಾಯವಾಗಿದೆ
 ಎಎಪಿ ಪಾವತಿಸಿದ ಕಾರ್ಯಕರ್ತರನ್ನು ರೈತರ ಪ್ರತಿಭಟನೆಗೆ ನೀಡುತ್ತಿದೆ
 ರೈತರ ಹೋರಾಟದಲ್ಲಿ ನಕಲಿ ಸಿಖ್‌ನನ್ನು ಪೊಲೀಸರು ಹಿಡಿದಿದ್ದಾರೆ
""
""
""
 ನೈಸ್‌ನಲ್ಲಿ ನಡೆದ ದಾಳಿಯ ನಂತರ ಫ್ರಾನ್ಸ್‌ನಲ್ಲಿ ಒಬ್ಬ ವ್ಯಕ್ತಿ ಮುಸ್ಲಿಂ ಮಹಿಳೆಯ ಮೇಲೆ ಹಲ್ಲೆ ಮಾಡಿದ ವಿಡಿಯೋ
 ಫ್ರಾನ್ಸ್‌ನಲ್ಲಿ ನಡೆಯುತ್ತಿದ್ದ ಪ್ರತಿಭಟನೆ ವೇಳೆ ಮುಸ್ಲಿಂ ಪ್ರತಿಭಟನಾಕಾರರ ವಿರುದ್ಧ ಪೊಲೀಸರು ಅಶ್ರುವಾಯು ಮತ್ತು ನೀರಿನ ಫಿರಂಗಿಗಳನ್ನು ಬಳಸುವ ವಿಡಿಯೋ
 ಪತ್ರಕರ್ತ ಅರ್ನಾಬ್‌ ಗೋಸ್ವಾಮಿಗೆ ಪೋಲೀಸರು ಹೊಡೆಯುತ್ತಿರುವ ಪೋಟೋ
 ಫ್ರೆಂಚ್ ಪೊಲೀಸರಿಂದ ಮುಸ್ಲಿಂ ಮಹಿಳೆಯ ಮೇಲೆ ನಡೆಯ ಹಲ್ಲೆಯ ವಿಡಿಯೋ
 ನೈಸ್ ದಾಳಿಕೋರನನ್ನು ಪೊಲೀಸರು ಬಂಧಿಸುವ ವಿಡಿಯೋ
 ‘ಖುರಾನ್  ಎಲ್ಲ ದುಷ್ಟತನಗಳ ಮೂಲ’ ಎಂದು ಆರೋಪಿಸುತ್ತಿರುವ ಫ್ರೆಂಚ್ ಸಚಿವರು
 ಇತ್ತೀಚೆಗೆ ಫ್ರಾನ್ಸದಲ್ಲಿ ದಾಳಿ ನಡೆಸಿದ ಭಯೋತ್ಪಾದಕನನ್ನು ಫ್ರಾನ್ಸ್  ಪೊಲೀಸರು ಬೆನ್ನಟ್ಟುವ ವಿಡಿಯೋದ ದೃಶ್ಯ
 2020 ರ ವಿಧಾನಸಭಾ ಚುನಾವಣೆಯ ಹಿನ್ನೆಲೆಯಲ್ಲಿ ಬಿಹಾರದಲ್ಲಿ ‘ಗೋ ಬ್ಯಾಕ್ ಮೋದಿ’ಎಂದು ಹೇಳುವ ರಸ್ತೆ ಬರಹದ  ಚಿತ್ರ
 2013ರಲ್ಲಿ ಪಾಟ್ನಾದಲ್ಲಿ ನಡೆದ ಬಾಂಬ್ ದಾಳಿಯಲ್ಲಿ ಪಾಲ್ಗೊಂಡ ಉಗ್ರವಾದಿ ಕಾಂಗ್ರೆಸ್ ಪಕ್ಷದ ಪರವಾಗಿ ಬಿಹಾರದಲ್ಲಿ ನಾಮಪತ್ರ ಸಲ್ಲಿಸುತ್ತಿರುವಾಗ ಬಂಧಿಸಿದ ಪೋಲೀಸರು
""
 ಕೊರೊನಾ ಸೋಂಕು ಹರಡುವಿಕೆಯನ್ನು ಯಶಸ್ವಿಯಾಗಿ ನಿಯಂತ್ರಿಸಿದ ಕೊಡಗು ಜಿಲ್ಲಾಧಿಕಾರಿಗೆ ಸನ್ಮಾನದ ವೀಡಿಯೊ
 ತನ್ನ ರಿಕ್ಷಾವನ್ನು ಸರ್ಕಾರಿ ಅಧಿಕಾರಿಗಳು ವಶಪಡಿಸಿಕೊಳ್ಳುತ್ತಿರುವಾಗ ಭಾರತದ ರಿಕ್ಷಾ ಚಾಲಕನೊಬ್ಬ ಅಳುತ್ತಿರುವ ವಿಡಿಯೋ
 ಫೋರ್ಬ್ಸ್‌ನ ‘ವಿಶ್ವದ ಹೆಚ್ಚು ವಿದ್ಯಾವಂತ ನಾಯಕರು’ ಪಟ್ಟಿಯಲ್ಲಿ ರಾಹುಲ್ ಗಾಂಧಿ ಏಳನೇ ಸ್ಥಾನದಲ್ಲಿದ್ದಾರೆ
 ಮುಸ್ಲಿಂ ಹುಡುಗನನ್ನು ಮದುವೆ ಮಾಡಿಕೊಳ್ಳಬೇಡ ಎಂದು ಹೇಳುತ್ತಾ ತಂದೆ ತನ್ನ ರುಮಾಲನ್ನು ಮಗಳ ಪಾದಗಳ ಹತ್ತಿರ ಇಡುತ್ತಿರುವ ವಿಡಿಯೋ
 ಅಂಗಡಿಯಲ್ಲಿ ಬ್ರೆಡ್ ಮತ್ತು ಬೆಣ್ಣೆಯನ್ನು ಕದಿಯುತ್ತಿದ್ದ 15 ವರ್ಷದ ಬಾಲಕನನ್ನು ಬಂಧಿಸಲಾಗಿದೆ
 ರಾಹುಲ್ ಗಾಂಧಿ ಅವರು ಮನಮೋಹನ್ ಸಿಂಗ್ ಅವರ ಹುಟ್ಟುಹಬ್ಬದ ಕೇಕ್ ಕತ್ತರಿಸುವ ವಿಡಿಯೋ
" ಪ್ರಧಾನಿ ಮೋದಿಗಾಗಿ 8,600 ಕೋಟಿ ರೂಪಾಯಿ ವೆಚ್ಚದಲ್ಲಿ ನಿರ್ಮಿಸಲಾದ ವಿಮಾನದ ಒಳಗಿನ ಫೋಟೋ"
 ಬಿಹಾರ ವಿಧಾನಸಭಾ ಚುನಾವಣೆ-2020ಕಾರಣಕ್ಕಾಗಿ ಪ್ರಿಯಾಂಕಾ ಗಾಂಧಿಯವರು ಇಂದಿರಾಗಾಂಧಿಯವರ ಸೀರೆ ಧರಿಸಿದ್ದಾರೆ
 ಕಾಂಗ್ರೆಸ್ ಮುಖಂಡ ದಿಗ್ವಿಜಯ್ ಸಿಂಗ್ ಅವರ ಪುತ್ರಿ ಬಿಜೆಪಿಗೆ ಸೇರಿದರು
 ಬಿಜೆಪಿ ಆಳ್ವಿಕೆಯಲ್ಲಿ ದೇಶಾದ್ಯಂತ ಮಹಿಳೆಯರ ಮೇಲೆ ಅಪರಾಧಗಳು ಹೆಚ್ಚುತ್ತಿರುವುದನ್ನು ವಿರೋಧಿಸಿ ದೇಹಕ್ಕೆ ಕಬ್ಬಿಣದ ಮುಳ್ಳುತಂತಿ ಸುತ್ತಿಕೊಂಡು ಈ ಮಹಿಳೆ ಪ್ರತಿಭಟನೆ ನಡೆಸುತ್ತಿದ್ದಾರೆ.ನಿಜಾಂಶ; ಆ ಫೋಟೊದಲ್ಲಿರವು ಮಹಿಳೆಯು ಬಿಜೆಪಿ ಸರ್ಕಾರದ ವಿರುದ್ಧ ಪ್ರತಿಭಟನೆ ನಡೆಸುತ್ತಿಲ್ಲ. ಆ ಮಹಿಳೆಯ ಶ್ರೀಲಂಕಾದವರಾಗಿದ್ದು ಪಾಕ್ ಜಲಸಂಧಿ ಮೂಲದ ಒಸರಿಯಾ ಶೈಲಿಯ ಉಡುಪನ್ನು ಪ್ರದರ್ಶಿಸುತ್ತಿದ್ದಾರೆ. ಹಾಗಾಗಿ ಮೇಲಿನ ಪ್ರತಿಪಾದನೆ ಸುಳ್ಳಾಗಿದೆ
" ಅತ್ಯಾಚಾರ ಮೊದಲಾದ ತೀವ್ರತರವಾದ ಪ್ರಕರಣಗಳಲ್ಲಿ ಸಂತ್ರಸ್ತೆಯ  ಗುರುತನ್ನು ಬಹಿರಂಗ ಮಾಡುವ ಹೆಸರು, ಫೋಟೋ ಇತರೆ ಸುದ್ದಿಯನ್ನು ಮುದ್ರಿಸುವುದು ಅಥವಾ ಪ್ರಕಟ ಮಾಡುವುದು ಇಂಡಿಯನ್‌ ಪೀನಲ್‌ ಕೋಡ್‌ ( IPC) ಸೆಕ್ಷನ್‌ 228(A) ಪ್ರಕಾರ ಅಪರಾಧ. ಅಷ್ಟೇ ಅಲ್ಲ ಪ್ರಿಂಟ್‌, ಎಲೆಕ್ಟ್ರಾನಿಕ್‌, ಸಾಮಾಜಿಕ ಜಾಲತಾಣ ಮುಂತಾದವುಗಳಲ್ಲಿ ಯಾರಾದರೂ ಸಂತ್ರಸ್ತೆಯ ಗುರುತನ್ನು ಬಹಿರಂಗಗೊಳಿಸುವ ಹೆಸರು ಅಥಾವ ಇನ್ಯಾವುದದಾರೂ ವಿಷಯಗಳನ್ನು ಮುದ್ರಿಸುವುದು ಅಥವಾ ಪ್ರಚಾರ ಮಾಡುವುದು ಅಪರಾಧ ಎಂದು  2018ರಲ್ಲಿ ಸುಪ್ರೀಂಕೋರ್ಟ್‌  ತೀರ್ಪು ಹೇಳಿದೆ"
 ಇತ್ತಿಚಿಗೆ ಹತ್ರಾಸ್‌ (ಉತ್ತರಪ್ರದೇಶ್‌) ನಲ್ಲಿ ಅತ್ಯಾಚಾರಕ್ಕೆ ಗುರಿಯಾದ ಸಂತ್ರಸ್ತೆಯ ಫೋಟೋ
 ಉತ್ತರ ಪ್ರದೇಶದ ಸಿಎಂ ಯೋಗಿ ಆದಿತ್ಯನಾಥ್ ಅವರು ಹತ್ರಾಸ್ ಅತ್ಯಾಚಾರ ಆರೋಪಿಗಳು ಮತ್ತು ಠಾಕೂರ್ ಸಮುದಾಯವನ್ನು ಬೆಂಬಲಿಸಿ ಹೇಳಿಕೆ ನೀಡಿದ್ದಾರೆ
 ಅಮೃತಸರದಲ್ಲಿ ಅತ್ಯಾಚಾರಕ್ಕೊಳಗಾಗಿ ಕೊಲೆಗೀಡಾದ ಪಂಜಾಬ್‌ನ ಮಹಿಳಾ ಪೊಲೀಸ್ ಅಧಿಕಾರಿಯ ಫೋಟೋಗಳು
 ಕೇಂದ್ರ ಸಚಿವ ಹರ್ಷ ವರ್ಧನ್ ಮೇಲೆ ಸಾರ್ವಜನಿಕರು ಹಲ್ಲೆ ಮಾಡಿದ ವಿಡಿಯೋ
 ದೀಪಿಕಾ ಪಡುಕೋಣೆ ಧರಿಸಿದ್ದ ಟೀಶರ್ಟ್ ಮೇಲೆ ‘ನಾನು ಭಾರತೀಯ ರೈತರ ಪರ ನಿಲ್ಲುತ್ತೇನೆ’ ಎಂದು ಬರೆದಿತ್ತು
 ಉತ್ತರ ಪ್ರದೇಶದಲ್ಲಿ ನಡೆದ ದಲಿತ ಮಹಿಳೆಯ ಅತ್ಯಾಚಾರದ ಕೇಸಿನಲ್ಲಿ ಆರೋಪಿಯಾಗಿರುವ ಸಂದೀಪ್‌ ಠಾಕೂರ್‌ ತಂದೆಗೆ ಬಿಜೆಪಿ ಮುಖಂಡರ ಜೊತೆ ಸಂಬಂಧವಿದೆ
 ಅಮೆರಿಕದ ಬಸ್ ಮೇಲೆ ಬಾಬಾಸಾಹೇಬ್ ಅಂಬೇಡ್ಕರ್ ಮತ್ತು ಅವರ ಪತ್ನಿಯ ಚಿತ್ರವನ್ನು ಮೂಡಿಸಲಾಗಿದೆ
 ನಟಿ ಶ್ರೀದೇವಿ ಅವರಿಗೆ ಬಲವಂತವಾಗಿ ಮಾದಕ ದ್ರವ್ಯ ನೀಡಲಾಗಿತ್ತು. ಅವರ ಸಾವು ಸ್ವಾಭಾವಿಕವಲ್ಲ ಎಂದು ಹೇಳಿದ ಮರಣೋತ್ತರ ವರದಿ
 ಮಹಾರಾಷ್ಟ್ರದ ಐಡಿಬಿಐ ಬ್ಯಾಂಕ್ ಮ್ಯಾನೇಜರ್ ಮೇಲೆ ಶಿವಸೇನಾ ಗೂಂಡಾಗಳು ಹಲ್ಲೆ ಮಾಡಿದ ವಿಡಿಯೋ
 ‘ಪ್ರಧಾನಮಂತ್ರಿ ಕನ್ಯಾ ಆಶಿರ್ವಾದ ಯೋಜನೆ’ ಅಡಿಯಲ್ಲಿ ಭಾರತ ಸರ್ಕಾರವು ದೇಶದ ಪ್ರತಿ ಬಾಲಕಿಗೆ 2000 ರೂ. ವಿತರಿಸುತ್ತಿದೆ
 ಕಂಗನಾ ರಣಾವತ್‌ರನ್ನು ಬೆಂಬಲಿಸಿ ಕರ್ಣಿಸೇನಾ ಸಂಘಟಿಸಿದ ರ್ಯಾಲಿಯ ವಿಡಿಯೋ
 ಕಂಗನಾ ರಣಾವತ್ ರಕ್ಷಣೆಗಾಗಿ ಸಾವಿರ ವಾಹನಗಳೊಂದಿಗೆ ಮುಂಬೈಗೆ ಹೊರಟ ಬಿಜೆಪಿ ಕಾರ್ಯಕರ್ತರುಗಳು
 ಲಂಡನ್ ಮ್ಯೂಸಿಯಂನಲ್ಲಿರುವ ಛತ್ರಪತಿ ಶಿವಾಜಿ ಮಹಾರಾಜ್ ಅವರ ಮೂಲ ಚಿತ್ರ
 ಐಪಿಎಸ್ ಅಧಿಕಾರಿಗಳಾದ ಒಂದೇ ಕುಟುಂಬದ ಇಬ್ಬರು ಸಹೋದರರು ಮತ್ತು ಒಬ್ಬ ಸಹೋದರಿಯ ಚಿತ್ರ
 ತೆಲಂಗಾಣದ ಭುವನಪಲ್ಲಿಯ ಜಿಲ್ಲಾ ನ್ಯಾಯಾಧೀಶ ಅಬ್ದುಲ್ ಹಸೀಮ್ ಒಬ್ಬ ಅಜ್ಜಿಯೊಂದಿಗೆ ಮೆಟ್ಟಿಲುಗಳ ಮೇಲೆ ಕುಳಿತೇ ಆಕೆಯ ಪ್ರಕರಣ ಇತ್ಯರ್ಥಮಾಡಿಸಿದರು
 ಪಶ್ಚಿಮ ಬಂಗಾಳದಲ್ಲಿ ಮುಸ್ಲಿಂ ಗುಂಪುಗಳು ನಡೆಸಿದ ಬೃಹತ್ ಪ್ರಭಟನೆಯ ವಿಡಿಯೋ
 ಚೀನಾದ ನಗರಕ್ಕೆ ನುಗ್ಗುತ್ತಿರುವ ಪ್ರವಾಹದ ವಿಡಿಯೋ
 ಅನಾಥರಾದ ಇಬ್ಬರು ಹೆಣ್ಣುಮಕ್ಕಳನ್ನು ದತ್ತು ತೆಗೆದುಕೊಂಡು ಹಿಂದೂ ಸಂಪ್ರದಾಯದ ಪ್ರಕಾರ ಮದುವೆ ಮಾಡಿ ಕಳುಹಿಸಿದ ಮುಸ್ಲಿಂ ಧರ್ಮಕ್ಕೆ ಸೇರಿದ ವ್ಯಕ್ತಿ ಪಠಾನ್ ಬಾಬು
 ಇತ್ತೀಚಿನ ಸ್ವೀಡನ್ ಗಲಭೆಯಲ್ಲಿ ಜಿಹಾದಿಗಳು ನಡೆಸಿದ ದಾಳಿಯಿಂದ ಮಹಿಳೆಯ ಮುಖಕ್ಕೆ ತೀವ್ರ ಹಲ್ಲೆಯಾಗಿರುವ ಫೋಟೊ ಕೊಲಾಜ್
 ಸ್ವೀಡನ್‌ ನಲ್ಲಿನ ಚರ್ಚುಗಳು ಮತ್ತು ಸಿನೆಗಾಗ್‌ ಗಳನ್ನು ರಕ್ಷಿಸಲು ಮುಸ್ಲಿಮರು ಮಾನವ ಸರಪಳಿಗಳನ್ನು ರಚಿಸಿರುವ ಫೋಟೋ
 ಪೂರ್ವ ಲಡಾಕ್‌ ನಲ್ಲಿ ಚೀನಾ ಆಕ್ರಮಿಸಿಕೊಂಡಿದ್ದ ಭೂ ಪ್ರದೇಶವನ್ನು ಮರುವಶಪಡಿಸಿಕೊಂಡ ನಂತರ ವಿಶೇಷ ಗಡಿನಾಡು ಪಡೆ (ಸ್ಪೆಷಲ್‌ ಫ್ರಾಂಟಿಯರ್ ಫೋರ್ಸ್) ಸಿಬ್ಬಂದಿ ನೃತ್ಯ ಮಾಡುತ್ತಿರುವ ವಿಡಿಯೋ
 ಹಳೆಯ ರೇಡಿಯೊಗಳು ಮತ್ತು ಟಿವಿ ಸೆಟ್ ಗಳಲ್ಲಿ ‘ರೆಡ್ ಮರ್ಕ್ಯುರಿ’ (ಕೆಂಪು ಪಾದರಸ) ಅನ್ನು ಕಾಣಬಹುದು
" 2020 ರಲ್ಲಿ ಭಾರತದಲ್ಲಿ 1.9% ಜಿಡಿಪಿ ಬೆಳವಣಿಗೆಯನ್ನು ಐಎಂಎಫ್ ಅಂದಾಜಿಸಿದ್ದು, ಇದು ವಿಶ್ವ ಆರ್ಥಿಕತೆಗಳ ಪೈಕಿ ಅತಿ ಹೆಚ್ಚಿನದಾಗಿದೆ"
 ಇಸ್ರೇಲ್‌ ನಲ್ಲಿ ಟ್ರಕ್ ಮೇಲೆ ಅಯೋಧ್ಯ ರಾಮಮಂದಿರದ ಫಲಕಗಳನ್ನು ಹೊಂದಿರುವ ವಿಡಿಯೋ
 ಜಪಾನ್‌ ನ ಮೌಂಟ್ ಫ್ಯುಜಿ ಬಳಿ 2020 ರ ಒಲಿಂಪಿಕ್ ಕ್ರೀಡಾಕೂಟಕ್ಕಾಗಿ ಸಿದ್ಧಪಡಿಸಿದ ಪಟಾಕಿ ಪ್ರದರ್ಶನದ ವಿಡಿಯೋ
 ಇಸ್ರೇಲ್ ಮತ್ತು ಅರಬ್ ರಾಷ್ಟ್ರಗಳ ಒಪ್ಪಂದದ ಹಿನ್ನಲೆಯಲ್ಲಿ ಬುರ್ಜ್ ಖಲೀಫ ಕಟ್ಟಡದ ಮೇಲೆ ಇಸ್ರೇಲ್ ಬಾವುಟದ ಬೆಳಕಿನ ಪ್ರದರ್ಶನ ನಡೆದಿದೆ
 ಗೂಗಲ್‌ ಸಿಇಒ ಸುಂದರ್ ಪಿಚ್ಚೈ 27 ವರ್ಷಗಳ ನಂತರ ತಮ್ಮ ಗಣಿತ ಶಿಕ್ಷಕಿಯನ್ನು ಭೇಟಿಯಾದರು
 ಮರಗಳನ್ನು ನೆಡುವುದು ಅವರ ನಂಬಿಕೆಗೆ ವಿರುದ್ಧವಾಗಿರುವುದರಿಂದ ಪಾಕಿಸ್ತಾನದ ಪುರುಷರ ಗುಂಪು ಸಸಿಗಳನ್ನು ಬೇರುಸಹಿತ ಕಿತ್ತುಹಾಕುತ್ತದೆ
 ಉತ್ತರ ಪ್ರದೇಶದ ಪ್ರಯಾಗ್ ನಗರದಲ್ಲಿರುವ ನಾಗ ವಾಸುಕಿ ದೇವಸ್ಥಾನದಲ್ಲಿ ಕಲ್ಲಿನಲ್ಲಿ ಕೆತ್ತಿದ ಶಿಲ್ಪದ ಛಾಯಾಚಿತ್ರ
 74ನೇ ಸ್ವಾತಂತ್ರ್ಯ ದಿನಾಚರಣೆಯ ಸಂದರ್ಭದಲ್ಲಿ ಶ್ರೀನಗರದ ಲಾಲ್ ಚೌಕ್ ನಲ್ಲಿ ಭಾರತದ ತ್ರಿವರ್ಣ ಧ್ವಜವನ್ನು ಹಾರಿಸಲಾಗಿದೆ
 ರಷ್ಯಾ ಅಧ್ಯಕ್ಷ ವ್ಲಾಡಿಮಿರ್ ಪುಟಿನ್ ಅವರ ಮಗಳಿಗೆ ಲಸಿಕೆ ಹಾಕುವ ವಿಡಿಯೋ
" ರಾಜಸ್ಥಾನದ ಬಲಾಢ್ಯ ಜಾತಿಯ ಸಮೂಹವು ದಲಿತನೊಬ್ಬನಿಗೆ ಚಿತ್ರಹಿಂಸೆ ನೀಡಿ, ಬಲವಂತವಾಗಿ ಮೂತ್ರ ಕುಡಿಸಲಾಗಿದೆ"
 ಅಯೋಧ್ಯೆಯಲ್ಲಿ ನಿರ್ಮಾಣವಾಗಲಿರುವ ಬಾಬ್ರಿ ಆಸ್ಪತ್ರೆಯ ವಿನ್ಯಾಸ ಮತ್ತು ಮೊದಲ ನೋಟ
 ಅಯೋಧ್ಯೆಯ ರಾಮಮಂದಿರ ನಿರ್ಮಾಣದ ಸ್ಥಳದಲ್ಲಿ 2000 ಅಡಿ ಕೆಳಗೆ ಟೈಮ್ ಕ್ಯಾಪ್ಸುಲ್ ಹೂಳಲಾಗಿದೆ
 ವೇದಿಕೆಯೊಂದರಲ್ಲಿ ಏರ್ ಇಂಡಿಯಾ ಎಕ್ಸ್‌ಪ್ರೆಸ್ ವಿಮಾನದ ಕ್ಯಾಪ್ಟನ್ ದಿ. ದೀಪಕ್ ವಸಂತ್ ಸಾಥೆ ಅವರು ಬಾಲಿವುಡ್ ಹಾಡು ಹಾಡುತ್ತಿರುವ ವಿಡಿಯೋ
 ಕೋಳಿಕ್ಕೋಡ್ ವಿಮಾನ ನಿಲ್ದಾಣದಲ್ಲಿ ಅಪಘಾತ ಸಂಭವಿಸುವ ಮುನ್ನ ಏರ್ ಇಂಡಿಯಾ ಎಕ್ಸ್ಪ್ರೆಸ್ ವಿಮಾನದ ಕೊನೆಯ ನಿಮಿಷದ ವಿಡಿಯೋ
 ಚಾಮರಾಜನಗರ ಜಿಲ್ಲಾ ಪೊಲೀಸ್ ವರಿಷ್ಠಾಧಿಕಾರಿ ದಿವ್ಯಾ ಸಾರಾ ಥಾಮಸ್‌ರವರು ಹಿಂದೂ ದೇವಾಲಯದಲ್ಲಿ ಏಸು ಫೋಟೊ ಇಟ್ಟು ಒತ್ತಾಯವಾಗಿ ಪೂಜೆ ಮಾಡಿಸಿದ್ದಾರೆ
 ಅಯೋಧ್ಯೆಯ ಬಾಬರಿ ಮಸೀದಿಯ ಛಾಯಾಚಿತ್ರ
 ಮೂತ್ರಪಿಂಡಗಳ ಕಳವಿಗಾಗಿ ಕೋವಿಡ್-19 ನೆಪದಲ್ಲಿ 125 ರೋಗಿಗಳನ್ನು ಕೊಂದು ಮೊಸಳೆಗಳಿಗೆ ಆಹಾರ ನೀಡಿದ ವೈದ್ಯರನ್ನು ದೆಹಲಿ ಪೊಲೀಸರು ಬಂಧಿಸಿದ್ದಾರೆ
 ರಾಮಮಂದಿರ ಶಿಲಾನ್ಯಾಸ ಕಾರ್ಯಕ್ರಮಕ್ಕಾಗಿ ಮಾಡಲಾದ ಅಲಂಕಾರಗಳ ವಿಡಿಯೋ ಇದಾಗಿದೆ
 ಪ್ರಧಾನಿ ನರೇಂದ್ರ ಮೋದಿ ಇತ್ತೀಚೆಗೆ ಬಿಡುಗಡೆ ಮಾಡಿದ ‘ರಾಮಾಯಣ’ ಅಂಚೆ ಚೀಟಿಗಳ ಚಿತ್ರ
 ಭಾರತಕ್ಕೆ ಹೋಗುವಾಗ ಹಾರಾಟದ ಮಧ್ಯದಲ್ಲೇ ರಫೇಲ್ ಫೈಟರ್ ಜೆಟ್‌ಗಳಿಗೆ ಇಂಧನ ತುಂಬುವ ವಿಡಿಯೋ
 ಅಯೋಧ್ಯೆ ರಾಮ ಮಂದಿರ ನಿರ್ಮಾಣದ ಸಂಭ್ರಮವನ್ನು ಸ್ಪೇನ್‌ನಲ್ಲಿ ಭಾರತೀಯರು ಆಚರಿಸುತ್ತಿದ್ದಾರೆ
 ಮಾಸ್ಕ್ ಧರಿಸದ ಮೇಕೆ ಒಂದನ್ನು ಉತ್ತರಪ್ರದೇಶದ ಕಾನ್ಪುರ ಪೊಲೀಸರು ಬಂಧಿಸಿದ್ದಾರೆ
 ಅಯೋಧ್ಯೆಯಲ್ಲಿ ನಿರ್ಮಿಸಲಿರುವ ರಾಮ ಮಂದಿರದ ವಿನ್ಯಾಸ
 ಗುಂಡಿಗಳೇ ತುಂಬಿರುವ ರಸ್ತೆಯಲ್ಲಿ ವಾಹನಗಳು ಜಿಗಿದು ಹೋಗುವ ವಿಡಿಯೋ ಭಾರತದ್ದು
 ರಾಮ ದೇವಾಲಯದ ‘ಭೂಮಿಪೂಜೆ’ ಕಾರ್ಯಕ್ರಮದ ಸಿದ್ಧತೆಯ ಭಾಗವಾಗಿ ಅಯೋಧ್ಯೆಯಲ್ಲಿನ ಮನೆಗಳು ಮತ್ತು ಸೇತುವೆಯ ಕಂಬಗಳ ಮೇಲೆ ಹಿಂದೂ ದೇವತೆಗಳ ಚಿತ್ರಗಳನ್ನು ಬಿಡಿಸಲಾಗಿದೆ ಎನ್ನುವ ಛಾಯಾಚಿತ್ರಗಳು
 ಪ್ರಧಾನಿ ನರೇಂದ್ರ ಮೋದಿಯವರ ಕ್ಷೇತ್ರ ವಾರಣಾಸಿಯಲ್ಲಿ ಮೊಣಕಾಲು ಮಟ್ಟದ ಮಳೆನೀರು ತುಂಬಿದ ರಸ್ತೆಯ ಫೋಟೋ
 ಅಯೋಧ್ಯೆಯಲ್ಲಿ ಕಟ್ಟಲು ಉದ್ದೇಶಿಸಿರುವ ರಾಮಮಂದಿರದ ವಿನ್ಯಾಸ
 ರಾಹುಲ್ ಗಾಂಧಿ ಕ್ಷೇತ್ರ ವಯನಾಡಿನಲ್ಲಿ ಗುಂಡಿಗಳಿಂದ ತುಂಬಿದ ರಸ್ತೆಯ ಫೋಟೋ
 ರಾಮ ಮಂದಿರವನ್ನು ನಿರ್ಮಿಸಿದರೆ ಆತ್ಮಹತ್ಯೆ ಮಾಡಿಕೊಳ್ಳುತ್ತೇನೆ ಎಂದು ಕಾಂಗ್ರೆಸ್ ಮುಖಂಡ ಕಪಿಲ್ ಸಿಬಲ್ ಹೇಳಿದ್ದಾರೆ
 ಕೋವಿಡ್-19 ನ ಮೂರು ಹಂತಗಳು ಮತ್ತು ಅದರ ಚಿಕಿತ್ಸೆಗಾಗಿ ಮನೆಯಲ್ಲಿ ಇಟ್ಟುಕೊಳ್ಳಬೇಕಾದ ಪರಿಕರಗಳ ಬಗ್ಗೆ ಟಾಟಾಹೆಲ್ತ್ ಸೂಚನೆ ನೀಡಿದೆ
 ಅಸ್ಸಾಂನ ಧೈರ್ಯಶಾಲಿ ಹುಡುಗ ನಿರ್ಭಯದಿಂದ ಜಿಂಕೆ ಮರಿಯನ್ನು ನದಿ ನೀರಿನಲ್ಲಿ ಮುಳಗದಂತೆ ರಕ್ಷಿಸಿದನು
 ‘10 ಜುಲೈ 2020’ರಂದು ಗ್ಯಾಂಗ್ಸ್ಟರ್ ವಿಕಾಸ್ ದುಬೆ ಎನ್ಕೌಂಟರ್ ನಂತರ ಉತ್ತರಪ್ರದೇಶ ಪೊಲೀಸರು ಖುಷಿಯಿಂದ ನೃತ್ಯ ಮಾಡುವ ವಿಡಿಯೋ
""
 ರಷ್ಯಾ ಕೋವೀಡ್ -19 ಖಾಯಿಲೆಗೆ ಲಸಿಕೆ ಕಂಡುಹಿಡಿದಿದೆ
" ಅಯೋಧ್ಯೆಯ ಸರ್ಕಲ್‌ನಲ್ಲಿ ‘ಗದೆ, ಬಿಲ್ಲು ಮತ್ತು ಬಾಣ’ ಶಿಲ್ಪವನ್ನು ಹೊಸದಾಗಿ ನಿರ್ಮಿಸಲಾಗಿರುವ ಫೋಟೋ"
" ಜೂನ್ 15, 2020ರಂದು ಗಾಲ್ವಾನ್‌ನಲ್ಲಿ ನಡೆದ ಸಂಘರ್ಷದಲ್ಲಿ 100ಕ್ಕೂ ಹೆಚ್ಚು ಚೀನಿ ಸೈನಿಕರ ಹತ್ಯೆಯಾಗಿದೆ ಎಂದು ಚೀನಾದ ಮಾಜಿ ಮಿಲಿಟರಿ ಅಧಿಕಾರಿ ಮತ್ತು ಚೀನಾ ಕಮ್ಯುನಿಸ್ಟ್ ಪಕ್ಷದ ನಾಯಕರ ಮಗ ಜಿಯಾನ್ಲಿ ಯಾಂಗ್ ಹೇಳಿದ್ದಾರೆ"
 ಭಾರತಕ್ಕೆ ಹೋಲಿಸಿದರೆ ಇತರ ದೇಶಗಳಲ್ಲಿ ಪೆಟ್ರೋಲ್ ಬೆಲೆ ತುಂಬಾ ಕಡಿಮೆ
" ಅಮಿತಾಬ್ ಬಚ್ಚನ್ ಅವರು ಕೋವಿಡ್ -19 ಚಿಕಿತ್ಸೆಗೆ ದಾಖಲಾದ ನಂತರ ನಾನಾವತಿ ಆಸ್ಪತ್ರೆಯ ವೈದ್ಯರು, ದಾದಿಯರು ಮತ್ತು ಆರೋಗ್ಯ ಸಿಬ್ಬಂದಿಯನ್ನು ಶ್ಲಾಘಿಸುವ ವಿಡಿಯೋ"
 ಡ್ರೋಣ್ ಬಾಯ್ ಪ್ರತಾಪ್‌ನನ್ನು ವಿಜ್ಞಾನಿಯಾಗಿ DRDOಗೆ ಪ್ರಧಾನಿ ಮೋದಿಯವರು ನೇಮಿಸಿದ್ದಾರೆ
 ಭಾರತ್ ಬಯೋಟೆಕ್ ಉಪಾಧ್ಯಕ್ಷರು ಕೋವ್ಯಾಕ್ಸಿನ್ (ದೇಶೀಯ ಪ್ರಾಯೋಗಿಕ ಕೋವಿಡ್-19 ಲಸಿಕೆ) ಮೊದಲ ಡೋಸ್ ತೆಗೆದುಕೊಳ್ಳುವ ಫೋಟೋ
 ಬಿಜೆಪಿ ಮುಖಂಡ ವಿಕಾಸ್ ದುಬೆ ಕಾನ್ಪುರದಲ್ಲಿ ನಡೆದ ಎನ್ಕೌಂಟರ್ನಲ್ಲಿ 8 ಯುಪಿ ಪೊಲೀಸ್ ಸಿಬ್ಬಂದಿಯನ್ನು ಕೊಂದಿದ್ದಾರೆ
 ‘ಸೈಕಲ್ ಹುಡುಗಿ’ ಜ್ಯೋತಿ ಕುಮಾರಿ ಪಾಸ್ವಾನ್ ನಿಧನರಾಗಿದ್ದಾರೆ
 ಗಾಯಗೊಂಡ ಸೈನಿಕರ ಭೇಟಿಯ ಪ್ರಧಾನಿ ಮೋದಿ ಫೋಟೊಶೂಟ್‌ಗಾಗಿ ಲೇಹ್‌ನಲ್ಲಿ ನಕಲಿ ಆಸ್ಪತ್ರೆ ವಾರ್ಡ್ ಸ್ಥಾಪಿಸಲಾಗಿದೆ
 ಭಾರತೀಯ ಮಾಧ್ಯಮಗಳ ಪ್ರಸ್ತುತ ಸ್ಥಿತಿಯನ್ನು ಚಿತ್ರಿಸುವ ಅಮೇರಿಕನ್ ಕಾರ್ಟೂನಿಸ್ಟ್ ಬೆನ್ ಗ್ಯಾರಿಸನ್ ಅವರ ಕಾರ್ಟೂನ್‍ಗಳು
 ಬಡ್ವೈಸರ್ ಉದ್ಯೋಗಿ 12 ವರ್ಷಗಳಿಂದ ಬಿಯರ್ ಟ್ಯಾಂಕ್‍ಗಳ ಒಳಗೆ ಮೂತ್ರ ಮಾಡಿರುವುದನ್ನು ಒಪ್ಪಿಕೊಂಡಿದ್ದಾನೆ
 ಪ್ರತಿ ನಿತ್ಯ ಪೆಟ್ರೋಲ್ ಮತ್ತು ಡೀಸೆಲ್ ಬೆಲೆಗಳು ಏರುತ್ತಿರುವುದರಿಂದ ಆಕ್ರೋಶಗೊಂಡ ಜನರು ಪೆಟ್ರೋಲ್ ಪಂಪ್ ಅನ್ನು ಧ್ವಂಸಮಾಡಿದ್ದಾರೆ
 ಕರ್ನಾಟಕದ ಮೈಸೂರು ರಸ್ತೆಯಲ್ಲಿ ನಡೆದ ಅಪಘಾತದ ವಿಡಿಯೋ
 ಪಾಂಗೋಂಗ್ ಸರೋವರದ ಮೇಲೆ ಭಾರತ ಸೈನ್ಯದ ಹೆಲಿಕಾಪ್ಟರ್ ಗಳು  ಗಸ್ತು ಸುತ್ತುತ್ತಿವೆ
 ಕೊರೊನಾವೈರಸ್ ಮತ್ತು ಸೂರ್ಯಗ್ರಹಣ ದಿನದ ಸಮಯದಲ್ಲಿ ರಸ್ತೆಯ ಸಂಚಾರ ದಟ್ಟಣೆಯನ್ನು ಹೋಲಿಸುವ ಫೋಟೋ
 ಪತಂಜಲಿಯ ‘ಕೊರೊನಿಲ್’ ಅನುಮೋದನೆಯನ್ನು ತಡೆದಿದ್ದಕ್ಕೆ ಆಯುಶ್ ಸಚಿವಾಲಯ ತನ್ನ ಅಧಿಕಾರಿ ಡಾ.ಮುಜಾಹಿದ್ ಹುಸೇನ್ ಅವರನ್ನು ವಜಾಮಾಡಿದೆ
 ಸಿಪಿಐ (ಎಂ) ನಾಯಕರು ಚೀನಾವನ್ನು ಬೆಂಬಲಿಸಿ ಭಾರತೀಯ ಸೇನೆಯ ವಿರುದ್ಧ ಪ್ರತಿಭಟನೆ ನಡೆಸುತ್ತಿರುವ ಫೋಟೋಗಳು
 ಮಾಜಿ ಪ್ರಧಾನಿ ದಿವಂಗತ ಇಂದಿರಾ ಗಾಂಧಿ ಗಾಲ್ವಾನ್ ಕಣಿವೆಯಲ್ಲಿ ಸೈನಿಕರನ್ನು ಉದ್ದೇಶಿಸಿ ಮಾತನಾಡುವ ಫೋಟೋ
 ಲಡಾಖ್‌ನ ಗಾಲ್ವಾನ್ ಕಣಿವೆಯಲ್ಲಿ ಇತ್ತೀಚೆಗೆ ಭಾರತ ಮತ್ತು ಚೀನಾ ನಡುವಿನ ಘರ್ಷಣೆಯಲ್ಲಿ ಹುತಾತ್ಮರಾದ ಭಾರತೀಯ ಸೈನಿಕರ ಚಿತ್ರಗಳು
 ಲಡಾಖ್‌ನ ಗಾಲ್ವಾನ್ ಕಣಿವೆಯಲ್ಲಿ ಇತ್ತೀಚಿನ ಭಾರತ-ಚೀನಾ ಘರ್ಷಣೆಗೆ ಸಂಬಂಧಿಸಿದ ವಿಡಿಯೋ ದೃಶ್ಯಗಳು
 ಈ ವೆಂಟಿಲೇಟರ್‌ನ ಮೇಲಿರುವ ‘PM CARES’ ಸ್ಟಿಕ್ಕರ್ ಅನ್ನು ಫೋಟೋಶಾಪ್ ಮಾಡಲಾಗಿದೆ
 ಮುಂಬೈನ ಕ್ವಾರಂಟೈನ್ ಕೇಂದ್ರದಲ್ಲಿ ಜನ ಕ್ರಿಕೆಟ್ ಆಡುತ್ತಿರುವ ವಿಡಿಯೋ
 ಉತ್ತರಪ್ರದೇಶದಲ್ಲಿ ಮೇಲ್ಜಾತಿಯವರಿಗೆ ಸೇರಿದ ಬಾವಿಯಿಂದ ನೀರು ತುಂಬಿಸಿಕೊಂಡ ಕಾರಣಕ್ಕೆ ದಲಿತ ಬಾಲಕಿ ಮೇಲೆ ಹಲ್ಲೆ
 ಅಯೋಧ್ಯೆಯಲ್ಲಿ ರಾಮ ಮಂದಿರ ನಿರ್ಮಾಣಕ್ಕಾಗಿ ಉತ್ಖನನ ನಡೆಸುವಾಗ ಶಿವಲಿಂಗ ಪತ್ತೆಯಾಗಿದೆ ಎಂಬ ಚಿತ್ರ
 ಕ್ವಾರಂಟೈನ್ ಕೇಂದ್ರ ಒಂದರಲ್ಲಿ ದಲಿತ ಮಹಿಳೆ ಅಡುಗೆ ಮಾಡಿದ್ದಾರೆ ಎಂದು ಸಿರಾಜ್ ಅಹ್ಮದ್ ಮತ್ತು ಬುಜೌಲಿ ಕುರ್ದ್ ಆಹಾರ ಸೇವಿಸಲು ನಿರಾಕರಿಸಿದ್ದಾರೆ
 ಪ್ರತಿಭಟನಾಕಾರರು ಶ್ವೇತಭವನಕ್ಕೆ ನುಗ್ಗುವ ವಿಡಿಯೋ
 TRAI ಭಾರತದಲ್ಲಿ 10-ಅಂಕಿ ಮೊಬೈಲ್ ಸಂಖ್ಯೆಗಳನ್ನು 11-ಅಂಕಿಗಳಿಂದ ಬದಲಾಯಿಸಲು ಶಿಫಾರಸ್ಸು ಮಾಡಿದೆ
 ಸೂರ್ಯೋದಯದ ಫೋಟೋಗಳನ್ನು ಒರಿಸ್ಸಾದ ಕೊನಾರ್ಕ್ ದೇವಾಲಯದಲ್ಲಿ ಸೆರೆಹಿಡಿಯಲಾಗಿದೆ
" ಶಿಕ್ಷಣದಿಂದ ನಾನು ಇಂಗ್ಲಿಷ್ ವ್ಯಕ್ತಿ, ಅಂತಾರಾಷ್ಟ್ರೀಯ ದೃಷ್ಟಿಕೋನ ಹಾಗೂ ಸಾಂಸ್ಕೃತಿಕವಾಗಿ ಮುಸ್ಲಿಂ ಮತ್ತು ಆಕಸ್ಮಿಕವಾಗಿ ಹಿಂದೂ ಆಗಿ ಹುಟ್ಟಿದ್ದೇನೆ ಎಂದು ಜವಾಹರಲಾಲ್ ನೆಹರು ಹೇಳಿದ್ದಾರೆ"
 ಭಾರತದಲ್ಲಿ ಒಂದು ಕೋಟಿ ಕೋವಿಡ್-19 ರೋಗಿಗಳಿಗೆ ಸರ್ಕಾರ ಉಚಿತವಾಗಿ ಚಿಕಿತ್ಸೆ ನೀಡಿದೆ ಎಂದು ಪ್ರಧಾನಿ ಮೋದಿ ಹೇಳಿದ್ದಾರೆ
 ಸೌದಿ ಅರೇಬಿಯಾದ ಸೂಪರ್‌ ಮಾರ್ಕೆಟ್‌ನಲ್ಲಿ ಕಾಗೆಗಳು ದಾಳಿ ಮಾಡುವ ವಿಡಿಯೋ
 ಕೇಂದ್ರ ಹಣಕಾಸು ಸಚಿವ ನಿರ್ಮಲಾ ಸೀತಾರಾಮನ್ ಅವರೊಂದಿಗೆ ದಿವಂಗತ ತಮಿಳುನಾಡು ಸಿಎಂ ಜಯಲಲಿತಾ ಅವರ ಚಿತ್ರ
 ಆಂಫಾನ್ ಚಂಡಮಾರುತಕ್ಕೆ ಸಂಬಂಧಿಸಿದ ವೀಡಿಯೊಗಳು
 ಪಾಕಿಸ್ತಾನವು ಇಡೀ ಜೆ & ಕೆ ಅನ್ನು ಭಾರತದ ಭಾಗವಾಗಿ ಸ್ವೀಕರಿಸಿದೆ. ಪಾಕಿಸ್ತಾನ ಸರ್ಕಾರದ ವೆಬ್‌ಸೈಟ್‌ನಲ್ಲಿನ ನಕ್ಷೆಯು ಅದೇ ರೀತಿ ತೋರಿಸುತ್ತದೆ
 ಗೂಗಲ್ ನಕ್ಷೆಗಳು ತನ್ನ ಭಾರತ ನಕ್ಷೆಯಿಂದ ನಿಯಂತ್ರಣ ರೇಖೆಯನ್ನು ತೆಗೆದುಹಾಕಿದೆ
 ಕೆಲವು ಮಾರಾಟಗಾರರ ಹಣ್ಣಿನ ಅಂಗಡಿಗಳಲ್ಲಿ ಕೇಸರಿ ಧ್ವಜಗಳನ್ನು ಪೊಲೀಸರು ತೆಗೆದ ನಂತರ ಜಮ್ಶೆಡ್ಪುರ ನಿವಾಸಿಗಳು ತಮ್ಮ ಮೇಲ್ ಚಾವಣಿಯಲ್ಲಿ ಕೇಸರಿ ಧ್ವಜಗಳನ್ನು ಹಾಕಿದ್ದಾರೆ
 ಲಾಕ್ ಡೌನ್ ಸಮಯದಲ್ಲಿ ಕಡಿಮೆ ಮಾಲಿನ್ಯದಿಂದಾಗಿ ಬ್ರಹ್ಮ ಕಮಲ್ ಹೂವುಗಳು ಹಲವು ವರ್ಷಗಳ ನಂತರ ಅರಳುತ್ತಿವೆ
 ಮಾರುಕಟ್ಟೆಯಲ್ಲಿ ಸಾಮಾಜಿಕ ಅಂತರದ ಫೋಟೋವನ್ನು ಮಣಿಪುರದಲ್ಲಿ (ಭಾರತ) ತೆಗೆದುಕೊಳ್ಳಲಾಗಿದೆ
" ಜಪಾನ್‌ನ ನೊಬೆಲ್ ಪ್ರಶಸ್ತಿ ವಿಜೇತ ಔಷಧ ಪ್ರಾಧ್ಯಾಪಕ, ಪ್ರೊಫೆಸರ್ ಡಾ. ತಸುಕು ಹೊಂಜೊ ಅವರು ಕರೋನವೈರಸ್ ನೈಸರ್ಗಿಕವಲ್ಲ ಮತ್ತು ಚೀನಾದಿಂದ ತಯಾರಿಸಲ್ಪಟ್ಟಿದೆ ಎಂದು ಹೇಳಿದ್ದಾರೆ"
 ಭಾರತದಲ್ಲಿ ಮುಸ್ಲಿಮರು ಮೇಲ್ಛಾವಣಿಯಲ್ಲಿ ಪ್ರಾರ್ಥನೆ ಸಲ್ಲಿಸುವ ಫೋಟೋ
 ಲಾಕ್ ಡೌನ್ ಆದಾಗಿಯು ಹಳೆಯ ನಗರದಲ್ಲಿನ (ಹೈದರಾಬಾದ್) ಪರಿಸ್ಥಿತಿ
 ಆಂಧ್ರಪ್ರದೇಶ ಸರ್ಕಾರವು ಕನಿಪಕಂ ದೇವಾಲಯವನ್ನು ಕರೋನವೈರಸ್ ಶಂಕಿತರ ಕ್ವಾರ್ಟೈನ್  ಕೇಂದ್ರವನ್ನಾಗಿ ಮಾಡಿದೆ
 ದೇಶದಲ್ಲಿ ಬೀಗ ಹಾಕಿದರೂ ಬೀದಿಗಿಳಿದ ವ್ಯಕ್ತಿಯನ್ನು ಇಟಾಲಿಯನ್ ಪೊಲೀಸರು ಕೆಳಗಿಳಿಸುವ ವಿಡಿಯೋ
  ಇಟಲಿಯ ಕರೋನವೈರಸ್ ರೋಗಿಗಳನ್ನು ಉಳಿಸಲು ಸಾಧ್ಯವಿಲ್ಲ ಎಂದು ಇಟಲಿಯ ಪ್ರಧಾನ ಮಂತ್ರಿ ಅಳುತ್ತಾ ತನ್ನ ಅಸಹಾಯಕತೆಯನ್ನು ವ್ಯಕ್ತಪಡಿಸಿದ ಫೋಟೋ
""
ಲಾಕ್‌ಡೌನ್ ಸಮಯದಲ್ಲಿ ಗುಜರಾತ್‌ನ ಭುಜ್ ಮಂದಿರದಲ್ಲಿ ರಾಮ್ ನವಮಿ (2 ಏಪ್ರಿಲ್ 2020 ರಂದು) ಅವರ ಗ್ರ್ಯಾಂಡ್‌ಲೆಬ್ರೇಷನ್ ಫೋಟೋಗಳು
COVID-19 ಗಾಗಿ ಯುಎಸ್ ವಿಜ್ಞಾನಿಗಳು ಅಭಿವೃದ್ಧಿಪಡಿಸಿದ ಲಸಿಕೆಯ ಫೋಟೋ
 ಅಯೋಧ್ಯೆಯಲ್ಲಿ ನಿರ್ಮಿಸಲಿರುವ ರಾಮ ದೇವಾಲಯದ ವಿನ್ಯಾಸ
 2019 ರ ಕಾದಂಬರಿ ಕೊರೊನಾವೈರಸ್ ಅನ್ನು ತಾಜಾ ಕುದಿಸಿದ ಒಂದು ಬಟ್ಟಲು ಬೆಳ್ಳುಳ್ಳಿ ನೀರಿನಿಂದ ಗುಣಪಡಿಸಬಹುದು
 ಚೀನಾದಲ್ಲಿನ ಕೊರೊನಾವೈರಸ್ ರೋಗಿಗಳನ್ನು ಹೆದ್ದಾರಿಯಲ್ಲಿ ಅಧಿಕಾರಿಗಳು ಹಿಡಿಯುತ್ತಿದ್ದಾರೆ
 ತನ್ನ ಹಿಂದೂ ಉದ್ಯೋಗದಾತರ ಮನೆಯಲ್ಲಿ ಅಡುಗೆ ಮಾಡುವಾಗ ಮೂತ್ರ ಮತ್ತು ಉಗುಳುವಿಕೆಯನ್ನು ಬೆರೆಸುತಿರುವಾಗ ಸಿಸಿಟಿವಿಯಲ್ಲಿ ‘ಹಸೀನಾ’ ಎಂಬ ಮುಸ್ಲಿಂ ಮನೆಗೆಲಸದವಳು ಸಿಕ್ಕಿಬಿದ್ದಿದ್ದಾಳೆ
 ಇತ್ತೀಚಿನ ದೆಹಲಿ ಗಲಭೆಯ ಸಂದರ್ಭದಲ್ಲಿ ಎಎಪಿ ಕೌನ್ಸಿಲರ್ ತಾಹಿರ್ ಹುಸೇನ್ ಅವರ ಮನೆಯೊಳಗೆ ಮುಸ್ಲಿಮರಿಂದ ಅತ್ಯಾಚಾರಕ್ಕೊಳಗಾದ ಹುಡುಗಿಯ ಕೊಲೆ
 ಸರ್ಕಾರಿ ಶಾಲೆಗಳಲ್ಲಿ ಓದುತ್ತಿರುವ ಮಕ್ಕಳಿಗೆ (ವಯಸ್ಸು 5-16 ವರ್ಷ) ‘ಪ್ರಧಾನ್ ಮಂತ್ರಿ ಶಿಶು ವಿಕಾಸ್ ಯೋಜನೆ’ ಯೋಜನೆಯಡಿ ವಿತ್ತೀಯ ಲಾಭಗಳು
" ಫೆಬ್ರವರಿ 24 ರಂದು ಜಾಫ್ರಾಬಾದ್ ಬಂದೂಕು ಗುಂಡಿನ ದಾಳಿಯಲ್ಲಿ ‘ಅನುರಾಗ್ ಮಿಶ್ರಾ’ ಎಂಬ ವ್ಯಕ್ತಿ ಭಾಗಿಯಾಗಿದ್ದರೆ, ಕೆಲವು ಪ್ರಚಾರಕರು ಶೂಟರ್ ಹೆಸರು ‘ಶಾರುಖ್’ ಎಂದು ಹಂಚಿಕೊಳ್ಳುತ್ತಿದ್ದಾರೆ"
 ಟಾಟಾ ಗ್ರೂಪ್ ಆಫ್ ಕಂಪೆನಿಗಳು ಈಗಿನಿಂದ ಯಾವುದೇ ಜೆಎನ್‌ಯು ವಿದ್ಯಾರ್ಥಿಗಳನ್ನು ನೇಮಕ ಮಾಡುವುದಿಲ್ಲ ಎಂದು ರತನ್ ಟಾಟಾ ಪ್ರಕಟಿಸಿದೆ
 ತಮಿಳುನಾಡಿನಲ್ಲಿ 300 ವರ್ಷಗಳ ಕಾಲ ಸಮಾಧಿಯಲ್ಲಿದ್ದ ನಂತರ ಜೀವಂತವಾಗಿ ಪತ್ತೆಯಾದ ಯೋಗಿಯ ವಿಡಿಯೋ
 ದೆಹಲಿ ವಿಧಾನಸಭಾ ಚುನಾವಣೆ 2020 ರಲ್ಲಿ ಬಿಜೆಪಿ 1000 ಸ್ಥಾನಗಳಿಗಿಂತ ಕಡಿಮೆ ಅಂತರದಿಂದ 27 ಸ್ಥಾನಗಳನ್ನು ಕಳೆದುಕೊಂಡಿತು
 ತಮಿಳು ಭಿಕ್ಷುಕರೊಂದಿಗೆ ಮಂಗಳೂರಿನಲ್ಲಿ ಕಾಣಿಸಿಕೊಂಡ ಹುಡುಗಿಯ ಫೋಟೋ
 ಈ ‘ಸುರಗಾ’ ಹಕ್ಕಿಯ ಪೋಸ್ಟ್ ಮಾಡಿದ ವೀಡಿಯೊವನ್ನು 19 ಛಾಯಾಗ್ರಾಹಕರು 62 ದಿನಗಳ ಕಾಲ ಸೆರೆಹಿಡಿಯಲು ಶ್ರಮಿಸಿದರು
 ಅಯೋಧ್ಯೆಯಲ್ಲಿ ರಾಮ್ ದೇವಾಲಯ ನಿರ್ಮಾಣಕ್ಕಾಗಿ ನೀತಾ ಅಂಬಾನಿ ಚಿನ್ನ ಮತ್ತು ಬೆಳ್ಳಿ ಆಭರಣಗಳನ್ನು ದಾನ ಮಾಡಿದ್ದಾರೆ
 ಚೀನಾದ ಹುಬೈನಲ್ಲಿ ಅನೇಕ ಚಾವಣಿಗಳ ಅಂಚುಗಳ ಕೆಳಗೆ ಬಾವಲಿಗಳ ವಿಡಿಯೋ ಕಂಡುಬಂದಿದೆ. ಅದು ಕೊರೊನಾವೈರಸ್ನ ಮೂಲವಾಗಿದೆ
 ಇತ್ತೀಚಿನ ಕೊರೊನಾವೈರಸ್ ಹಠಾತ್ ಸಂಭವೀಸಿದ ಸಂಬಂಧಿಸಿದ ವೀಡಿಯೊ
 ವುಹಾನ್ (ಚೀನಾ) ನ ಪ್ರಾಣಿ ಮಾರುಕಟ್ಟೆಯ ವಿಡಿಯೋ
 ಕೊರೊನಾವೈರಸ್ ರೋಗಿಗಳಿಗಾಗಿ ಚೀನಾ ಸ್ಥಾಪಿಸಿದ ಹೊಸ ಆಸ್ಪತ್ರೆಯ ವಿಡಿಯೋ
" ಚೀನಾದ ಲುಪ್ಪೊ, ತಮ್ಮ ಕೇಕ್ಗಳಲ್ಲಿ ಮಾತ್ರೆಗಳನ್ನು ಮರೆಮಾಡುತ್ತದೆ, ಇದು ಮಕ್ಕಳಲ್ಲಿ ಪಾರ್ಶ್ವವಾಯುವಿಗೆ ಕಾರಣವಾಗುತ್ತದೆ"
 ಅಸ್ಸಾಂನ ಎನ್‌ಆರ್‌ಸಿ ಪಟ್ಟಿಯಲ್ಲಿ ಸೇರದ ಜನರ ಮನೆಗಳನ್ನು ನೆಲಸಮ ಮಾಡುವುದು
 ಸಿಎಎ ಮತ್ತು ಎನ್‌ಆರ್‌ಸಿಯನ್ನು ಬೆಂಬಲಿಸಿ ಕೇರಳದ ಜನರು ಬಿಜೆಪಿ ಮತ್ತು ಆರ್‌ಎಸ್‌ಎಸ್ ಬೈಕ್ ರಾಲಿಯ ಮೇಲೆ ದಾಳಿ ಮಾಡಿದ ವಿಡಿಯೋ
 ಐಶೆ ಘೋಷ್ ನಕಲಿ ಕೈ ಗಾಯ. ಎರಡು ಫೋಟೋಗಳು ವಿಭಿನ್ನ ಕೈಗಳಲ್ಲಿ ಬ್ಯಾಂಡೇಜ್ ಅನ್ನು ತೋರಿಸುತ್ತವೆ
 ಅಪರಾಧಿಗಳ ಹೆಸರನ್ನು ‘ಚಪಾಕ್’ಚಲನಚಿತ್ರದಲ್ಲಿ ಹಿಂದೂ ಹೆಸರಾಗಿ (‘ರಾಜೇಶ್ / ರಾಕೇಶ್’) ಬದಲಾಯಿಸಲಾಗಿದೆ
 ರಾಹುಲ್ ಮತ್ತು ರಾಜೀವ್ ಗಾಂಧಿ ಇಂದಿರಾಗಾಂಧಿ ಅವರ ದೇಹದ ಮುಂದೆ ಇಸ್ಲಾಮಿಕ್ ಪ್ರಾರ್ಥನೆ ಸಲ್ಲಿಸುತ್ತಿದ್ದಾರೆ
 ಅಸ್ಸಾಂನ ಎಬಿವಿಪಿ ಪುರುಷರು ಸಿಎಎ ಮತ್ತು ಎನ್‌ಆರ್‌ಸಿ ವಿರುದ್ಧ ‘ನಾವು ಎನ್‌ಆರ್‌ಸಿ ಮತ್ತು ಸಿಎಎಗೆ ಬೆಂಬಲ ನೀಡುವುದಿಲ್ಲ’ ಎಂಬ ಪಠ್ಯದೊಂದಿಗೆ ಫ್ಲೆಕ್ಸಿ ಹಿಡಿದು ಪ್ರತಿಭಟಿಸುತ್ತಿದ್ದಾರೆ
 ಎನ್ಆರ್ಸಿ ವಿರುದ್ಧ ಪ್ರತಿಭಟಿಸಿದ್ದಕ್ಕಾಗಿ ಜೈಲಿನಲ್ಲಿದ್ದ ಮಹಿಳೆಯೊಬ್ಬಳು ಬನಾರಸ್ (ವಾರಣಾಸಿ) ನ ಬಂಧನ ಕೇಂದ್ರವೊಂದರಲ್ಲಿ ಬೇಲಿಯ ಮೂಲಕ ಮಗುವಿಗೆ ಹಾಲುಣಿಸುತ್ತಿದ್ದ ಮಹಿಳೆಯೊಬ್ಬಳ ಚಿತ್ರ 
 ಸಿಎಎ ವಿರೋಧಿ ಪ್ರತಿಭಟನೆಯಲ್ಲಿ ಸಿಖ್ ಆಗಿ ಧರಿಸಿದ್ದ ಮುಸ್ಲಿಂ ವ್ಯಕ್ತಿಯನ್ನು ಪೊಲೀಸರು ಹಿಡಿದಿದ್ದಾರೆ
 ಆಯಿಷಾ ರೆನ್ನಾ ವಿವಿಧ ರಾಜ್ಯಗಳಲ್ಲಿ ವಿವಿಧ ದಿನಾಂಕಗಳಲ್ಲಿ ಪ್ರತಿಭಟನೆ ನಡೆಸುತ್ತಿರುವ ಫೋಟೋಗಳು
 ನವದೆಹಲಿಯ ಜಾಮಿಯಾ ಮಿಲಿಯಾ ಇಸ್ಲಾಮಿಯಾ ವಿಶ್ವವಿದ್ಯಾಲಯದಲ್ಲಿ ನಡೆದ ಪ್ರತಿಭಟನೆಯ ಸಂದರ್ಭದಲ್ಲಿ ಪುರುಷ ವಿದ್ಯಾರ್ಥಿಯೊಬ್ಬ ಸ್ತ್ರೀಯಾಗಿ ವೇಷ ಧರಿಸಿದ ಚಿತ್ರ
 ಜಾಮಿಯಾ ಮಿಲಿಯಾ ಇಸ್ಲಾಮಿಯಾ ವಿಶ್ವವಿದ್ಯಾಲಯದ ವಿದ್ಯಾರ್ಥಿನಿ ಶಕೀರ್ ಸಿಎಎ ವಿರುದ್ಧದ ಪ್ರತಿಭಟನೆಯ ಸಂದರ್ಭದಲ್ಲಿ ನಿಧನರಾದರು
 ಅಯ್ಯಪ್ಪ ಮಾಲಾ ಧರಿಸಿದ್ದಕ್ಕೆ ಶಿಕ್ಷೆಯಾಗಿ ಆಸಿಡ್‌ನೊಂದಿಗೆ ಶೌಚಾಲಯಗಳನ್ನು ಸ್ವಚ್ಛಗೊಳಿಸುವಂತೆ ಮಾಡಿದ ತಮಿಳುನಾಡಿನ ಹುಡುಗನ ಚಿತ್ರ
 ‘ಕಬರ್ ಬಿಜ್ಜು’ ಪ್ರಾಣಿ ಮನುಷ್ಯರಂತೆ ಅಳುವುದು ವಿಡಿಯೋ
 ಅಯೋಧ್ಯೆಯಲ್ಲಿ ರಾಮ್ ಮಂದಿರ ನಿರ್ಮಾಣಕ್ಕಾಗಿ ಮುಖೇಶ್ ಅಂಬಾನಿ ರೂ.500 ಕೋಟಿ ದೇಣಿಗೆ ನೀಡಿದ ಚಿತ್ರ
 ವೃದ್ಧಾಪ್ಯದ ಜವಾಹರಲಾಲ್ ನೆಹರು ವಿಶ್ವವಿದ್ಯಾಲಯ (ಜೆಎನ್‌ಯು) ವಿದ್ಯಾರ್ಥಿಯ ಪ್ರತಿಭಟನೆ
