,news,source,label
0,ಪ್ರಧಾನಿ ಮೋದಿ ಪ್ರಶಸ್ತಿ ಸ್ವೀಕರಿಸುತ್ತಿರುವ ಹಳೆಯ ವೀಡಿಯೊವನ್ನು ಇತ್ತೀಚಿನದ್ದು ಎಂದು ಹಂಚಿಕೆ,factly,0
1,"ಪೊಲೀಸರ ಮೇಲೆ ಉಗುಳಿರುವ ಮಹಿಳೆ ನೆಟ್ಟ ಡಿಸೋಜಾ, ತೀಸ್ತಾ ಸೆಟಲ್ವಾಡ್ ಅಲ್ಲ",factly,0
2,ಸೋನಿಯಾ ಗಾಂಧಿಯೊಂದಿಗೆ ಇರುವುದು ನ್ಯಾಯಮೂರ್ತಿ ಕೆ.ಜಿ. ಬಾಲಕೃಷ್ಣನ್ ಹೊರತು ಜೆ.ಬಿ.ಪರ್ದಿವಾಲಾ ಅಲ್ಲ,factly,0
3,ಮಧುರೈ ಚಿತ್ತಿರೈ ಉತ್ಸವಕ್ಕೆ ಸಂಬಂಧಿಸಿದ ಹಳೆಯ ವೀಡಿಯೊವನ್ನು ಜಗನ್ನಾಥ ರಥಯಾತ್ರೆ ಎಂದು ಹಂಚಿಕೆ,factly,0
4,ಸುಪ್ರೀಂ ಕೋರ್ಟ್ ಜಡ್ಜ್ ಸೂರ್ಯ ಕಾಂತ್ ಜೊತೆಯಲ್ಲಿ ಪತ್ರಕರ್ತರ ಔತಣ ಕೂಟ ಎಂಬುದು ಸುಳ್ಳು,factly,0
5,ನೀರಿನಲ್ಲಿ ಕೊಚ್ಚಿ ಹೋಗುತ್ತಿದ್ದ ಇಬ್ಬರು ಮಕ್ಕಳನ್ನುಕಾಪಾಡಿದ ವ್ಯಕ್ತಿ ಮಕ್ಕಳ ತಂದೆಯಲ್ಲ,factly,0
6,ದೇವಸ್ಥಾನದ ಅರ್ಚಕರಿಂದ ಹಲ್ಲೆಗೊಳಗಾದ ವ್ಯಕ್ತಿ ಕ್ರಿಶ್ಚಿಯನ್ ಅಲ್ಲ,factly,0
7,ರಾಮ ನನ್ನ ಆದರ್ಶ ಎಂದು ಅಜಂ ಖಾನ್ ಹೇಳಿಕೆಯ ಹಳೆಯ ವಿಡಿಯೊವನ್ನು ಇ‍ತೀಚಿನದ್ದು ಎಂದು ಹಂಚಿಕೆ,factly,0
8,ಸ್ಮಾರ್ಟ್‌ವಾಚ್ ಬಳಸಿ ಫಾಸ್ಟ್‌ಟ್ಯಾಗ್ ಹಣ ಲೂಟಿ ಮಾಡಲಾಗಿದೆ ಎಂಬುದು ನಾಟಕೀಯ ವಿಡಿಯೊ,factly,0
9,ಉದ್ದವ್ ಠಾಕ್ರೆ ಕಚೇರಿಯಲ್ಲಿ ಮೊದಲಿನಿಂದಲೂ ಶಿವಾಜಿ ಮತ್ತು ಬಾಳ್ ಠಾಕ್ರೆ ಫೋಟೋಗಳು ಇದ್ದವು,factly,0
10,ಪ್ರತಿಭಟನೆಯಲ್ಲಿ ಗುಂಡು ಹಾರಿಸಿದ ಮುಸ್ಲಿಮರು ಎಂದು ಹಳೆಯ ವಿಡಿಯೋ ಹಂಚಿಕೊಂಡ ಬಲಪಂಥೀಯ ಬೆಂಬಲಿಗರು,factly,0
11,ಮುಸ್ಲಿಮರು ರಾಸಾಯನಿಕ ಬಳಸಿ ಆಹಾರವನ್ನು ಮಾರಾಟ ಮಾಡಿ ಎಂದು ದಾರುಲ್-ಉಲೂಮ್ ದಿಯೋಬಂದ್ ‘ಫತ್ವಾ’ ಹೊರಡಿಸಿಲ್ಲ,factly,0
12,“ಹೇಗಿದೆ ಜೋಶ್?” ಎಂಬ ನೂಪುರ್ ಶರ್ಮಾರವರ ಹಳೆಯ ವಿಡಿಯೋವನ್ನು ಇತ್ತೀಚಿನದ್ದು ಎಂದು ತಪ್ಪಾಗಿ ಹಂಚಿಕೊಳ್ಳಲಾಗಿದೆ,factly,0
13,ನೂಪುರ್ ಶರ್ಮಾ ಹೇಳಿಕೆಯನ್ನು 34 ರಾಷ್ಟ್ರಗಳು ಬೆಂಬಲಿಸಿವೆ ಎಂಬುದು ಸುಳ್ಳು,factly,0
14,ಹಳೆಯ ಸಂಬಂಧವಿಲ್ಲದ ವೀಡಿಯೊವನ್ನು ನೂಪುರ್ ಶರ್ಮಾರನ್ನು ಬೆಂಬಲಿಸಿ ನಾಗಾ ಸಾಧುಗಳ ರ್ಯಾಲಿ ಎಂದು ಹಂಚಿಕೊಳ್ಳಲಾಗುತ್ತಿದೆ,factly,0
15,ಗಲ್ಫ್ ಕಂಪನಿಗಳು ಭಾರತೀಯ ಕಾರ್ಮಿಕರನ್ನು ವಾಪಸ್ ಕಳುಹಿಸುತ್ತಿದ್ದಾರೆ ಎಂಬುದು ಸುಳ್ಳು,factly,0
16,ರಾಜಸ್ಥಾನ ಮುಖ್ಯಮಂತ್ರಿ ಅಶೋಕ್ ಗೆಹ್ಲೋಟ್ ಹೇಳಿಕೆಯ ವಿಡಿಯೊವನ್ನು ಎಡಿಟ್ ಮಾಡಲಾಗಿದೆ,factly,0
17,ಹಿಜಾಬ್ ಧರಿಸಿದ ಮೊದಲ ನ್ಯಾಯಾಧೀಶೆ ರಫಿಯಾ ಅರ್ಷದ್ ಬ್ರಿಟನ್‌ನವರು ಹೊರತು ಅಮೆರಿಕದವರಲ್ಲ,factly,0
18,ಅಳುತ್ತಿರುವ ಮಹಿಳೆ ಯಾಸಿನ್ ಮಲಿಕ್ ಪತ್ನಿ ಅಲ್ಲ,factly,0
19,RSSನ ಮೋಹನ್ ಭಾಗವತ್‌ರನ್ನು ಓವೈಸಿ ಭೇಟಿ ಆಗಿದ್ದಾರೆ ಎಂಬುದು ಎಡಿಟ್ ಮಾಡಲಾದ  ಫೋಟೋ,factly,0
20,ರಾಮಮಂದಿರದ  ಅಧಿಕೃತ 3D ದೃಶ್ಯಾವಳಿಗಳು ಎಂದು ಬೇರೆ ವಿಡಿಯೋಗಳನ್ನು ಹಂಚಿಕೊಳ್ಳಲಾಗಿದೆ,factly,0
21,ಬೆಂಕಿ ಜ್ವಾಲೆಯಲ್ಲಿ ಸಿಲುಕಿದ್ದವರನ್ನು ರಕ್ಷಿಸಿದ್ದ ಸಂರಕ್ಷಕ ದಯಾನಂದ ತಿವಾರಿ ಅವರನ್ನು ಮಾಧ್ಯಮಗಳು ನಿರ್ಲಕ್ಷಿಸಿವೆ ಎಂಬುದು ಸುಳ್ಳು,factly,0
22,ಶ್ರೀಕಾಕುಳಂ ತೀರದಲ್ಲಿ ಕಂಡುಬಂದಿರುವ ರಥವು ಚಿನ್ನದ ಬಣ್ಣದ್ದಾಗಿದೆ ಆದರೆ ಚಿನ್ನದಿಂದ ಮಾಡಲಾಗಿಲ್ಲ,factly,0
23,ಕಾಶಿಯಲ್ಲಿ ಇತ್ತೀಚಿನ ಆಚರಣೆಗಳು ಎಂದು ಸಂಬಂಧವಿಲ್ಲದ ಹಳೆಯ ವೀಡಿಯೊವನ್ನು ಹಂಚಿಕೊಳ್ಳಲಾಗಿದೆ,factly,0
24,ಜ್ಞಾನವಾಪಿ ಮಸೀದಿಯಲ್ಲಿ ಕಂಡುಬರುವ ‘ಶಿವಲಿಂಗ’ದ ದೃಶ್ಯಗಳೆಂದು ಸಂಬಂಧವಿಲ್ಲದ ಚಿತ್ರಗಳನ್ನು ತಪ್ಪಾಗಿ ಹಂಚಿಕೊಳ್ಳಲಾಗುತ್ತಿದೆ,factly,0
25,ರಷ್ಯಾದ ಬೀದಿಗಳಲ್ಲಿ ಮುಸ್ಲಿಮರು ನಮಾಜ್ ಸಲ್ಲಿಸುತ್ತಿರುವ ದೃಶ್ಯಗಳನ್ನು ಫ್ರಾನ್ಸ್ ಎಂದು ತಪ್ಪಾಗಿ ಹಂಚಿಕೊಳ್ಳಲಾಗಿದೆ,factly,0
26,ಸೆಂಟ್ರಲ್ ಬ್ಯಾಂಕ್ ಆಫ್ ಇಂಡಿಯಾ ತನ್ನ 600 ಶಾಖೆಗಳನ್ನು ಮಾರ್ಚ್ 2023 ರ ಅಂತ್ಯದ ವೇಳೆಗೆ ಮುಚ್ಚುವುದಾಗಿ ಘೋಷಿಸಿಲ್ಲ,factly,0
27,ಪ್ರಧಾನಿ ಮೋದಿ ಕುಡಿದಿದ್ದಾರೆ ಎಂದು ತಪ್ಪಾಗಿ ಬಿಂಬಿಸಲಾಗಿದೆ,factly,0
28,ಪಶ್ಚಿಮ ಬಂಗಾಳದ ಹಳೆಯ ವೀಡಿಯೊವನ್ನು ಮುಂಬೈನ ರಸ್ತೆಯೊಂದರಲ್ಲಿ ಜನರು ಆಜಾನ್ ಪಠಿಸುವ ಇತ್ತೀಚಿನ ವೀಡಿಯೊ ಎಂದು ತಪ್ಪಾಗಿ ಹಂಚಿಕೊಳ್ಳಲಾಗಿದೆ,factly,0
29,ಆಂಧ್ರ ಪ್ರದೇಶದ ವೈಎಸ್ ಜಗನ್ ಮೋಹನ್ ರೆಡ್ಡಿ ಅವರ ಸರ್ಕಾರದ ವಿರುದ್ದ ತಿರುಮಲ ದೇವಸ್ಥಾನದ ಪ್ರಧಾನ ಅರ್ಚಕ ಆರೋಪ ಮಾಡಿದ್ದಾರೆ ಎಂಬುದು ಸುಳ್ಳು,factly,0
30,ವ್ಯಕ್ತಿಯೊಬ್ಬ ಹೊಂಡಕ್ಕೆ ಬಿದ್ದು ಸಂಪೂರ್ಣವಾಗಿ ಮುಳುಗಿ ಹೋದಂತೆ ಕಾಣುವುದು ಎಡಿಟ್ ಮಾಡಿರುವ ವಿಡಿಯೋ,factly,0
31,ಕರ್ನಾಟಕದ ಮಂಗಳೂರಿನ ಜೀನತ್ ಬಕ್ಷ್ ಮಸೀದಿಯನ್ನು ಹಿಂದೂ ದೇವಾಲಯದ ಮೇಲೆ ನಿರ್ಮಿಸಲಾಗಿಲ್ಲ,factly,0
32,ಮಿರ್ಜಾಪುರದಲ್ಲಿ ಎರಡು ಮುಸ್ಲಿಂ ಕುಟುಂಬಗಳ ನಡುವಿನ ವಿವಾದವನ್ನು ಕೋಮು ವೈಷಮ್ಯದ ನಿರೂಪಣೆಯೊಂದಿಗೆ ಹಂಚಿಕೊಳ್ಳಲಾಗಿದೆ,factly,0
33,ಭಗವಂತ್ ಮಾನ್‌ರವರ ಹಳೆಯ ಫೋಟೋವನ್ನು ಬೈಕ್ ಕದ್ದಿದ್ದರು ಎಂದು ತಪ್ಪಾಗಿ ಹಂಚಿಕೊಳ್ಳಲಾಗಿದೆ,factly,0
34,ಜಮ್ಮು ಕಾಶ್ಮೀರದ ಪತ್ರಕರ್ತ ಸೋಪೋರ್‌ನ ಸಿಆರ್‌ಪಿಎಫ್ ಶಿಬಿರದ ಮೇಲೆ ಬಾಂಬ್ ಎಸೆದಿಲ್ಲ. ಆಕೃತ್ಯ ಎಸಗಿಸವರು ಬುರ್ಖಾಧಾರಿ ಮಹಿಳೆ ಹಸೀನಾ ಅಖ್ತರ್,factly,0
35,ಆಮ್ ಆದ್ಮಿ ಪಕ್ಷದ ರಾಜ್ಯಸಭಾ ಸಂಸದ ರಾಘವ್ ಚಡ್ಡಾ ಅವರ ಮೂಲ ಫೋಟೋವನ್ನು ಎಡಿಟ್ ಮಾಡಲಾಗಿದೆ,factly,0
36,ಭದ್ರತಾ ಕಾರಣಕ್ಕೆ 2017 ರಲ್ಲಿಯೇ ರಾಷ್ಟ್ರಪತಿಗಳ ಮಗಳನ್ನು ಏರ್ ಇಂಡಿಯಾ ಫ್ಲೈಟ್ ಅಟೆಂಡೆಂಟ್ ಹುದ್ದೆಯಿಂದ ಕಚೇರಿಯ ಆಂತರಿಕ ವ್ಯವಹಾರಗಳ ವಿಭಾಗಕ್ಕೆ ನಿಯೋಜಿಸಲಾಗಿದೆ,factly,0
37,ಪಾಕಿಸ್ತಾನದಲ್ಲಿ ಹಿಂದೂ ದೇವಾಲಯ ಧ್ವಂಸಗೊಳಿಸುವ ವಿಡಿಯೊವನ್ನು ಬಾಂಗ್ಲಾದೇಶದ್ದು ಎಂದು ತಪ್ಪಾಗಿ ಹಂಚಿಕೆ,factly,0
38,ನಾಸಿಕ್‌ನ ಥಿಯೇಟರ್‌ನಲ್ಲಿ ‘ದಿ ಕಾಶ್ಮೀರ್ ಫೈಲ್ಸ್’ ಚಿತ್ರದ ಪ್ರದರ್ಶನದ ವೇಳೆ ನಡೆದ ಘಟನೆಯನ್ನು ಸುಳ್ಳು ಕೋಮು ನಿರೂಪಣೆಯೊಂದಿಗೆ ಹಂಚಿಕೊಳ್ಳಲಾಗಿದೆ,factly,0
39,‘ಕುಶ್ವಂತ್ ಸಿಂಗ್ ಅವರ ಜೋಕ್ ಬುಕ್ 9’ ನ ಕಾಲ್ಪನಿಕ ಕಥೆಯನ್ನು ವಿಶ್ವಸಂಸ್ಥೆಯಲ್ಲಿ ವಾಜಪೇಯಿಯವರ ಭಾಷಣವೆಂದು ತಪ್ಪಾಗಿ ಹಂಚಿಕೊಳ್ಳಲಾಗಿದೆ,factly,0
40,ಉತ್ತರ ಪ್ರದೇಶದಲ್ಲಿ ಪಾಕಿಸ್ತಾನ್ ಜಿಂದಾಬಾದ್ ಎಂದು ಘೋಷಣೆ ಕೂಗಿದ್ದಾರೆ ಎಂಬುದು ಸುಳ್ಳು,factly,0
41,ನರೇಂದ್ರ ಮೋದಿ ನೇತೃತ್ವದ ಸರ್ಕಾರ ಅಧಿಕಾರಕ್ಕೆ ಬಂದ ನಂತರ ಕಾಶ್ಮೀರ ಸುರಕ್ಷಿತವಾಗಿದೆ ಎಂಬುದಕ್ಕೆ ಆಧಾರಗಳಿಲ್ಲ,factly,0
42,ಯೋಗಿ ಆದಿತ್ಯನಾಥ್ ತನ್ನ ಹಣೆಗೆ ಇಟ್ಟುಕೊಂಡ ತಿಲಕ ಹೋಲಿಕಾ ದಹನದ್ದು ಹೊರತು ಹುತಾತ್ಮ ಸೈನಿಕನ ಚಿತಾಭಸ್ಮವಲ್ಲ,factly,0
43,ಭಾರತ ಸರ್ಕಾರವು ಧರ್ಮದ ಆಧಾರದ ಮೇಲೆ ಅಪರಾಧಿಗಳ ಅಂಕಿಅಂಶಗಳು ಮತ್ತು ತೆರಿಗೆ-ಸಂಬಂಧಿತ ಡೇಟಾವನ್ನು ಬಿಡುಗಡೆ ಮಾಡುವುದಿಲ್ಲ,factly,0
44,ಕಾಶ್ಮೀರಿ ಪಂಡಿತರಿಗೆ ಸಿನಿಮಾ ನಿರ್ದೇಶಕ ವಿವೇಕ್ ಅಗ್ನಿಹೋತ್ರಿ ಮನೆ ನಿರ್ಮಿಸಿಕೊಡುತ್ತಾರೆ ಎಂಬುದು ಸುಳ್ಳು,factly,0
45,ದಿ ಕಾಶ್ಮೀರ್ ಫೈಲ್ಸ್ ಸಿನಿಮಾ ನೋಡುವಾಗ ಯುಪಿ ಸಿಎಂ ಯೋಗಿ ಆದಿತ್ಯನಾಥ್ ಕಣ್ಣೀರು ಹಾಕಿದರು ಎಂದು ಹಳೆಯ ವಿಡಿಯೋ ಹಂಚಿಕೊಳ್ಳಲಾಗುತ್ತಿದೆ,factly,0
46,2022ರ ಯುಪಿ ಚುನಾವಣೆಯಲ್ಲಿ ಮತಗಟ್ಟೆ ಏಜೆಂಟ್ ಮತದಾನವನ್ನು ತಿರುಚುತ್ತಿರುವ ಇತ್ತೀಚಿನ ದೃಶ್ಯಗಳೆಂದು 2019 ರ ವೀಡಿಯೋವನ್ನು ಹಂಚಿಕೊಳ್ಳಲಾಗಿದೆ,factly,0
47,ಕುತುಬ್ ಮಿನಾರ್ ಅನ್ನು ಜನೌಷಧಿ ದಿನದ ಗೌರವಾರ್ಥವಾಗಿ ಅಲಂಕರಿಸಲಾಯಿತೆ ಹೊರತು ರಷ್ಯಾದ ಬೆಂಬಲಕ್ಕಾಗಿ ಅಲ್ಲ,factly,0
48,ಪಾಕಿಸ್ತಾನದ ಸಂಸತ್‌ ನಲ್ಲಿ ಮೋದಿ ಜಿಂದಾಬಾದ್‌ ಎಂದು ಘೋಷಣೆ ಕೂಗಿಲ್ಲ,factly,0
49,ಮಾಜಿ ಮಿಸ್ ಉಕ್ರೇನ್ ಅನಸ್ತಾಸಿಯಾ ಲೆನ್ನಾ ರಷ್ಯಾದ ಸೈನ್ಯದ ವಿರುದ್ಧ ಹೋರಾಡಲು ಉಕ್ರೇನ್ ಸೈನ್ಯಕ್ಕೆ ಸೇರಲಿಲ್ಲ,factly,0
50,ಉಕ್ರೇನ್‌ನಿಂದ ಭಾರತೀಯರನ್ನು ಸ್ಥಳಾಂತರಿಸುವಾಗ ರಷ್ಯಾ ಅಧ್ಯಕ್ಷ ವ್ಲಾಡಿಮಿರ್ ಪುಟಿನ್ ವಿಮಾನದೊಳಗೆ ಪ್ರವೇಶಿಸಿದ್ದಾರೆ ಎಂಬುದು ಸುಳ್ಳು,factly,0
51,"ವಿಡಿಯೋ ಗೇಮ್ ಪಾತ್ರದ ವೀಡಿಯೊವನ್ನು, ಚೀನಾ ನಿರ್ಮಿಸಿದ ಮೊದಲ ಪ್ಲಾಸ್ಟಿಕ್ ಹೆಣ್ಣು ಎಂದು ತಪ್ಪಾಗಿ ಹಂಚಿಕೊಳ್ಳಲಾಗಿದೆ",factly,0
52,ಪುಟಿನ್ ಗಿಲ್ಗಿಟ್-ಬಾಲ್ಟಿಸ್ತಾನ್ ಮತ್ತು ಪಾಕಿಸ್ತಾನದ ಹಣದ ಮನವಿ ವಿಷಯಗಳ ಬಗ್ಗೆ ಮಾತನಾಡಿಲ್ಲ,factly,0
53,ಹವಾಮಾನ ಬದಲಾವಣೆ ಪ್ರತಿಭಟನೆಯ  ಅಣುಕು ವೀಡಿಯೊವನ್ನು ಉಕ್ರೇನಿಯನ್ ನಾಗರಿಕರ ನಕಲಿ ಮೃತದೇಹಗಳೆಂದು ಪಾಶ್ಚಿಮಾತ್ಯ ಮಾಧ್ಯಮಗಳು ತೋರಿಸಿವೆ ಎಂದು ಹಂಚಿಕೊಳ್ಳಲಾಗಿದೆ,factly,0
54,‘ಉಕ್ರೇನ್‌ನ ಸಿಕ್ಕಿಕೊಂಡ ವಿದ್ಯಾರ್ಥಿನಿ ಎಂದು ಸುಳ್ಳು ಹೇಳಿದ ವೈಶಾಲಿ ಯಾದವ್‌ರನ್ನು  ಬಂಧಿಸಿದ್ದಾರೆ’ಎಂಬ ವರದಿ ಸುಳ್ಳು,factly,0
55,"ವಿಡಿಯೋದಲ್ಲಿ ಬೆಂಕಿ ಹಚ್ಚಿಕೊಂಡ ವ್ಯಕ್ತಿ ಮಂಗೋಲಿಯನ್ ಕಲ್ಲಿದ್ದಲು ಗಣಿ ಒಕ್ಕೂಟದ ಹೋರಾಟಗಾರರೆ ಹೊರತು, ಮಂಗೋಲಿಯನ್ ಮಂತ್ರಿ ಅಲ್ಲ",factly,0
56,ಹಳೆಯ ಸಂಬಂಧವಿಲ್ಲದ ವೀಡಿಯೊವನ್ನು ರಷ್ಯಾ ಉಕ್ರೇನ್ ವಿರುದ್ಧ ವೈಮಾನಿಕ ದಾಳಿ ನಡೆಸುತ್ತಿರುವ ಇತ್ತೀಚಿನ ದೃಶ್ಯಗಳಂತೆ ಹಂಚಿಕೊಳ್ಳಲಾಗಿದೆ,factly,0
57,"ಬ್ರೆಜಿಲ್‌ನ ಮೋಟಾರ್‌ಬೈಕ್ ಪರೇಡ್ ವೀಡಿಯೊವನ್ನು ಕ್ಯಾನ್ಸರ್ ಪೀಡಿತ ಜರ್ಮನ್ ಹುಡುಗನಿಗಾಗಿ 20,000 ಬೈಕರ್‌ಗಳು ಸವಾರಿ ಮಾಡುವ ದೃಶ್ಯಗಳೆಂದು ಹಂಚಿಕೊಳ್ಳಲಾಗಿದೆ",factly,0
58,ಚಿತ್ರದುರ್ಗದ ಗಣೇಶ ವಿಸರ್ಜನೆ ಮೆರವಣಿಗೆಯ ಹಳೆಯ ವೀಡಿಯೊವನ್ನು ಹರ್ಷ ಹತ್ಯೆಯ ವಿರುದ್ದ ಹಿಂದೂ ಸಂಘಟನೆಗಳ ಪ್ರತಿಭಟನೆ ಎಂದು ತಪ್ಪಾಗಿ ಹಂಚಿಕೆ,factly,0
59,ನಜ್ಮಾ ನಜೀರ್ ಅವರ ಫೋಟೋಗಳನ್ನು ವಿದ್ಯಾರ್ಥಿನಿ ಮುಸ್ಕಾನ್ ಖಾನ್ ಎಂದು ತಪ್ಪಾಗಿ ಹಂಚಿಕೆ,factly,0
60,"ನವಜಾತ ಶಿಶು ಮತ್ತು ತಾಯಿಯ ದೃಶ್ಯಗಳನ್ನು ತಪ್ಪಾದ, ಹಳೆಯ ಕಥೆಯೊಂದಿಗೆ ಹಂಚಿಕೊಳ್ಳಲಾಗುತ್ತಿದೆ",factly,0
61,ತಾಲಿಬಾನ್ ವಕ್ತಾರರಿಗೆ ಮುಸ್ಕಾನ್ ಖಾನ್ ಧನ್ಯವಾದ ಹೇಳುತ್ತಿರುವಂತೆ ನಕಲಿ ಅಕೌಂಟ್‍ನಿಂದ ಟ್ವೀಟ್ ಅನ್ನು ಹಂಚಿಕೊಳ್ಳಲಾಗಿದೆ,factly,0
62,ರಾಜಸ್ಥಾನದ ಹಳೆಯ ಫೋಟೋವನ್ನು ಉತ್ತರ ಪ್ರದೇಶ ಚುನಾವಣಾ ಪ್ರಚಾರಕ್ಕೆ ಹೋದ ಬಿಜೆಪಿ ನಾಯಕನನ್ನು ಥಳಿಸುತ್ತಿರುವ ಜನರು ಎಂದು ತಪ್ಪಾಗಿ ಹಂಚಿಕೊಳ್ಳಲಾಗಿದೆ,factly,0
63,ಒಂದು ಕಾಲ್ಪನಿಕ ಕಥೆಯನ್ನು ಮಲಪ್ಪುರಂ ಜಿಲ್ಲಾಧಿಕಾರಿಯ ನಿಜ ಜೀವನದ ಘಟನೆಗಳು ಎಂದು ಹಂಚಿಕೊಳ್ಳಲಾಗಿದೆ,factly,0
64,ಅಸೆಂಬ್ಲಿ ಚುನಾವಣೆಗೂ ಮುನ್ನವೇ ಸ್ಮೃತಿ ಇರಾನಿ ಬೆಂಗಾವಲು ವಾಹನಕ್ಕೆ ತಡೆ ಎಂದು 2020ರ ವಿಡಿಯೋವನ್ನು ಹಂಚಿಕೊಳ್ಳಲಾಗುತ್ತಿದೆ,factly,0
65,ಕರ್ನಾಟಕ ಯೂತ್‌ ಕಾಂಗ್ರೆಸ್ ಕಚೇರಿ ಉದ್ಘಾಟನೆಯಲ್ಲಿ ಇಸ್ಲಾಂ ಧಾರ್ಮಿಕ ವಿಧಾನಗಳನ್ನು ಅನುಸರಿಸಿಲ್ಲ,factly,0
66,ರಾಹುಲ್ ಗಾಂಧಿ ಅವರು ಊಟಕ್ಕೂ ಮೊದಲು ಮಾಸ್ಕ್ ಹಾಕಿಕೊಂಡು ಮಾತನಾಡುತ್ತಿರುವ ಫೋಟೋವನ್ನು ತಪ್ಪಾಗಿ ಹಂಚಿಕೊಳ್ಳಲಾಗುತ್ತಿದೆ,factly,0
67,2011ರ ಬಿಹಾರದ ಸ್ತಬ್ಧಚಿತ್ರವನ್ನು ಯುಪಿಯಲ್ಲಿ ಅಖಿಲೇಶ್ ಯಾದವ್ ಸಿಎಂ ಆಗಿದ್ದಾಗಿನ ಸ್ತಬ್ಧಚಿತ್ರ ಎಂದು ತಪ್ಪಾಗಿ ಹಂಚಿಕೊಳ್ಳಲಾಗುತ್ತಿದೆ,factly,0
68,ಬ್ರಿಟೀಷ್ ಮಹಿಳೆ ಹಾಡಿರುವ ಸಂಸ್ಕೃತ ಶ್ಲೋಕಗಳನ್ನು ಸ್ಪೇನ್‌ ರೇಡಿಯೋ ಚಾನೆಲ್‌ನಲ್ಲಿ ಹಾಡಲಾಗಿದೆ ಎಂದು ತಪ್ಪಾಗಿ ಹಂಚಿಕೊಳ್ಳಲಾಗಿದೆ,factly,0
69,ಯುಗದ ಅವಧಿಯಲ್ಲಿ ಒಂದು ದಿನ ತಪ್ಪಿಹೋಗಿದೆ ಎಂಬ ವಾದಕ್ಕೆ ಯಾವುದೇ ವೈಜ್ಞಾನಿಕ ಆಧಾರವಿಲ್ಲ; ಬೈಬಲ್ ಹೇಳುವುದೆಲ್ಲ ಸತ್ಯ ಎಂದು ನಾಸಾ ಗುರುತಿಸುತ್ತದೆ ಎಂಬ ವಾದವೇ  ಸುಳ್ಳು,factly,0
70,ಕುಂಭಮೇಳದಲ್ಲಿ ಸಿದ್ಧ ಸಂತರು ಬೆಂಕಿಯಲ್ಲಿ ಮಲಗಿದರು ಸಹ ಸುಟ್ಟು ಹೋಗಲಿಲ್ಲ ಎಂದು  ಫೈರ್ ಯೋಗಿ ಸಾಕ್ಷ್ಯಚಿತ್ರದ ದೃಶ್ಯಗಳನ್ನು ತಪ್ಪಾಗಿ ಹಂಚಿಕೊಳ್ಳಲಾಗುತ್ತಿದೆ,factly,0
71,ಜಾಗೃತಿಗಾಗಿ ನಟಿಸಿದ ವೀಡಿಯೊವನ್ನು ರೋಹಿಂಗ್ಯಾ ಮುಸ್ಲಿಮರು ಹಿಂದೂ ಮಕ್ಕಳನ್ನು ಅಪಹರಿಸುವ ವಿಡಿಯೋ ಎಂದು ತಪ್ಪಾಗಿ ಹಂಚಿಕೊಳ್ಳುತ್ತಿದ್ದಾರೆ,factly,0
72,ಒಣ ಶುಂಠಿ ಪುಡಿಯನ್ನು ಮೂಗಿಗೆ ಹಾಕುವುದರಿಂದ COVID-19 ಅನ್ನು ಗುಣಪಡಿಸಬಹುದು ಎಂಬುದಕ್ಕೆ ಯಾವುದೇ ವೈಜ್ಞಾನಿಕ ಆಧಾರಗಳಿಲ್ಲ,factly,0
73,ಇಂಡೋನೇಷ್ಯಾದಲ್ಲಿ ನಡದ ವಿಮಾನ ಅಪಘಾತ ಎಂದು ಗ್ರಾಫಿಕ್ಸ್ ವೀಡಿಯೊವನ್ನು ಹಂಚಿಕೊಳ್ಳಲಾಗುತ್ತಿದೆ,factly,0
74, ವಿಡಂಬನ ವೆಬ್‌ಸೈಟ್ ಬರೆದ ಸ್ಟೊರಿ ಅಷ್ಟೇ,factly,0
75,ಕುದುರೆ ಕೂದಲು ಹುಳುವಿನ ವೀಡಿಯೋವನ್ನು ಶಿವ ನಾಗ ಮರದ ಬೇರು ಎಂದು ತಪ್ಪಾಗಿ ಹಂಚಿಕೊಳ್ಳಲಾಗಿದೆ,factly,0
76,ನಿಮ್ಮ ಫೋನ್ ಅನ್ನು ಚಾರ್ಜ್ ಮಾಡುತ್ತಿರುವಾಗ ಮಾತನಾಡಿದರೆ ಸ್ಪೋಟಗೊಳ್ಳುತ್ತದೆ ಎಂಬುದು ನಿಜವಾಗಿ ನಡೆದ ಘಟನೆ ಅಲ್ಲ,factly,0
77,ಬಿಜೆಪಿ ಶಾಸಕ ರಾಜಾಸಿಂಗ್‌ರವರನ್ನು ಪೊಲೀಸರು ಬಂಧಿಸಿದ ಹಳೆಯ ವಿಡಿಯೋವನ್ನು ಇತ್ತೀಚಿಗಿನ ಪ್ರಕರಣ ಎಂದು ತಪ್ಪುದಾರಿಗೆಳೆಯುತ್ತಿದ್ದಾರೆ,factly,0
78,ಶಿವಲಿಂಗಕ್ಕೆ ಹಾಲು ಹಾಕುವುದನ್ನು ನಿಲ್ಲಿಸಬೇಕು ಎಂಬ ಅಮೀರ್ ಖಾನ್ ಹೇಳಿಕೆಗೆ ಪ್ರತಿಯಾಗಿ ಮುಸ್ಲಿಮರು ಗೋರಿಗಳ ಮೇಲೆ ಚಾದರ್ ಹಾಕುವುದನ್ನು ನಿಲ್ಲಿಸಬೇಕು ಎಂದು ಪಾಯಲ್ ರೋಹಟ್ಗಿ ಹೇಳಿಕೆ ನೀಡಿಲ್ಲ,factly,0
79,ಕಳ್ಳತನಕ್ಕೆ ಸಂಬಂಧಿಸಿದ ವೀಡಿಯೊವನ್ನು ತಿರುಪತಿ ದೇವಸ್ಥಾನ ಸಮಿತಿ ಸದಸ್ಯನ (TTD) ಮನೆಗೆ IT ದಾಳಿ ಎಂದು ತಪ್ಪಾಗಿ ಹಂಚಿಕೊಳ್ಳಲಾಗುತ್ತಿದೆ,factly,0
80,"ವಿಮಾನ ನಿಲ್ದಾಣದಲ್ಲಿ ಸಾರ್ವಜನಿಕವಾಗಿ ಮೂತ್ರ ವಿಸರ್ಜನೆ ಮಾಡಿದ್ದಕ್ಕಾಗಿ ಬಂಧಿಸಿದ್ದು ಆರ್ಯನ್ ಖಾನ್‌ರನ್ನು ಅಲ್ಲ, ಬದಲಿಗೆ ಟ್ವಿಲೈಟ್ ನಟ ಬ್ರಾನ್ಸನ್ ಪೆಲ್ಲೆಟಿಯರ್ ರನ್ನು",factly,0
81,ಹಳೆದ ಸಂಬಂಧವಿಲ್ಲದ ಫೋಟೊವನ್ನು ತಪ್ಪಾಗಿ ಕರ್ನಾಲ್ ವೈದ್ಯ ಸಗಣಿ ತಿಂದಿದ್ದಕ್ಕೆ ಆಸ್ಪತ್ರೆಗೆ ದಾಖಲಾಗಿದ್ದಾರೆ ಎಂದು  ಹಂಚಿಕೊಳ್ಳಲಾಗಿದೆ,factly,0
82,ರಾಜ್ಯದಲ್ಲಿ ರಸ್ತೆ ಅಗಲೀಕರಣದ ಸಮಯದಲ್ಲಿ ಕೆಡವಿದ ಮಸೀದಿಯ ಕೆಳಗೆ ಹಿಂದೂ ದೇವಾಲಯ ಸಿಕ್ಕಿರಲಿಲ್ಲ,factly,0
83,ಟಿ.ವಿ. ವಾಹಿನಿ ಸಂಪಾದಕ ಮಾತನಾಡಿದ್ದನ್ನು ಕಾಂಗ್ರೆಸ್ ವಕ್ತಾರ ಮೋದಿ ಹೊಗಳಿದ್ದಾರೆಂದು ತಪ್ಪಾಗಿ ಹಂಚಿಕೊಳ್ಳಲಾಗಿದೆ,factly,0
84,ಗರ್ಭಿಣಿ ಮಹಿಳೆಗೆ ಸೈನಿಕರು ಸಹಾಯ ಮಾಡುತ್ತಿರುವ ವಿಡಿಯೋ ನೈಜ ಘಟನೆಯಲ್ಲ,factly,0
85,ಮಹಾಭಾರತದ ಕುರಿತು ರಾಹುಲ್ ಗಾಂಧಿ ಮಾಡಿರುವ ಈ ಟ್ವೀಟ್ ಅನ್ನು ಎಡಿಟ್‌ ಮಾಡಿ ಹಂಚಿಕೊಳ್ಳಲಾಗಿದೆ,factly,0
86,ಆಹಾರದ ಮೇಲೆ ಉಗುಳುವುದು ಹಲಾಲ್‌ನ ಭಾಗವೆಂದು ಮುಸ್ಲಿಂ ಸಮುದಾಯವು ನ್ಯಾಯಾಲಯದಲ್ಲಿ ಒಪ್ಪಿಕೊಂಡಿಲ್ಲ,factly,0
87,ಮುಸ್ಲಿಂ ಯುವಕರು ಹಿಂದೂ ಹುಡುಗಿಯರನ್ನು ಟ್ರಾಪ್ ಮಾಡುತ್ತಿದ್ದಾರೆ ಎಂದು ಪ್ರತಿಪಾದಿಸಿ ‘ನಾಟಕೀಯ’ ವಿಡಿಯೊವನ್ನು ತಪ್ಪಾಗಿ ಹಂಚಿಕೊಳ್ಳಲಾಗುತ್ತಿದೆ,factly,0
88,ಯುಪಿ ಸಿಎಂ ಯೋಗಿ ಆದಿತ್ಯನಾಥ್ ಬೆಂಗಾವಲು ಪಡೆಯ ಮೇಲೆ ವಿದ್ಯಾರ್ಥಿಗಳು ಇತ್ತೀಚೆಗೆ ದಾಳಿ ನಡೆಸಿದ್ದಾರೆಂದು 2017ರ ವಿಡಿಯೊವನ್ನು ಹಂಚಿಕೊಳ್ಳಲಾಗಿದೆ,factly,0
89,"ಐಪಿಸಿಯಲ್ಲಿ ಹಿಂದೂ ಧರ್ಮ ನಿಂದಿಸುವವರ ವಿರುದ್ಧ ಸೆಕ್ಷನ್ 295 (1), 502 (2) ಅಡಿಯಲ್ಲಿ ಪ್ರಕರಣ ದಾಖಲಿಸಲಾಗದು. ಏಕೆಂದರೆ ಐಪಿಸಿಯಲ್ಲಿ ಆ ಸೆಕ್ಷನ್‌ಗಳೆ ಇಲ್ಲ",factly,0
90,ಛತ್ತೀಸ್‌ಗಢ ಕವರ್ಧಾ ಪ್ರತಿಭಟನೆಯ ಹಳೆಯ ವೀಡಿಯೊವನ್ನು ಮಥುರಾದಲ್ಲಿ ಇತ್ತೀಚೆಗೆ ನಡೆದ ಹಿಂದೂ ರ್‍ಯಾಲಿಯ ವಿಡಿಯೋ ಎಂದು ತಪ್ಪಾಗಿ ಹಂಚಿಕೊಂಡಿದ್ದಾರೆ,factly,0
91,ಭಾರತೀಯ ನೌಕಾಪಡೆ ದಿನದ ಶುಭಾಶಯಕ್ಕಾಗಿ US ನೌಕಾಪಡೆಯ ಹಡಗಿನ ಫೋಟೋವನ್ನು ಹಂಚಿಕೊಳ್ಳಲಾಗಿದೆ,factly,0
92,ಸ್ವಿಸ್ ಬ್ಯಾಂಕ್‌ನಲ್ಲಿ ಕಪ್ಪುಹಣ ಹೊಂದಿರುವವರ ಪಟ್ಟಿಯನ್ನು ವಿಕಿಲೀಕ್ಸ್ ಪ್ರಕಟಿಸಿಲ್ಲ,factly,0
93,ಬಾಲಕಿಯೊಬ್ಬಳು ಗರ್ಭಿಣಿಯನ್ನು ರಕ್ಷಿಸುವ ನೈಜ ಘಟನೆ ಎಂದು ಸ್ಕ್ರಿಪ್ಟ್ ಮಾಡಿದ ವೀಡಿಯೊವನ್ನು ತಪ್ಪಾಗಿ ಹಂಚಿಕೊಳ್ಳಲಾಗಿದೆ,factly,0
94,‘ಜನರಲ್ ಬಿಪಿನ್ ರಾವತ್ ಅವರಿದ್ದ ಹೆಲಿಕಾಪ್ಟರ್ ಅಪಘಾತದ ವಿಡಿಯೊ’ ಎಂದು  ಹಳೆಯ  ಮತ್ತು ಸಂಬಂಧವಿಲ್ಲದ ವೀಡಿಯೊಗಳನ್ನು ಹಂಚಿಕೊಳ್ಳಲಾಗುತ್ತಿದೆ,factly,0
95,ತೆಲಂಗಾಣದಲ್ಲಿನ ಸ್ವಚ್ಛ ಭಾರತ ಅಭಿಯಾನದ ದೃಶ್ಯಗಳನ್ನು ಬಂಗಾಳದಲ್ಲಿ ಪೊಲೀಸರು ಮಸೀದಿ ಸ್ವಚ್ಛಗೊಳಿಸುತ್ತಿರುವುದು ಎಂದು ಹಂಚಿಕೊಳ್ಳಲಾಗಿದೆ,factly,0
96,“ಜಾತ್ಯತೀತತೆಯು ಭಾರತವನ್ನು ಮತ್ತು ಅದರ ಹಿರಿಮೆಯನ್ನು ನಾಶಪಡಿಸುತ್ತಿದೆ” ಎಂದು ದಲೈಲಾಮಾರವರು ಹೇಳಿಲ್ಲ…,factly,0
97,ಪ್ಲಾಸ್ಟಿಕ್ ಕಣಗಳ ಉತ್ಪಾದನಾ ಪ್ರಕ್ರಿಯೆಯನ್ನು ‘ಪ್ಲಾಸ್ಟಿಕ್ ಅಕ್ಕಿ ಉತ್ಪಾದನೆ ಮಾಡುತ್ತಿದ್ದಾರೆ’ ಎಂದು ಹಂಚಿಕೊಳ್ಳಲಾಗಿದೆ,factly,0
98,ಯುವಕನೊಬ್ಬ ಗೆಳೆಯರೊಂದಿಗೆ ಹುಟ್ಟು ಹಬ್ಬ ಆಚರಿಸಿಕೊಳ್ಳವ ವೇಳೆ ಸಾವನ್ನಪ್ಪಿದ ಘಟನೆ ನಿಜವಾಗಿ ನಡೆದಿರುವುದ್ದಲ್ಲ,factly,0
99,‘ಸ್ಕ್ರೀಮ್ ಆಫ್ ದಿ ಮೆರ್ಮೇಯ್ಡ್’ ಕಿರುಚಿತ್ರದ ದೃಶ್ಯಗಳನ್ನು ಸಮುದ್ರದಲ್ಲಿ ಸಿಕ್ಕ ಮತ್ಸ್ಯಕನ್ಯೆ ಎಂದು ತಪ್ಪಾಗಿ ಹಂಚಿಕೊಳ್ಳಲಾಗಿದೆ,factly,0
100,ಭಗತ್ ಸಿಂಗ್ ಲಾಲಾ ದುನಿ ಚಂದ್ ಅವರಿಂದ ಕಾನೂನು ಸಲಹೆ ಪಡೆದರು; ವಿಚಾರಣೆಯಲ್ಲಿ ಆರೆಸ್ಸೆಸ್ ಸಹವರ್ತಿಯೊಬ್ಬರು ಬ್ರಿಟಿಷರನ್ನು ಪ್ರತಿನಿಧಿಸಲಿಲ್ಲ,factly,0
101,ಗುಜರಾತ್ ಸೋಮನಾಥ ದೇವಾಲಯದ ದೃಶ್ಯಗಳನ್ನು ಶ್ರೀ ಕಾಶಿ ವಿಶ್ವನಾಥ ದೇವಾಲಯದ ಪುನರ್ನಿರ್ಮಾಣದ ನಂತರದ ವಿಡಿಯೊ ಎಂದು ಹಂಚಿಕೊಳ್ಳಲಾಗುತ್ತಿದೆ,factly,0
102,ಪ್ರಧಾನಿ ಮೋದಿಯವರ ಪಕ್ಕದಲ್ಲಿ ಮಧ್ಯಪ್ರದೇಶ ಸಿಎಂ ಶಿವರಾಜ್‌ಸಿಂಗ್ ಚೌಹಾಣ್‌ ನಡೆಯುವುದನ್ನು ರಕ್ಷಣಾ ಸಿಬ್ಬಂದಿ ತಡೆದಿರುವುದನ್ನು ಈ ವಿಡಿಯೋ ತೋರಿಸುವುದಿಲ್ಲ,factly,0
103,ಪಟಾಕಿಯಿಂದಾಗಿ ದ್ವಿಚಕ್ರ ವಾಹನ ಸ್ಫೋಟಗೊಂಡ ವಿಡಿಯೋವನ್ನು ಎಲೆಕ್ಟ್ರಿಕ್ ಸ್ಕೂಟರ್ ಸ್ಫೋಟದ ವೀಡಿಯೊ ಎಂದು ಪ್ರತಿಪಾದಿಸಿ ಶೇರ್‌ ಮಾಡಲಾಗುತ್ತಿದೆ,factly,0
104,ಸೊಮಾಲಿಯಾ ಬಾಳೆಹಣ್ಣುಗಳು ಹೆಲಿಕೋಬ್ಯಾಕ್ಟರ್ ಎಂಬ ಹುಳುವನ್ನು ಹೊಂದಿದ್ದು ಅದು 12 ಗಂಟೆಗಳಲ್ಲಿ ಮೆದುಳನ್ನು ನಿಷ್ಕ್ರಿಯಗೊಳಿಸುತ್ತದೆ ಎಂಬ ಈ ಹೇಳಿಕೆ ಸುಳ್ಳು.,factly,0
105,"ಕೇಜ್ರಿವಾಲ್ ಜೊತೆಗಿರುವ ಮಕ್ಕಳ ಕಳ್ಳತನದ ಆರೋಪಿ ಪ್ರಭಾ ಮಿಂಜ್ ನ ಈ ಫೋಟೊ ಬಂಧನಕ್ಕೂ ಮುಂಚೆ ತೆಗೆದಿದ್ದು, ಇತ್ತೀಚಿನದ್ದಲ್ಲ",factly,0
106,ಆಸ್ಟ್ರೇಲಿಯಾದ ಅಭಿಮಾನಿಯೊಬ್ಬರು ‘ವಂದೇ ಮಾತರಂ’ ಘೋಷಣೆ ಕೂಗುವ ಹಳೆ ವಿಡಿಯೋವನ್ನು ಇತ್ತೀಚೆಗೆ ನಡೆದ T20 ವಿಶ್ವಕಪ್‌ಗೆ ಲಿಂಕ್ ಮಾಡಿ ತಪ್ಪಾಗಿ ಹಂಚಿಕೊಳ್ಳಲಾಗಿದೆ,factly,0
107,ಸಂಬಂಧವಿಲ್ಲದ ಹಳೆಯ ವಿಡಿಯೊವನ್ನು T20 ವಿಶ್ವಕಪ್ ಪಂದ್ಯದಲ್ಲಿ ಪಾಕಿಸ್ತಾನದ ಸೋಲನ್ನು ಸಂಭ್ರಮಿಸುತ್ತಿರುವ ಬಲೂಚಿಸ್ತಾನದ ಜನರು ಎಂದು ಹಂಚಿಕೊಳ್ಳಲಾಗುತ್ತಿದೆ,factly,0
108,CAA ಮತ್ತು NRC ವಿರೋಧಿ ಪ್ರತಿಭಟನೆಗಳ ಹಳೆಯ ವೀಡಿಯೊವನ್ನು ತ್ರಿಪುರಾ ಕೋಮು ಹಿಂಸಾಚಾರದ ವಿರುದ್ಧ ಕೇರಳ ಮುಸ್ಲಿಮರು ಪ್ರತಿಭಟಿಸುತ್ತಿದ್ದಾರೆ ಎಂದು ಹಂಚಿಕೊಳ್ಳಲಾಗುತ್ತಿದೆ,factly,0
109,‘ಬಿಬಿಸಿ’ ವರದಿ ಮಾಡಿರುವ ಈ ವಿಡಿಯೋ ಇತ್ತೀಚಿನ ತ್ರಿಪುರಾ ಕೋಮು ಹಿಂಸಾಚಾರಕ್ಕೆ ಸಂಬಂಧಿಸಿದ್ದಲ್ಲ,factly,0
110,ತ್ರಿಪುರಾ ಹಿಂಸಾಚಾರದ ಸಂದರ್ಭದಲ್ಲಿ ಜಿಹಾದ್​ಗೆ ಕರೆ ನೀಡುವ ಮಸೀದಿಯ ದೃಶ್ಯಗಳೆಂದು ಘಟನೆಗೆ ಸಂಬಂಧವಿಲ್ಲದ ಸಿರಿಯಾದ ಹಳೆಯ ವಿಡಿಯೊ ಹಂಚಿಕೆಯಾಗಿದೆ,factly,0
111,ಪೊಲೀಸರು ಗಲಭೆ ಹತ್ತಿಕ್ಕಲು ಲಾಠಿ ಚಾರ್ಜ್ ಮಾಡುತ್ತಿದ್ದಾರೆಯೇ ಹೊರತು ರಸ್ತೆಯಲ್ಲಿ ನಮಾಜ್ ಮಾಡುತ್ತಿದ್ದಕ್ಕಾಗಿ ಅಲ್ಲ,factly,0
112,ನರೇಂದ್ರ ಮೋದಿ ಅವರು ಟ್ಯಾಕ್ಸಿಯಲ್ಲಿ ತೆರಳಿ ಪೋಪ್‌ ಫ್ರಾನ್ಸಿಸ್‌ ರವರನ್ನು ಭೇಟಿಯಾಗಿರುವ ಚಿತ್ರಗಳು ಎಡಿಟ್ ಮಾಡಿದವುಗಳಾಗಿವೆ,factly,0
113,ತ್ರಿಪುರಾದಲ್ಲಿ ಕೋಮು ಹಿಂಸಾಚಾರವನ್ನು ಪ್ರಚೋದಿಸುತ್ತಿರುವ ಪೋಲೀಸರು ಎಂದು ಬಿಹಾರದ ಹಳೆಯ ವೀಡಿಯೊವನ್ನು ಹಂಚಿಕೊಳ್ಳಲಾಗಿದೆ…,factly,0
114,"ಯುಪಿಯಲ್ಲಿ ಮುಸ್ಲಿಮರು ನಡೆಸಿದ ಮೆರವಣಿಗೆಯ ಹಳೆಯ ವೀಡಿಯೊವನ್ನು, ತ್ರಿಪುರಾದಲ್ಲಿ ಇತ್ತೀಚೆಗೆ ನಡೆದ ಕೋಮುಗಲಭೆಯ ವಿರುದ್ಧ ಮುಸ್ಲಿಮರು ನಡೆಸುತ್ತಿರುವ ಪ್ರತಿಭಟನೆ ಎಂದು ಹಂಚಿಕೊಳ್ಳಲಾಗುತ್ತಿದೆ",factly,0
115,ಪುನೀತ್ ರಾಜ್​ಕುಮಾರ್ ಸಾವಿಗೆ ಸಂಬಂಧಿಸಿದಂತೆ ಈ ಸಂದೇಶವನ್ನು ಡಾ. ದೇವಿ ಶೆಟ್ಟಿ ಅವರು ನೀಡಿಲ್ಲ,factly,0
116,ಬೋಸ್ಟನ್‌ ವಿಮಾನ ನಿಲ್ದಾಣದಲ್ಲಿ ರಾಹುಲ್‌ ಗಾಂಧಿ ಬಂಧನ ವರದಿ ಮಾಡಿರುವ ಪತ್ರಿಕೆಯ ಕ್ಲಿಪ್ಪಿಂಗ್‌ ನಿಜವಲ್ಲ,factly,0
117,ಗೋಮೂತ್ರ ಬಳಕೆಯಿಂದ ಕ್ಯಾನ್ಸರ್ ಕಡಿಮೆಯಾಗಿದೆ ಎಂದು ಚಾಲಕ ಹೇಳಿದ್ದ ಮಾತನ್ನು ಕಾಂಗ್ರೆಸ್ ಸಂಸದ ಹೇಳಿದ್ದಾರೆ ಎಂದು ತಪ್ಪಾಗಿ ಹಂಚಿಕೊಳ್ಳಲಾಗುತ್ತಿದೆ,factly,0
118,ಬಾಂಗ್ಲಾದೇಶದ ಹಿಂದೂ ದೇವಾಲಯದ ಮೇಲಿನ ದಾಳಿಯ ವೀಡಿಯೊವನ್ನು ಪಶ್ಚಿಮ ಬಂಗಾಳದಲ್ಲಿ ದುರ್ಗಾ ಪೂಜೆಯ ವೇಳೆ ನಡೆದ ದಾಳಿ ಎಂದು ಹಂಚಿಕೊಳ್ಳಲಾಗುತ್ತಿದೆ,factly,0
119,ಛತ್ತೀಸ್‌ಗಢದ ಕವರ್ಧಾ ಕೋಮು ಹಿಂಸಾಚಾರದ ವೀಡಿಯೊವನ್ನು ಉತ್ತರ ಪ್ರದೇಶದ ದೃಶ್ಯಗಳೆಂದು ತಪ್ಪಾಗಿ ಹಂಚಿಕೊಳ್ಳಲಾಗಿದೆ,factly,0
120,ಮಾಜಿ ಕೇಂದ್ರ ಸಚಿವ ಚಿದಂಬರಂ ತಮ್ಮ ಪತ್ನಿ  ಒಡೆತನದ ಖಾಸಗಿ ನಿವಾಸಕ್ಕೆ ಬಾಡಿಗೆ ಭತ್ಯೆಯನ್ನು ಪಡೆದಿಲ್ಲ,factly,0
121,"ಪ್ರಿಯಾಂಕಾ ಗಾಂಧಿ ಭಾಗವಹಿಸಿದ್ದ ಕಿಸಾನ್ ನ್ಯಾಯ್ ರ್ಯಾಲಿಯಲ್ಲಿ ಹಿಂದೂ, ಇಸ್ಲಾಂ ಮತ್ತು ಸಿಖ್ ಧಾರ್ಮಿಕ ಪಠಣ ನಡೆಸಲಾಗಿತ್ತು",factly,0
122,ಪಶ್ಚಿಮ ಬಂಗಾಳದಲ್ಲಿ ಮುಸ್ಲಿಮರಿಗೆ ಊಟ ಬಡಿಸುವ ಸನ್ಯಾಸಿಯ ಹಳೆಯ ಚಿತ್ರವನ್ನು ಬಾಂಗ್ಲಾದೇಶದಲ್ಲಿ ಇತ್ತೀಚೆಗೆ ಹಿಂದೂಗಳ ಮೇಲಿನ ದಾಳಿಯಲ್ಲಿ ಕೊಲ್ಲಲ್ಪಟ್ಟವರು ಎಂದು ತಪ್ಪಾಗಿ ಹಂಚಿಕೊಳ್ಳಲಾಗಿದೆ,factly,0
123,ಕಾಂಗ್ರೆಸ್ ಪಕ್ಷದ ಪ್ರೇರಣೆಯಿಂದ ಲಖಿಂಪುರದಲ್ಲಿ ರೈತರ ಮೇಲೆ  ಕಾರು ಹರಿಸಲಾಗಿದೆ ಎಂದು ವಿಡಿಯೊದಲ್ಲಿರುವ ವ್ಯಕ್ತಿ ಹೇಳಿಲ್ಲ,factly,0
124,ಈ ಪೋಸ್ಟ್‌ನಲ್ಲಿ ಹೇಳಿರುವಂತೆ ಕರ್ನಾಟಕ ಹೈಕೋರ್ಟ್ ಟಿಪ್ಪು ಸುಲ್ತಾನ್ ಅವರನ್ನು ಜಿಹಾದಿ ಅಥವಾ ಅತ್ಯಾಚಾರಿ ಎಂದು ಘೋಷಿಸಿಲ್ಲ,factly,0
125,ಈ ವಿಡಿಯೋದಲ್ಲಿ ಕ್ರೈಸ್ತರ ದೀಕ್ಷಾಸ್ನಾನ ಪಡೆಯುತ್ತಿರುವ ವ್ಯಕ್ತಿ ಪಂಜಾಬ್ ಮುಖ್ಯಮಂತ್ರಿ ಚರಣ್‌ಜಿತ್‌ ಸಿಂಗ್ ಚನ್ನಿಯಲ್ಲ,factly,0
126,"ಡಿಜಿಟಲ್​ಕಲೆಯ ವಿಡಿಯೊ ಊದು ಪಾವೈ ಸಸ್ಯದ ಹೆಸರಲ್ಲಿ ಹರಿದಾಡಿದ್ದು, ಈ ಔಷಧೀಯ ಸಸ್ಯ ಪರಾಗಸ್ಪರ್ಶ ಮಾಡುವಾಗ ಶಬ್ದ ಮಾಡುತ್ತದೆ ಎಂದು ಸುಳ್ಳು ಹಬ್ಬಿಸಲಾಗಿದೆ",factly,0
127,ಕೇವಲ ’ಪ್ರಧಾನಮಂತ್ರಿ ಸ್ವನಿಧಿ’ ಯೋಜನೆಗೆ ಸಂಬಂಧಿಸಿದ ಮಹಿಳೆಯೊಬ್ಬರ ಹೇಳಿಕೆಗಳನ್ನು ಎಡಿಟ್ ಮಾಡಿ ತಪ್ಪುದಾರಿಗೆಳೆಯುತ್ತಿದ್ದಾರೆ,factly,0
128,"ನ್ಯೂಯಾರ್ಕ್ ಟೈಮ್ಸ್ ನರೇಂದ್ರ ಮೋದಿಯನ್ನು ‘ಭೂಮಿಯ ಕೊನೆಯ, ಅತ್ಯುತ್ತಮ ಭರವಸೆ’ ಎಂದು ಕರೆಯಲಿಲ್ಲ",factly,0
129,"ಜಮ್ಮು  ಕಾಶ್ಮೀರದ ಹಳೆಯ ವಿಡಿಯೋವನ್ನು, ‘ರಾಜಸ್ಥಾನದಲ್ಲಿ ಗುಂಪೊಂದು ಪೊಲೀಸರ ಮೇಲೆ ಕಲ್ಲು ತೂರುವ ದೃಶ್ಯ’ ಎಂದು ಹಂಚಿಕೊಳ್ಳಲಾಗಿದೆ",factly,0
130,"ರಾಜಸ್ಥಾನದಲ್ಲಿ ಪೊಲೀಸರು ಪ್ರಯಾಣಿಸುತ್ತಿದ್ದ ವಾಹನ ಉರುಳಿದ್ದನ್ನು, ಉತ್ತರ ಪ್ರದೇಶದ ವಿಡಿಯೊ ಎಂದು ತಪ್ಪಾಗಿ ಹಂಚಿಕೊಳ್ಳಲಾಗುತ್ತಿದೆ",factly,0
131,ಪಿಎಂ ನರೇಂದ್ರಮೋದಿ ವಿಶ್ವಸಂಸ್ಥೆಯಲ್ಲಿ ಮಾತನಾಡುವ ವೇಳೆ  ನ್ಯೂಯಾರ್ಕ್‌ನ  ವಿಶ್ವಸಂಸ್ಥೆಯ ಹೊರಭಾಗದಲ್ಲಿ ಖಾಲಿಸ್ಥಾನಿ ಬೆಂಬಲಿಗರು ಭಾರತದ ಭಾವುಟವನ್ನು ಹರಿದಿರುವ ವಿಡಿಯೋ ಇದಾಗಿದೆ,factly,0
132,ಅಖಿಲ ಭಾರತ ಮುಸ್ಲಿಂ ವೈಯಕ್ತಿಕ ಕಾನೂನು ಮಂಡಳಿಯ ಅಧ್ಯಕ್ಷರು ಮುಸ್ಲಿಂ ಹುಡುಗಿಯರ ಬಗ್ಗೆ ಇಂತಹ ಟೀಕೆಗಳನ್ನು ಮಾಡಿದ್ದಾರೆ ಎಂಬುದಕ್ಕೆ ಯಾವುದೇ ಪುರಾವೆಗಳಿಲ್ಲ,factly,0
133,ರಾಹುಲ್ ಗಾಂಧಿಯವರ ಮಹಿಳಾ ಸಬಲೀಕರಣದ ಕುರಿತ ಭಾಷಣದ ಕೆಲವು ಸಾಲುಗಳನ್ನು ತಪ್ಪಾಗಿ ಹಂಚಿಕೊಳ್ಳಲಾಗುತ್ತಿದೆ,factly,0
134,"ವೀಡಿಯೊದಲ್ಲಿ ಗೋಹತ್ಯೆಯನ್ನು ತಡೆಯುತ್ತಿರುವುದು ಶ್ರೀನಗರದ ಕಾಶ್ಮೀರಿ ಪಂಡಿತ್ ಅಲ್ಲ, ಮುಸ್ಲಿಂ ಯುವಕ",factly,0
135,‘ಬಾಬಾ ರೋಡ್ ಷಾ’ ಮೇಳಕ್ಕೆ ಸಂಬಂಧಿಸಿದ ವಿಡಿಯೋವನ್ನು ಕಿಸಾನ್ ಮಹಾಪಂಚಾಯತ್‌ನಲ್ಲಿ ರೈತರು ಮದ್ಯಕ್ಕಾಗಿ ಕಿತ್ತಾಡುತ್ತಿರುವ ದೃಶ್ಯವೆಂದು ಹಂಚಿಕೊಳ್ಳಲಾಗುತ್ತಿದೆ,factly,0
136,"ಪಾಕಿಸ್ತಾನದ ಇಸ್ಲಾಂ ಮುಖ್ಯಸ್ಥನೊಬ್ಬನ ವಿಡಿಯೋವನ್ನು ಆರ್‌ಎಸ್‌ಎಸ್‌, ಬಿಜೆಪಿ ಬಗ್ಗೆ ತಾಲಿಬಾನ್‌ಗಳ ಟೀಕೆ ಎಂದು ಹಂಚಿಕೊಳ್ಳಲಾಗುತ್ತಿದೆ",factly,0
137,ಬ್ಯಾಂಕ್ ದರೋಡೆಕೋರರನ್ನು ಬಂಧಿಸುವ ಪೊಲೀಸರ ಅಣಕು ಪ್ರದರ್ಶನವನ್ನು ನಿಜ ಘಟನೆಯ ವಿಡಿಯೋ ಎಂದು ಹಂಚಿಕೊಳ್ಳಲಾಗುತ್ತಿದೆ,factly,0
138,ನೀಲ್ಕಮಲ್ಫರ್ನಿಚರ್ಕಂಪನಿ ‘ಪಾಕಿಸ್ತಾನ್ ಮುರ್ದಾಬಾದ್’ ಎಂದಿರುವ ಈ ಸ್ಟಿಕ್ಕರ್ಗಳನ್ನು ಕಸದಬುಟ್ಟಿಯ ಮೇಲೆ ಅಂಟಿಸಿಲ್ಲ,factly,0
139,ಬರೇಲಿಯಲ್ಲಿ ಮುಸ್ಲಿಮರು ಪೊಲೀಸರನ್ನು ಥಳಿಸುತ್ತಿರುವುದು ಎಂದು ಸಂಬಂಧವಿಲ್ಲದ ವಿಡಿಯೋವನ್ನು ಹಂಚಿಕೊಳ್ಳಲಾಗುತ್ತಿದೆ,factly,0
140,"ರಾಕೇಶ್ ಟಿಕಾಯತ್‌ ‘ಅಲ್ಲಾ ಹು ಅಕ್ಬರ್ ಎಂದರೆ.. ರೈತರು ಕೋಪದಿಂದ ‘ಹರಹರ ಮಹಾದೇವ ಎಂದು ಕೂಗಲಿಲ್ಲ, ಅರ್ಧ ಎಡಿಟೆಡ್ ವಿಡಿಯೊವನ್ನು ವೈರಲ್ ಮಾಡಲಾಗಿದೆ",factly,0
141,“ಆಜ್‌ತಕ್ ಸುದ್ದಿ ಸಂಸ್ಥೆಯ ‘ಮುಂದಿನ ಪ್ರಧಾನಿ ಯಾರು’ ಎಂಬ ಸಮೀಕ್ಷೆಯಲ್ಲಿ ರಾಹುಲ್ ಗಾಂಧಿ ಅತಿ ಹೆಚ್ಚು ಮತಗಳನ್ನು ಪಡೆದಿದ್ದಾರೆ” ಎಂದು ಎಡಿಟ್‌ ಮಾಡಿದ ಫೋಟೊ ಶೇರ್‌ ಮಾಡಲಾಗುತ್ತಿದೆ,factly,0
142,ತಾಲಿಬಾನ್‌ಗಳು ಬ್ಲ್ಯಾಕ್ ಹಾಕ್ ಹೆಲಿಕಾಪ್ಟರ್‌ಗೆ ಮನುಷ್ಯನನ್ನು ನೇಣು ಹಾಕಿದ್ದಾರೆ ಎಂಬುದು ಸುಳ್ಳು,factly,0
143,ಉಜ್ಜಯಿನಿ ಸರ್ಕಾರಿ ಅಧಿಕಾರಿಗಳು ಮಹಾಕಲ್ ಮಾರ್ಗದಲ್ಲಿರುವ ಅಕ್ರಮ ಕಟ್ಟಡಗಳನ್ನು ನೆಲಸಮ ಮಾಡುವುದನ್ನು ಪಾಕಿಸ್ತಾನದ ಪರ ಘೋಷಣೆ ಕೂಗಿದವರ ಮನೆಗಳ ನೆಲಸಮ ಎಂದು ತಪ್ಪಾಗಿ ಹಂಚಿಕೊಳ್ಳಲಾಗಿದೆ,factly,0
144,ಕಳೆದ ವರ್ಷ ಅಹ್ಮದಾಬಾದ್‌ನಲ್ಲಿ ಪಕ್ಷಿಗಳು ಹಾರಾಡುತ್ತಿದ್ದ ದೃಶ್ಯವನ್ನು ಈಗ ಬೆಂಗಳೂರು ವಿಮಾನ ನಿಲ್ದಾಣದ ವಿಡಿಯೊ ಎಂದು ಹಂಚಿಕೊಳ್ಳಲಾಗುತ್ತಿದೆ,factly,0
145,ಕಲಬುರ್ಗಿಯಲ್ಲಿ ಜರುಗಿದ ಶೋಭಾ ಯಾತ್ರೆಯ ಹಳೆಯ ವಿಡಿಯೋವನ್ನು ಎಡಿಟ್ ಮಾಡಿ ಉಜ್ಜಯಿನಿಯಲ್ಲಿ ನಡೆದಿದ್ದು ಎಂದು ಹಂಚಿಕೊಳ್ಳಲಾಗುತ್ತಿದೆ,factly,0
146,2019ರಲ್ಲಿ ನಡೆದ ಬೀದಿ ನಾಟಕವನ್ನು ಆಪ್ಘಾನಿಸ್ತಾನದಲ್ಲಿ ತಾಲಿಬಾನ್‌ಗಳು ಅಲ್ಲಿಯ ನಾಗರೀಕರನ್ನು ಕೊಲ್ಲುತ್ತಿರುವ  ವಿಡಿಯೋ ಎಂದು ಹಂಚಿಕೊಳ್ಳಲಾಗುತ್ತಿದೆ,factly,0
147,ತಾಲಿಬಾನ್‌ ಬಂಡುಕೋರ ಖುಷಿಯಿಂದ ಐಸ್‌ಕ್ರೀಮ್‌ ತಿನ್ನುತ್ತಿದ್ದಾನೆಂದು ಅಫಘಾನ್‌ ನಾಗರಿಕನೊಬ್ಬನ ಹಳೆಯ ಪೋಟೋ ಹಂಚಿಕೊಳ್ಳಲಾಗಿದೆ,factly,0
148,"ಇದು ಪಾಕಿಸ್ತಾನದಲ್ಲಿ ಮುಸ್ಲಿಂ ಗುಂಪು ಹಿಂದೂ ದೇವಾಲಯವನ್ನು ಧ್ವಂಸಗೊಳಿಸುತ್ತಿರುವ ವಿಡಿಯೊವಾಗಿದೆಯೆ ಹೊರತು, ಅಫ್ಘಾನಿಸ್ತಾನದ್ದಲ್ಲ",factly,0
149,"ವಜ್ರಗಳಿಂದ ಅಲಂಕರಿಸಲ್ಪಟ್ಟ ಈ ಶಿವಲಿಂಗವು ಶಿವಕಾಶಿಯ ಮುರುಗನ್ ದೇವಸ್ಥಾನದಲ್ಲಿದೆ, ಕಾಂಚೀಪುರದ ಏಕಂಬರನಾಥ ದೇವಾಲಯದಲ್ಲಿ ಅಲ್ಲ",factly,0
150,ಇದು ಬ್ಯಾಟರಿ ರಹಿತ ‘ಇರಾಕಿಟ್’ ಎಲೆಕ್ಟ್ರಿಕ್ ಮೋಟಾರ್ ಬೈಕ್‌ ಅಲ್ಲ; ಇದು ಬ್ಯಾಟರಿಯ ಸಹಾಯದಿಂದ ಕಾರ್ಯನಿರ್ವಹಿಸುತ್ತದೆ,factly,0
151,ಬ್ರೆಜಿಲ್‌ನ ವೀಡಿಯೊವನ್ನು ಶ್ರೀನಗರದಲ್ಲಿ ಭಯೋತ್ಪಾದಕರನ್ನು ಬಂಧಿಸುವ ದೃಶ್ಯ ಎಂದು ಹಂಚಿಕೊಳ್ಳಲಾಗಿದೆ,factly,0
152,ಲಂಡನ್ನಿನಲ್ಲಿ ಪ್ರದರ್ಶನಗೊಂಡ ನಾಟಕದ ವಿಡಿಯೋವನ್ನು ಆಪ್ಘಾನಿಸ್ತಾನದಲ್ಲಿ ಯುವತಿಯರನ್ನು ಹರಾಜು ಹಾಕುತ್ತಿರುವ ವಿಡಿಯೋ ಎಂದು ಹಂಚಿಕೊಳ್ಳುತ್ತಿದ್ದಾರೆ,factly,0
153,ವ್ಯಂಗ್ಯ ಬರಹವನ್ನು “CNN ಸಂಸ್ಥೆ ತಾಲಿಬಾನ್‌ಗಳನ್ನು ಹೊಗಳುತ್ತಿದೆ” ಎಂದು ಹಂಚಿಕೊಳ್ಳಲಾಗಿದೆ,factly,0
154,ತಾಲಿಬಾನಿಗಳು ಕಲ್ಲಿನಿಂದ ಹೊಡೆದು ಮಹಿಳಾ ಪೈಲಟ್‌ರನ್ನು ಸಾಯಿಸಿದ್ದಾರೆ ಎಂದು ಫರ್ಖುಂಡಾ  ಮಲಿಕ್ಜಾಡಾ ಅವರ ಹಳೆಯ ಚಿತ್ರವನ್ನು ಹಂಚಿಕೊಳ್ಳಲಾಗುತ್ತಿದೆ,factly,0
155,ಕಿಲಿಮಂಜಾರೋ ಪರ್ವತದ ಗಗನ ದೃಶ್ಯಗಳನ್ನು ಕೈಲಾಸ ಪರ್ವತದ ದೃಶ್ಯಗಳೆಂದು ಹಂಚಿಕೊಳ್ಳಲಾಗುತ್ತಿದೆ,factly,0
156,"ಕಣಿವೆಯಲ್ಲಿ ಉಂಟಾದ ಭಾರೀ ಟ್ರಾಫಿಕ್ ಜಾಮ್‌ನ ವಿಡಿಯೋ ಪಾಕಿಸ್ತಾನದ್ದು, ಹಿಮಾಚಲ ಪ್ರದೇಶದ್ದಲ್ಲ",factly,0
157,2020 ಟೋಕಿಯೋ ಒಲಿಂಪಿಕ್ಸ್ ಪುರುಷರ ಎತ್ತರ ಜಿಗಿತ ಸ್ಪರ್ಧೆಯಲ್ಲಿ ಬಾರ್ಶಿಮ್ ಜೊತೆ ಚಿನ್ನ ಹಂಚಿಕೊಂಡ ತಂಬೇರಿ ಗಾಯಗೊಂಡಿರಲಿಲ್ಲ,factly,0
158,ಆಸ್ತಿ ವಿವಾದದ ಗಲಾಟೆಗೆ ಕೋಮು ಬಣ್ಣ ಹಚ್ಚಿ ವಿಡಿಯೋ ಹಂಚಿಕೊಳ್ಳಲಾಗುತ್ತಿದೆ,factly,0
159,"ಇಲ್ಲ, ನೆದರ್‌ಲ್ಯಾಂಡ್ಸ್‌ನ ಪ್ರಾಥಮಿಕ ಶಾಲಾ ವಿದ್ಯಾರ್ಥಿಗಳಿಗೆ ಭಗವದ್ಗೀತೆ ತರಗತಿಗಳನ್ನು ಕಡ್ಡಾಯಗೊಳಿಸಲಾಗಿಲ್ಲ",factly,0
160,ಜೈಲಿನಲ್ಲಿರುವ ಬರ್ಮಾದ ಮಾಜಿ ಪ್ರಧಾನ ಮಂತ್ರಿ ಆಂಗ್ ಸಾನ್ ಸೂಕಿ ಎಂದು ತಿರುಚಿದ ಚಿತ್ರವನ್ನು ಹಂಚಿಕೊಳ್ಳಲಾಗಿದೆ,factly,0
161,ಗಾಂಧಿನಗರ ರೈಲ್ವೇ ನಿಲ್ದಾಣದ ದೃಶ್ಯಗಳನ್ನು ಅಯೋಧ್ಯೆ ರೈಲ್ವೇ ನಿಲ್ದಾಣದ ದೃಶ್ಯಗಳೆಂದು ತಪ್ಪಾಗಿ ಹಂಚಿಕೊಳ್ಳಲಾಗುತ್ತಿದೆ,factly,0
162,ಗುಜರಾತಿನ ಚುಲಿ ಜೈನ ದೇವಾಲಯದ ಶಿಲ್ಪಗಳನ್ನು ಅಯೋಧ್ಯೆ ರಾಮ ಮಂದಿರದ ಅದ್ಭುತ ಶಿಲ್ಪಗಳು ಎಂದು ಹಂಚಿಕೊಳ್ಳಲಾಗಿದೆ,factly,0
163,ಭಾರತೀಯ ಮಹಿಳಾ ಕುಸ್ತಿ ಪಂದ್ಯದ ಹಳೆಯ ವೀಡಿಯೊ ‘ಪಾಕಿಸ್ತಾನದ ಕುಸ್ತಿಪಟುವನ್ನು ಆರ್‌ಎಸ್‌ಎಸ್ ಸದಸ್ಯೆ ಹೊಡೆಯುತ್ತಿದ್ದಾರೆ ಎಂದು ಹರಿದಾಡುತ್ತಿದೆ,factly,0
164,‘Into the Strom’ ಹಾಲಿವುಡ್ ಸಿನೆಮಾದ ದೃಶ್ಯಗಳನ್ನು ಕೆನಾಡದ ಟೊರಂಟೋ ನಗರದಲ್ಲಿ ಬೀಸಿದ ಭಯಂಕರ ಸುಂಟರಗಾಳಿ ಎಂದು ಹಂಚಿಕೊಳ್ಳುತ್ತಿದ್ದಾರೆ,factly,0
165,"ಕಸದರಾಶಿಯಲ್ಲಿ ಬಿದ್ದಿರುವ ಚೆಗುವೆರಾ ಚಿತ್ರಪಟದ ಪೋಟೋ ಸೆರೆಹಿಡಿದಿದ್ದು ಸ್ಫೈನ್ ದೇಶದಲ್ಲಿ, ಕ್ಯೂಬಾದಲ್ಲಿ ಅಲ್ಲ",factly,0
166,ಈ ಫೋಟೋದಲ್ಲಿನ ಆಸ್ಪತ್ರೆಯ ಹಾಸಿಗೆಗೆ ಬಂಧಿಸಲ್ಪಟ್ಟ ಹಿರಿಯ ವ್ಯಕ್ತಿ ಫಾದರ್ ಸ್ಟಾನ್ ಸ್ವಾಮಿ ಅಲ್ಲ,factly,0
167,ಜಮೀನಿನ ಮಾಲೀಕತ್ವವನ್ನು ಅತಿಕ್ರಮಣದಾರರಿಗೆ ವರ್ಗಾಯಿಸಲು ರೋಶ್ನಿ ಕಾಯ್ದೆ ಜಾರಿಗೆ ತರಲಾಯಿತು,factly,0
168,ಎಡಿಟ್ ಮಾಡಲಾದ ಸಿನಿಮಾವೊಂದರ ದೃಶ್ಯವನ್ನು ವಿಶ್ವದ ಮೊದಲ ರೈಲು ಎಂದು ತಪ್ಪಾಗಿ ಹಂಚಿಕೊಳ್ಳಲಾಗುತ್ತಿದೆ,factly,0
169,"ಪಿಒಕೆ ನಮ್ಮದು ಎಂದು ರಾಷ್ಟ್ರೀಯ ಭದ್ರತಾ ಸಲಹೆಗಾರ, ಟ್ವೀಟ್ ಮಾಡಿಲ್ಲ; ಅವರಿಗೆ ಅಧಿಕೃತ ಟ್ವಿಟರ್‌ ಖಾತೆಯಿಲ್ಲ",factly,0
170,ಅಮೆರಿಕಾ ಸರ್ಕಾರ 100 ಡಾಲರ್‌ ನೋಟಿನಲ್ಲಿ ಅಂಬೇಡ್ಕರ್ ಅವರ ಚಿತ್ರವನ್ನು ಮುದ್ರಿಸಿಲ್ಲ,factly,0
171,ಮನಮೋಹನ್ ಸಿಂಗ್  ಅವರನ್ನು ವಿಶ್ವದ ಅತ್ಯಂತ ಪ್ರಾಮಾಣಿಕ ವ್ಯಕ್ತಿ ಎಂದು ಹೇಳುವ ಅಮೆರಿಕನ್‌ ಸಮೀಕ್ಷೆಯ ಯಾವುದೇ ರೇಟಿಂಗ್ ಇಲ್ಲ…,factly,0
172,"ಮನಮೋಹನ್‌ ಸಿಂಗ್‌ ಆಡಳಿತದಲ್ಲಿ ಮಾತ್ರವಲ್ಲ, ಮೋದಿ ಸರ್ಕಾರ ಕೂಡ ಒಂದೇ ದಿನದಲ್ಲಿ 17 ಕೋಟಿ ಮಕ್ಕಳಿಗೆ ಪೋಲಿಯೋ ಲಸಿಕೆ ಹಾಕಿದೆ..",factly,0
173,ಮುಸ್ಲಿಂರ ಮನೆಗಳನ್ನು ಒಡೆದು ಹಾಕಿದಾಗ ಪ್ರಾಚೀನ ದೇವಾಲಯಗಳು ಕಂಡಿವೆ ಎನ್ನುವ ಹಳೆಯ ಸುಳ್ಳು ಸುದ್ದಿಗಳನ್ನ ಮತ್ತೆ ಹಂಚಿಕೊಳ್ಳಲಾಗುತ್ತಿದೆ,factly,0
174,ಭಾರತದಿಂದ ಪರಾರಿಯಾಗಲು ಬಿಜೆಪಿ ಮುಖಂಡರಿಗೆ ಲಂಚ ನೀಡಿದ್ದೇನೆ ಎಂದು ನೀರವ್ ಮೋದಿ ಲಂಡನ್ ನ್ಯಾಯಾಲಯದಲ್ಲಿ ಯಾವುದೇ ಹೇಳಿಕೆ ನೀಡಿಲ್ಲ,factly,0
175,ದಾಲ್ ಸರೋವರದ ಬಳಿ ಅಕ್ರಮವಾಗಿ ನೆಲೆಸಿದ್ದವರನ್ನು ಒಕ್ಕಲೆಬ್ಬಿಸಿದ್ದನ್ನು ರೋಹಿಂಗ್ಯಾಗಳು ಎಂದು ಸುಳ್ಳು ಸಂದೇಶ ಹಂಚಿಕೊಳ್ಳಲಾಗಿದೆ,factly,0
176,ಈ ವೀಡಿಯೊದಲ್ಲಿ ತೋರಿಸಿರುವಂತೆ ಅರಳಿ ಮರದಲ್ಲಿ ಮಾವಿನ ಕಾಯಿ ಬಿಟ್ಟಿದೆ ಎಂಬುದು ಸುಳ್ಳು,factly,0
177,ತಿರುಮಲ ವೆಂಕಟೇಶ್ವರ ಸ್ವಾಮಿಯ ಹಳೆಯ ವಿಡಿಯೋವನ್ನು ಕೊರೊನಾ ಸಮಯದ ವಿಡಿಯೋ ಎಂದು ಹಂಚಿಕೊಳ್ಳಲಾಗುತ್ತಿದೆ,factly,0
178,ಹಾವು ಕಿರುಚುವ ಈ ವೀಡಿಯೊಗೂ ಕರೀಂನಗರಕ್ಕೂ ಯಾವುದೇ ಸಂಬಂಧವಿಲ್ಲ..,factly,0
179,ಗೋಮತಿ ರಿವರ್‌ಫ್ರಂಟ್‌ನ್ನು ಕೇವಲ ಯೋಗಿ ಸರ್ಕಾರ ನಿಮಾರ್ಣ ಮಾಡಿಲ್ಲ; ಅಖಿಲೇಶ್ ಯಾದವ್ ಸರ್ಕಾರದ ಸಮಯದಲ್ಲೂ ಕೆಲಸಗಳು ನಡೆದಿವೆ,factly,0
180,‘ಕೋವಿಶೀಲ್ಡ್ ವ್ಯಾಕ್ಸಿನ್ ಹಾಕಿಸಿಕೊಂಡ ವರ ಬೇಕಾಗಿದ್ದಾನೆ’- ಇದು ನಿಜವಾದ ಪ್ರಕಟಣೆಯಲ್ಲ,factly,0
181,ಬಿಹಾರದ ಹದಗೆಟ್ಟ ಹಳೆಯ ರಸ್ತೆಯ ಚಿತ್ರವನ್ನು ರಾಹುಲ್ ಗಾಂಧಿಯ ವಯನಾಡ್ ಕ್ಷೇತ್ರ ಎಂದು ಹಂಚಿಕೊಳ್ಳಲಾಗುತ್ತಿದೆ,factly,0
182,ಈಶಾನ್ಯ ಕರಾವಳಿ ರಾಜ್ಯಗಳಲ್ಲಿ ‘ಯಾಸ್’ ಚಂಡಮಾರುತದ ಭೀಕರ ದೃಶ್ಯ ಎಂದು ಹಳೆಯ ವಿಡಿಯೋ ಹಂಚಿಕೊಂಡ ಜಾಲತಾಣಿಗರು,factly,0
183,ಪಂಜಾಮ್ ಭಾಕ್ರಾ ನದಿಯಲ್ಲಿ ತೇಲುತ್ತಿರುವ ಈ ರೆಮ್‌ಡಿಸಿವಿರ್ ಔಷಧಿಗಳು ನಕಲಿಯೆಂದು ಡ್ರಗ್ಸ್ ಕಂಟ್ರೋಲರ್ ಆಫೀಸರ್ ನಿರ್ಣಯಿಸಿದ್ದಾರೆ,factly,0
184,2013 ರ  ಈಜಿಫ್ಟ್‌ನ ವಿಡಿಯೊವನ್ನು ‘ಮಾಧ್ಯಮಗಳಿಗೆ ಪೋಸ್‌ ನೀಡುತ್ತಿರುವ ಪ್ಯಾಲೇಸ್ತೀನಿಯನ್ನರ ಶವಗಳು’ ಎಂದು ಸಾಮಾಜಿಕ ಜಾಲತಾಣದಲ್ಲಿ ಹರಿದಾಡುತ್ತಿದೆ,factly,0
185,ಲಸಿಕೆ ಪಡೆದ ಜನರು 2 ವರ್ಷಗಳಲ್ಲಿ ಸಾಯುತ್ತಾರೆ ಎಂದು ಲುಕ್ ಮೊಂಟಾಗ್ನಿಯರ್ ಹೇಳಿಲ್ಲ,factly,0
186,2004ರ ಅಮೆರಿಕಾ –ಇರಾಕ್ ಯುದ್ಧದ ವಿಡಿಯೋವನ್ನು ಇಸ್ರೇಲ್ ಸೈನ್ಯ ಅಲ್-ಅಕ್ಸಾ ಮಸೀದಿಯನ್ನು ವಶಪಡಿಸಿಕೊಂಡಿದೆ ಎಂದು ಹಂಚಿಕೊಳ್ಳುತ್ತಿದ್ದಾರೆ,factly,0
187, ಸುಮಾರು 6 ಕೋಟಿ ರೂ. ವಿವರಿಸಲಾಗದ ನಗದು ಪತ್ತೆ ಎಂದು ಪತ್ರಿಕಾ ಪ್ರಕಟಣೆಯಲ್ಲಿ ಹೇಳಿದೆ,factly,0
188,ಇತ್ತೀಚೆಗೆ ಗಂಗೆಯಲ್ಲಿ ತೇಲುತ್ತಿರುವ ಶವಗಳು ಎಂದು ಹಳೆಯ ಚಿತ್ರಗಳನ್ನು ಹಂಚಿಕೊಳ್ಳಲಾಗುತ್ತಿದೆ,factly,0
189,ಕೊರೊನಾ ಮುಕ್ತ ಭಾರತಕ್ಕಾಗಿ ನನ್ನ ಎಲ್ಲಾ ಸಂಪತ್ತನ್ನು ವ್ಯಯಿಸುತ್ತೇನೆ ಎಂದು ರತನ್ ಟಾಟಾ ಯಾವುದೇ ಹೇಳಿಕೆ ನೀಡಿಲ್ಲ,factly,0
190,ಸಾಮಾಜಿಕ ಮಾಧ್ಯಮಗಳಲ್ಲಿ ವೈರಲ್‌ ಆಗುತ್ತಿರುವ ಸಿಟಿ ಸ್ಕ್ಯಾನ್ ಚಿತ್ರ ಕೊರೊನಾ ಲಸಿಕೆ ಪಡೆದ ವ್ಯಕ್ತಿಯ ಶ್ವಾಸಕೋಶದ ಚಿತ್ರವಲ್ಲ,factly,0
191,"ಸಂಬಂಧವೆ ಇಲ್ಲದ ಅಮೆರಿಕಾದ ಮಗುವಿನ ಹಳೆಯ ಚಿತ್ರವನ್ನು, ಇಸ್ರೇಲ್ ವೈಮಾನಿಕ ದಾಳಿಯಲ್ಲಿ ಗಾಯಗೊಂಡಿರುವ ಫ್ಯಾಲೆಸ್ತೀನಿ ಹೆಣ್ಣು ಮಗುವಿನ ಚಿತ್ರ ಎಂದು ತಪ್ಪಾಗಿ ಹಂಚಿಕೊಳ್ಳಲಾಗಿದೆ",factly,0
192,ಈಜಿಪ್ಟ್‌ನಲ್ಲಿ ನಡೆದ ಬೆಂಕಿ ಅವಘಡದ ಹಳೆಯ ವೀಡಿಯೊವನ್ನು ಇಸ್ರೇಲ್‌ನಲ್ಲಿ ನಡೆದ ಸ್ಪೋಟ ಎಂದು ಹರಿಯಬಿಡಲಾಗುತ್ತಿದೆ,factly,0
193,ಈ ವೀಡಿಯೊದಲ್ಲಿ ಕಾಣುವ ಮಸೀದಿಯನ್ನು ಇಸ್ರೇಲ್ ಸೇನೆಯು ನೆಲಸಮ ಮಾಡಿಲ್ಲ,factly,0
194,ಬಾಬಾ ರಾಮ್‌ದೇವ್‌ರವರು ವೆಂಟಿಲೇಟರ್ ಇರುವ ಆಸ್ಪತ್ರೆಯಲ್ಲಿ ದಾಖಲಾಗಿದ್ದಾರೆ ಎಂದು ಹಳೆಯ ಚಿತ್ರವನ್ನು ಹಂಚಿಕೊಳ್ಳಲಾಗಿದೆ,factly,0
195,ಒಡಿಶಾದಲ್ಲಿ ಪೊಲೀಸರ ಮೇಲೆ ನಡೆದ ಹಲ್ಲೆಯನ್ನು ಟಿಎಂಸಿ ಕಾರ್ಯಕರ್ತರು ಬಂಗಾಳದಲ್ಲಿ ನಡೆಸಿದ ದಾಳಿ ಎಂದು ಹಂಚಿಕೊಳ್ಳಲಾಗುತ್ತಿದೆ,factly,0
196,"2019ರ ಕುಂಭಮೇಳದಲ್ಲಿ ಅಮಿತ್ ಶಾ, ಯೋಗಿ ಆದಿತ್ಯನಾಥ್ ಭಾಗವಹಿಸಿದ್ದ ಚಿತ್ರಗಳನ್ನು ಇತ್ತೀಚಿನದ್ದು ಎಂದು ಹಂಚಿಕೊಳ್ಳಲಾಗುತ್ತಿದೆ",factly,0
197,2021 ಕುಂಭಮೇಳದ ಚಿತ್ರಗಳು ಎಂದು ತಪ್ಪು ಮಾಹಿತಿಯೊಂದಿಗೆ ಹಳೆಯ ಫೋಟೋಗಳು ವೈರಲ್‌,factly,0
198,ಸಂಬಂಧವಿಲ್ಲದ ಹಳೆಯ ಪೋಟೋಗಳನ್ನು ಭಾರತದ ಕೊರೊನಾ ರೋಗಿಗಳ ಚಿತ್ರಣ ಎಂದು ಹಂಚಿಕೊಳ್ಳಲಾಗುತ್ತಿದೆ,factly,0
199,"ವಿಡಿಯೋದಲ್ಲಿನ ಘಟನೆಗೂ ,ಲವ್ ಜಿಹಾದ್‌ಗೂ ಸಂಬಂಧವಿಲ್ಲ; ಪತ್ನಿ ಮೇಲಿನ ಅನುಮಾನದಿಂದ ಗಂಡ ಹತ್ಯೆ ಮಾಡಿದ್ದು, ಇಬ್ಬರೂ ಹಿಂದೂಗಳೆ ಆಗಿದ್ದಾರೆ",factly,0
200,ಸೂಯೆಜ್ ಕಾಲುವೆಯಿಂದ ಹಡಗು ಬಿಡಿಸಿಕೊಂಡು ಚಲಿಸಿದಾಗ ಧೂಮ್ ಚಿತ್ರದ ಹಾಡನ್ನು ಹಾಕಿರಲಿಲ್ಲ,factly,0
201,"ಪ್ಯಾನ್ ಕಾರ್ಡ್‌ಗೆ ಆಧಾರ್ ನಂಬರ್ ಲಿಂಕ್ ಮಾಡದಿದ್ದರೆ ದಂಡ 1,000 ಹೊರತು 10,000 ಅಲ್ಲ",factly,0
202,ಏರೋಸಿಟಿ (ದೆಹಲಿ) ಯಲ್ಲಿನ ಎರಡು ಗುಂಪುಗಳ ನಡುವಿನ ಜಗಳವನ್ನು ನಟ ಅಜಯ್ ದೇವಗನ್ ಅವರು ಮಾಡಿದ್ದಾರೆಂದು ತಪ್ಪಾಗಿ ಲಿಂಕ್‌ ಮಾಡಲಾಗಿದೆ,factly,0
203,ಈ ಕಾಂಗ್ರೆಸ್ ನಾಯಕರು ಬಾಂಗ್ಲಾದೇಶದ ಪ್ರಧಾನಿಯೊಂದಿಗೆ ಸಭೆ ನಡೆಸಿದ್ದು ಮನಮೋಹನ್ ಸಿಂಗ್‌ರವರು ಪ್ರಧಾನಿಯಾಗಿದ್ದ ಅವಧಿಯಲ್ಲಿ ಅಲ್ಲ,factly,0
204,ಪ್ರಧಾನಮಂತ್ರಿ ಮೋದಿ ಖಾಲಿ ಮೈದಾನಕ್ಕೆ ಕೈ ಬೀಸಿ ಶುಭಾಶಯ ಹೇಳುತ್ತಿದ್ದಾರೆಂದು ಎಡಿಟ್‌ ಮಾಡಿದ ವಿಡಿಯೋವನ್ನು ತಪ್ಪಾಗಿ ಹಂಚಿಕೊಳ್ಳಲಾಗಿದೆ,factly,0
205,"ಅಂಬಾನಿ ಮತ್ತು ಅದಾನಿಗಳಿಗೆ ಭೂಮಿ ಕೊಡುವುದಕ್ಕಲ್ಲ, 2008ರಲ್ಲಿ ಅಕ್ರಮ ಕಟ್ಟಡಗಳನ್ನುಕೆಡುವುದರ ಭಾಗವಾಗಿ ಈ ದೇವಸ್ಥಾನಗಳನ್ನು ಕೆಡವಿದರು",factly,0
206,ಪ್ರಧಾನಿ ಮೋದಿಯವರು ಈ ದೇಶದ ಬಡ ಜನರನ್ನು ಮರುಳು ಮಾಡುವ ಸೂತ್ರದ  ದೃಶ್ಯಗಳು ಎಂದು ಎಡಿಟ್ ಮಾಡಿದ ವಿಡಿಯೋ ಹಂಚಿಕೊಳ್ಳಲಾಗಿದೆ.,factly,0
207,ತೆಲಂಗಾಣದಲ್ಲಿ ಇತ್ತೀಚೆಗೆ ನಡೆದ ಕೋಮು ಗಲಭೆಯಲ್ಲಿ ಜಿಹಾದಿಗಳು ಧ್ವಂಸಗೊಳಿಸಿರುವ ಆಸ್ತಿಗಳು ಎಂದು ತಪ್ಪು ಮಾಹಿತಿಯನ್ನು ಹಂಚಿಕೊಳ್ಳಲಾಗುತ್ತಿದೆ,factly,0
208,ಭಾರತ ಇಸ್ಲಾಮಿಕ್ ರಾಷ್ಟ್ರವಾಗಲಿದೆ ಎಂದು ಬದ್ರುದ್ದೀನ್ ಅಜ್ಮಲ್ ಹೇಳಿದ್ದಾರೆಂದು ಎಡಿಟ್ ಮಾಡಿರುವ ವಿಡಿಯೋವನ್ನು ತಪ್ಪಾಗಿ ಹಂಚಿಕೊಳ್ಳಲಾಗಿದೆ,factly,0
209,ಗಾಯಗೊಂಡಿರುವ ಪಶ್ಚಿಮಬಂಗಾಳ ಮುಖ್ಯಮಂತ್ರಿ ಮಮತಾ ಬ್ಯಾನರ್ಜಿ ಗಾಲಿಕುರ್ಚಿಯಿಂದ ಎದ್ದು ನಡೆದುಕೊಂಡು ಹೋಗುತ್ತಿದ್ದಾರೆ ಎಂದು ಎಡಿಟೆಡ್ ಫೋಟೋವನ್ನು ಹಂಚಿಕೊಳ್ಳಲಾಗುತ್ತಿದೆ,factly,0
210,"ಮಮತಾ ಬ್ಯಾನರ್ಜಿಯವರ ಬ್ಯಾಂಡೇಜ್  ಎಡಗಾಲಿನಿಂದ ಬಲಗಾಲಿಗೆ ಬದಲಾಗಿದೆ? ಇಲ್ಲ, ಇದು ಪ್ರತಿಬಿಂಬ",factly,0
211,‘ಕುವೈತ್ ಬಿಲಿಯನೇರ್ ನಾಸರ್ ಅಲ್-ಖರಾಫಿ ಅವರ ಮರಣದ ನಂತರ ಬಿಟ್ಟುಹೋದ ಸಂಪತ್ತು’ ಎಂದು ಸಂಬಂಧವಿಲ್ಲದ ಫೋಟೋಗಳನ್ನು ಹಂಚಿಕೊಳ್ಳಲಾಗುತ್ತಿದೆ,factly,0
212,ಅನ್ಯ ರಾಷ್ಟ್ರಗಳ ಸಮುದ್ರದಲ್ಲಿನ ದೇವಾಲಯ ಮತ್ತು ಆವಾಸಸ್ಥಾನಗಳ ಫೋಟೋಗಳನ್ನು ಭಾರತದ ದ್ವಾರಕಾ ನಗರವು ನೀರೊಳಗಿನ ಚಿತ್ರಗಳೆಂದು ಹಂಚಿಕೊಳ್ಳಲಾಗಿದೆ,factly,0
213,ಪಶ್ಚಿಮ ಬಂಗಾಳದಲ್ಲಿ ಪಿಎಂ ಮೋದಿ ರ್ಯಾಲಿಗೆ ಸೇರಿದ ಜನ ಎಂದು ಹಳೆಯ ಸಂಬಂಧವಿಲ್ಲದ ಫೋಟೊಗಳನ್ನು ಹಂಚಿಕೊಳ್ಳಲಾಗಿದೆ,factly,0
214,ಶಾಲೆಗಳಲ್ಲಿ ‘ಭಗವದ್ಗೀತೆ’ ಮತ್ತು ‘ರಾಮಾಯಣ’ಬೋಧನೆಯನ್ನು ನಿಷೇಧಿಸುವ ‘ಆರ್ಟಿಕಲ್‌ 30 (ಎ)’ ಸಂವಿಧಾನದಲ್ಲಿ ಇಲ್ಲ,factly,0
215,ಅಮಿತ್‌ ಷಾ ಪುತ್ರ ಜೈ ಷಾರನ್ನು ಟೀಕಿಸಿ ಕಪಿಲ್‌ ದೇವ್ ಯಾವುದೇ ಪ್ರತಿಕ್ರಿಯೆ ನೀಡಿಲ್ಲ,factly,0
216,ಪ್ರಧಾನಿ ನರೇಂದ್ರ ಮೋದಿಯವರನ್ನು ಕೇಂದ್ರ ಸಚಿವ ನಿತಿನ್ ಗಡ್ಕರ್ ಟೀಕಿಸಿದ್ದಾರೆ ಎಂದು ಹಳೆಯ ವೀಡಿಯೋವನ್ನು ಹಂಚಿಕೊಳ್ಳಲಾಗಿದೆ,factly,0
217,ಪಾಪ್ ಗಾಯಕಿ ರಿಹಾನ್ನಾ ಕಂಗನಾ ಬಗ್ಗೆ ಅವಹೇಳನಕಾರಿಯಾಗಿ ಟ್ವೀಟ್ ಮಾಡಿಲ್ಲ,factly,0
218,"ಅಧಿಕ ವರ್ಷವನ್ನು ಹೊರತುಪಡಿಸಿ, ಪ್ರತಿ ವರ್ಷದ ಫೆಬ್ರವರಿ ತಿಂಗಳಿನ ವಾರದ ಎಲ್ಲಾ ದಿನಗಳೂ ನಾಲ್ಕು ಬಾರಿ ಪುನರಾವರ್ತನೆಯಾಗುತ್ತದೆ",factly,0
219,2019 ರಲ್ಲಿ ಪುಲ್ವಾಮಾದಲ್ಲಿ ನಡೆದ ಭಯೋತ್ಪಾದಕ ದಾಳಿಯ ವೀಡಿಯೋ ಎಂದು ಹಳೆಯ ವೀಡಿಯೊವನ್ನು ಹಂಚಿಕೊಳ್ಳಲಾಗುತ್ತಿದೆ,factly,0
220,"ಭಗತ್ ಸಿಂಗ್, ಸುಖ್‌ದೇವ್ ಮತ್ತು ರಾಜಗುರು ಅವರನ್ನು ಫೆಬ್ರವರಿ 14 ಪ್ರೇಮಿಗಳ ದಿನದಂದು ಗಲ್ಲಿಗೇರಿಸಲಾಗಿತ್ತು ಎಂದು ಸುಳ್ಳು ಸುದ್ದಿ ಹಂಚಿಕೊಳ್ಳಲಾಗುತ್ತಿದೆ",factly,0
221,ಪೆಟ್ರೋಲ್ ಬೆಲೆ ಬಗ್ಗೆ ಪ್ರಶ್ನೆ ಕೇಳಿದ ವ್ಯಕ್ತಿಯನ್ನು ಕುಳಿತುಕೊಳ್ಳಲು ಪಿಎಂ ಮೋದಿ ಹೇಳಿದರು ಎಂಬ ಎಡಿಟ್ ಮಾಡಿದ ವಿಡಿಯೋ ಹಂಚಿಕೊಳ್ಳಲಾಗಿದೆ,factly,0
222,ಊಟದ ವೇಳೆ ರಾಹುಲ್ ಗಾಂಧಿ ಮಾಸ್ಕ್ ಧಿರಿಸಿದ್ದರು ಎಂದು ವ್ಯಂಗ್ಯ ಮಾಡಲಾಗುತ್ತಿದೆಯೇ ಹೊರತು ಅದು ನಿಜವಲ್ಲ,factly,0
223,ಅಮೃತಸರದ ಅಪಘಾತದ ವಿಡಿಯೋವನ್ನು ಯುಪಿ ಸರ್ಕಾರ ರೈತರ ಪ್ರತಿಭಟನಾಕಾರ ಮೇಲೆ ಹಲ್ಲೆ ಎಂದು ತಪ್ಪಾಗಿ ಹಂಚಿಕೊಳ್ಳಲಾಗಿದೆ,factly,0
224,‘ಹಿಂದೂ ದೇವಸ್ಥಾನ ಧ್ವಂಸಗೊಂಡಿದೆ’ ಎಂದು ಹಳೆಯ ಫೋಟೋಗಳನ್ನು ಹಂಚಿಕೊಳ್ಳಲಾಗುತ್ತಿದೆ.,factly,0
225,ಗಣರಾಜ್ಯೋತ್ಸವದಂದು ಟ್ರಾಕ್ಟರ್ ಪರೇಡ್‌ನಲ್ಲಿ ರೈತರ ಮೇಲೆ ಪೊಲೀಸರ ಹಲ್ಲೆ; ಘಟನೆಗೆ ಸಂಬಂಧವಿಲ್ಲದ ಹಳೆಯ ಫೋಟೋಗಳು ವೈರಲ್‌,factly,0
226,ಈ ವೀಡಿಯೊದಲ್ಲಿ ಭಾರತದ ಧ್ವಜವನ್ನು ತುಳಿಯುತ್ತಿರುವವರು ಭಾರತೀಯ ರೈತರಲ್ಲ,factly,0
227,ಲೈಫ್‌ ಟ್ಯಾಂಕ್‌ ಸಹಾಯದೊಂದಿಗೆ ಈಜುವ 5000 ವರ್ಷ ಹಳೆಯ ಪುರಾತನ ಭಾರತೀಯ ಪ್ರಾತಿನಿಧ್ಯ ಎಂದು ಅಸಿರಿಯಾದ ಕಲೆಯನ್ನು ಹಂಚಿಕೊಳ್ಳಲಾಗಿದೆ,factly,0
228,ಸ್ವಾಮಿ ವಿವೇಕಾನಂದರು 1893 ರ ಲ್ಲಿ ಮಾಡಿರುವ ಭಾಷಣವನ್ನು ಚಿಕಾಗೊ ಆರ್ಟ್ ಇನ್ಸ್ಟಿಟ್ಯೂಟ್‌ನ ಮೆಟ್ಟಿಲುಗಳ ಮೇಲೆ ಪ್ರತಿದಿನ ಪ್ರದರ್ಶಿಸುವುದಿಲ್ಲ,factly,0
229,ಸಂದೇಶಗಳನ್ನು ಕಳುಹಿಸಲು ವಾಟ್ಸಾಪ್ ಬಳಕೆದಾರರಿಗೆ ಶುಲ್ಕ ವಿಧಿಸುವುದಿಲ್ಲ,factly,0
230,ಇಂಡಿಯಾ ಗೇಟ್‌ನಲ್ಲಿ ‘ಸ್ವಾತಂತ್ರ್ಯ ಹೋರಾಟಗಾರರ’ ಹೆಸರು ಕೆತ್ತಲಾಗಿಲ್ಲ,factly,0
231,ರೈತರ ಪ್ರತಿಭಟನೆಯಲ್ಲಿ ಭಾಗವಹಿಸಿದ ನಂತರ ಸಿಖ್ ಉಡುಪಿನಲ್ಲಿ ನಮಾಜ್ ಮಾಡುತ್ತಿರುವ ಮೋಸಗಾರ ಎಂದು ಹಳೆಯ ಫೋಟೋ ಹಂಚಿಕೊಳ್ಳಲಾಗಿದೆ,factly,0
232,ಹಿಂದಿ ಸೈನ್‌ಬೋರ್ಡ್‌ಗಳಿಗೆ ಮಸಿ ಬಳಿಯುವ ಸಿಖ್ ಕಾರ್ಯಕರ್ತರ 2017 ರ ಚಿತ್ರಗಳನ್ನು ಹಾಲಿ ರೈತರ ಪ್ರತಿಭಟನೆಗೆ ತಪ್ಪಾಗಿ ಲಿಂಕ್ ಮಾಡಲಾಗಿದೆ,factly,0
233,ಇದು ವಿರಾಟ್-ಅನುಷ್ಕಾ ಅವರ ನವಜಾತ ಶಿಶುವಿನ ಚಿತ್ರವಲ್ಲ,factly,0
234,ಬಾಲಾಕೋಟ್ ದಾಳಿಯಲ್ಲಿ 300 ಜನರ ಸಾವನ್ನು  ಪಾಕಿಸ್ತಾನದ ರಾಜತಾಂತ್ರಿಕ ಅಧಿಕಾರಿ ಜಾಫರ್ ಹಿಲಾಲಿ ಒಪ್ಪಿಕೊಂಡಿಲ್ಲ,factly,0
235,2013ರ ಅಲಹಾಬಾದ್ ಕುಂಭಮೇಳದ ಚಿತ್ರವನ್ನು ರೈತರ ಪ್ರತಿಭಟನೆಯದ್ದು ಎಂದು ಹಂಚಿಕೊಳ್ಳಲಾಗಿದೆ,factly,0
236,ರೈತರ ಚಿತ್ರವಿರುವ ನ್ಯಾಷನಲ್ ಜಿಯಾಗ್ರಫಿಕ್ ನಿಯತಕಾಲಿಕೆಯ ಮುಖಪುಟದ ಈ ಚಿತ್ರವು ನಕಲಿಯಾಗಿದೆ,factly,0
237,"ಕೇವಲ ಐದಲ್ಲ, ಹಲವಾರು ರಾಷ್ಟ್ರಗಳು ಕೋವಿಡ್ -19 ಲಸಿಕೆಯನ್ನು ಅಭಿವೃದ್ದಿಪಡಿಸುತ್ತಿವೆ ಮತ್ತು ತಯಾರಿಸುತ್ತಿವೆ",factly,0
238,ಪಿಎಎಫ್‌ಎಫ್‌-16 ಜೆಟ್‌ನ ಕಾಕ್‌ಪಿಟ್‌ನಲ್ಲಿ ಪಾಕಿಸ್ತಾನದ ಪೈಲಟ್‌ ಮೂತ್ರ ವಿಸರ್ಜನೆ ಮಾಡಿದ್ದರು ಎಂದು ಎಡಿಟ್ ಮಾಡಿದ ಸುದ್ದಿಯನ್ನು ಹಂಚಿಕೊಳ್ಳಲಾಗಿದೆ,factly,0
239,"ಪ್ರಧಾನಿ ಮೋದಿಯವರನ್ನು ಹೊಗಳಿದ ಈ ವ್ಯಕ್ತಿ ಪಾಕಿಸ್ತಾನದ ಪತ್ರಕರ್ತನಲ್ಲ, ಬದಲಿಗೆ ಭಾರತದವರು",factly,0
240,ಜಗತ್ತಿನಲ್ಲಿನ ಸಿರಿವಂತರ ಪಟ್ಟಿಯಲ್ಲಿ ಸೋನಿಯಾಗಾಂಧಿ ನಾಲ್ಕನೆ ಸ್ಥಾನದಲ್ಲಿ ಇಲ್ಲ,factly,0
241,ಎನ್‌ಜಿಒ ಕಾರ್ಯಕರ್ತೆಗೆ ಶುಭಾಶಯ ಕೋರುತ್ತಿರುವ ಪ್ರಧಾನಿ ಮೋದಿಯ ಚಿತ್ರವನ್ನು ಅದಾನಿ ಪತ್ನಿಗೆ ನಮಿಸುತ್ತಿದ್ದಾರೆ ಎಂದು ಹಂಚಿಕೊಳ್ಳಲಾಗಿದೆ,factly,0
242,ವಿಡಿಯೋದಲ್ಲಿನ ರೈಲು ಅದಾನಿಯದ್ದಲ್ಲ,factly,0
243,ಆಂಧ್ರಪ್ರದೇಶ ಸರ್ಕಾರವು ಅಧಿಕೃತ ಪಡಿತರ ಚೀಟಿಗಳಲ್ಲಿ ಜೀಸಸ್‌ ಫೋಟೋವನ್ನು ಮುದ್ರಿಸಿಲ್ಲ,factly,0
244,2019ರ ಹಳೆಯ ವಿಡಿಯೋವನ್ನು ಇತ್ತೀಚಿನ ರೈತರ ಪ್ರತಿಭಟನೆ ಎಂದು ಹಂಚಿಕೊಳ್ಳಲಾಗುತ್ತಿದೆ,factly,0
245,ಅಂಬಾನಿ ಮೊಮ್ಮಗನನ್ನು ನೋಡಲು ಆಸ್ಪತ್ರೆಗೆ ಭೇಟಿ ನೀಡಿದ ಪ್ರಧಾನಿ ಮೋದಿ ಎಂದು 2014ರ ಚಿತ್ರವನ್ನು ತಪ್ಪಾಗಿ ಹಂಚಿಕೊಳ್ಳಲಾಗಿದೆ,factly,0
246,ಈ ಕೃಷಿ ಆಧಾರಿತ ಕಂಪನಿಗಳನ್ನು ಅದಾನಿ ಗ್ರೂಪ್ 2019 ರಲ್ಲಿ ಸಂಯೋಜಿಸಿಲ್ಲ,factly,0
247,ಪ್ರಸ್ತುತ ನಡೆಯುತ್ತಿರುವ ರೈತರ ಪ್ರತಿಭಟನೆಗೆ ಸಂಬಂಧಿಸಿದ್ದು ಎಂದು ಹಳೆಯ ಮತ್ತು ಸಂಬಂಧವಿಲ್ಲದ ವೀಡಿಯೊಗಳು ಮತ್ತು ಚಿತ್ರಗಳನ್ನು ಹಂಚಿಕೊಳ್ಳಲಾಗುತ್ತಿದೆ,factly,0
248, ಇಮ್ರಾನ್ ಖಾನ್ ಅವರನ್ನು ರೈತ ಪ್ರತಿಭಟನೆಯೊಂದಿಗೆ ತಳುಕುಹಾಕಿ ಸುಳ್ಳು ಮಾಹಿತಿ ಹಂಚಿಕೆ,factly,0
249,ಇತ್ತೀಚಿನ ದೆಹಲಿ ರೈತ ಹೋರಾಟದ ಹಿನ್ನೆಲೆಯಲ್ಲಿ ಹಲವು ಹಳೆಯ ಫೋಟೊಗಳನ್ನು ಹಂಚಿಕೊಳ್ಳಲಾಗಿದೆ,factly,0
250,ರೈತರ ಪ್ರತಿಭಟನೆಯಲ್ಲಿ ನಿವೃತ್ತ ಸೇನಾ ಕ್ಯಾಪ್ಟನ್ ಗಾಯಗೊಂಡಿದ್ದಾರೆ ಎಂದು  ಸಂಬಂಧವಿಲ್ಲದ ಚಿತ್ರವನ್ನು ಹಂಚಿಕೊಳ್ಳಲಾಗಿದೆ,factly,0
251,ಎಎಪಿಯ ಸಂಬಳ ಸಹಿತ ಕಾರ್ಯಕರ್ತರ ಹಳೆಯ ವಿಡಿಯೋವನ್ನು ರೈತರ ಪ್ರತಿಭಟನೆಯದ್ದು ಎಂದು ಹಂಚಿಕೊಳ್ಳಲಾಗಿದೆ,factly,0
252,ರೈತರ ಹೋರಾಟದಲ್ಲಿ ನಕಲಿ ಸಿಖ್‌ನನ್ನು ಪೊಲೀಸರು ಹಿಡಿದಿದ್ದಾರೆ ಎಂದು ಹಳೆಯ ವೀಡಿಯೋವನ್ನು ತಪ್ಪಾಗಿ ಹಂಚಿಕೊಳ್ಳಲಾಗುತ್ತಿದೆ,factly,0
253,ಭಾರತೀಯ ನೌಕಾಪಡೆಯಿಂದ ದೀಪಾವಳಿ ಸಂಭ್ರಮ ಎಂದು ಹಳೆಯ ಅಂತರಾಷ್ಟ್ರೀಯ ಫ್ಲೀಟ್‌ ರಿವ್ಯೂ ವಿಡಿಯೋವನ್ನು ಹಂಚಿಕೊಳ್ಳಲಾಗಿದೆ,factly,0
254,‘ಮಾಸ್ಕ್‌ ಧರಿಸದ ಕಾರಣ ಮುಸ್ಲಿಮರ ಮೇಲೆ ಫ್ರೆಂಚ್ ಪೊಲೀಸ್ ಕ್ರಮ’ ಎಂದು ರೊಮೇನಿಯಾದ ವೀಡಿಯೊವನ್ನು ತಪ್ಪಾಗಿ ಹಂಚಿಕೊಳ್ಳಲಾಗಿದೆ,factly,0
255,"ಈ ಬೆಳಕಿನ ಕಾರಂಜಿ ಪ್ರದರ್ಶನ ಚೀನಾದ್ದು, ರಾಜಸ್ಥಾನದ ಜೋಧ್‌ಪುರದ್ದಲ್ಲ",factly,0
256,ಇತ್ತೀಚಿನ ಘಟನೆಗಳಿಗೆ ಪ್ರತಿಕ್ರಿಯೆಯಾಗಿ ಫ್ರಾನ್ಸ್‌ನಲ್ಲಿ ಮುಸ್ಲಿಮರ ಮೇಲಿನ ದಾಳಿ ಎಂದು ಹಳೆಯ ವೀಡಿಯೊವನ್ನು ತಪ್ಪಾಗಿ ಹಂಚಿಕೊಳ್ಳಲಾಗಿದೆ,factly,0
257,ಫ್ರಾನ್ಸ್‌ನಲ್ಲಿ ಮುಸ್ಲೀಂ ಪ್ರತಿಭಟನಾಕಾರರ ವಿರುದ್ಧ ಪೊಲೀಸರು ಅಶ್ರುವಾಯು ದಾಳಿ ನಡೆಸಿದ್ದಾರೆ ಎಂದು ಟರ್ಕಿಯ 2012ರ ವಿಡಿಯೋವನ್ನು ಹಂಚಿಕೊಳ್ಳಲಾಗಿದೆ,factly,0
258,ಯುಪಿಯಲ್ಲಿ ನಡೆದ ಘಟನೆಗೆ ಸಂಬಂಧಿಸಿದ ಪೋಟೋಗಳನ್ನು ಅರ್ನಾಬ್‌ ಗೋಸ್ವಾಮಿಗೆ ಪೋಲೀಸರು ಹೊಡೆಯುತ್ತಿರುವುದೆಂದು ತಪ್ಪಾಗಿ ಹಂಚಿಕೊಳ್ಳಲಾಗುತ್ತಿದೆ,factly,0
259,ಫ್ರೆಂಚ್ ಪೊಲೀಸರಿಂದ ಮುಸ್ಲಿಂ ಮಹಿಳೆಯ ಮೇಲೆ ಹಲ್ಲೆ ಎಂದು ಕೆನಡಾದ 2017ರ ವಿಡಿಯೋವನ್ನು ಹಂಚಿಕೊಳ್ಳಲಾಗಿದೆ,factly,0
260,ಫ್ರಾನ್ಸ್‌ನ ನೈಸ್‌ನಲ್ಲಿನ ಚಾಕು ದಾಳಿಕೋರನನ್ನು ಪೊಲೀಸರು ಬಂಧಿಸುತ್ತಿರುವ ಈ ವೀಡಿಯೊ ಇದಲ್ಲ,factly,0
261,ಖುರಾನ್ ಬಗೆಗಿನ ವಿವಾದಾತ್ಮಕ ಹೇಳಿಕೆಯಿರುವ 2015 ರ ವೀಡಿಯೋವನ್ನು ಫ್ರಾನ್ಸ್‌ ಸಂಸತ್ತಿನ ವೀಡಿಯೋ ಎಂದು ಹಂಚಿಕೊಳ್ಳಲಾಗುತ್ತಿದೆ,factly,0
262,ಇದು ದಾಳಿ ಮಾಡಿದ ಭಯೋತ್ಪಾದಕರನ್ನು ಫ್ರಾನ್ಸ್  ಪೊಲೀಸರು ಬೆನ್ನಟ್ಟುತ್ತಿರುವ ವಿಡಿಯೋ ಅಲ್ಲ,factly,0
263,ಕೋಲ್ಕತ್ತಾದಲ್ಲಿನ ಸಿಎಎ ವಿರೋಧಿ ಪ್ರತಿಭಟನೆಯ ’ಗೋ ಬ್ಯಾಕ್ ಮೋದಿ’ ಚಿತ್ರವನ್ನು ಬಿಹಾರದ ಪ್ರತಿಭಟನೆಯದ್ದೆಂದು ಹಂಚಿಕೊಳ್ಳಲಾಗುತ್ತಿದೆ,factly,0
264,"ಬಿಹಾರದ ನಾಮಪತ್ರ ಸಲ್ಲಿಸುವ ಕಚೇರಿಯಲ್ಲಿ ಬಂಧಿತನಾದ ಈ ವ್ಯಕ್ತಿಗೂ, 2013ರಲ್ಲಿ ಪಾಟ್ನಾದಲ್ಲಿ ನಡೆದ  ಬಾಂಬ್ ದಾಳಿಗಳಿಗೂ ಸಂಬಂಧವಿಲ್ಲ",factly,0
265,ಕೋಲ್ಕತ್ತದಲ್ಲಿ ಪ್ರಧಾನಿ ನರೇಂದ್ರ ಮೋದಿಯವರ 2014ರ ಸಾರ್ವಜನಿಕ ಸಭೆಯ ಫೋಟೊವನ್ನು ಬಿಹಾರದಲ್ಲಿ ಯೋಗಿ ಸಾರ್ವಜನಿಕ ಸಭೆ ಎಂದು ಹಂಚಿಕೊಳ್ಳಲಾಗಿದೆ,factly,0
266,‘ಸೇಫ್ ಶಾಪ್ ಇಂಡಿಯಾ’ ಇ-ಕಾಮರ್ಸ್ ಕಂಪನಿ ಕಾರ್ಯನಿರ್ವಾಹಕಿಯ ವಿಡಿಯೋವನ್ನು ಕೊಡಗು ಜಿಲ್ಲಾಧಿಕಾರಿ ಎಂದು ತಪ್ಪಾಗಿ ಚಿತ್ರಿಸಲಾಗಿದೆ,factly,0
267,ತನ್ನ ರಿಕ್ಷಾ ಕಸಿದುಕೊಂಡಿದ್ದಕ್ಕೆ ರಿಕ್ಷಾ ಚಾಲಕನೊಬ್ಬ ಅಳುತ್ತಿರುವ ವೀಡಿಯೋ ಭಾರತದ್ದಲ್ಲ; ಬಾಂಗ್ಲಾದೇಶದ್ದು,factly,0
268,ರಾಹುಲ್ ಗಾಂಧಿ ವಿಶ್ವದ ಏಳನೇ ಹೆಚ್ಚು ವಿದ್ಯಾವಂತ ನಾಯಕ ಎಂದು ಫೋರ್ಬ್ಸ್‌ ಪಟ್ಟಿ ಮಾಡಿಲ್ಲ,factly,0
269,ಒಂದೇ ಸಮುದಾಯಕ್ಕೆ ಸೇರಿದ ಇಬ್ಬರು ವ್ಯಕ್ತಿಗಳ ಮದುವೆಯನ್ನು ʼಲವ್‌ ಜೀಹಾದ್‌ʼ ಎಂದು ತಪ್ಪಾಗಿ ಹಂಚಿಕೊಳ್ಳಲಾಗುತ್ತಿದೆ,factly,0
270,"ಈ ಫೋಟೋದಲ್ಲಿರುವ ಹುಡುಗನನ್ನು ಕಳ್ಳತನಕ್ಕಾಗಿ ಅಲ್ಲ, ಕೊಲೆ ಆರೋಪದಲ್ಲಿ ಬಂಧಿಸಲಾಗಿದೆ",factly,0
271,ಈ ಕೇಕ್ ಕತ್ತರಿಸಿ ಸಂಭ್ರಮಿಸುತ್ತಿರುವ ವಿಡಿಯೋ ಮನಮೋಹನ್‌ಸಿಂಗ್‌ ಜನ್ಮದಿನದ್ದಲ್ಲ; ಕಾಂಗ್ರೆಸ್ ಪಕ್ಷದ ಸಂಸ್ಥಾಪನಾ ದಿನದ ಸಂಭ್ರಮದ್ದು,factly,0
272,ಪ್ರಧಾನಿ ಮೋದಿ ಸೇರಿದಂತೆ ವಿವಿಐಪಿಗಳ ಪ್ರಯಾಣಕ್ಕಾಗಿ ಬಳಸುವ ರಿಟ್ರೊಫಿಟೆಡ್ ಬೋಯಿಂಗ್ 777-300 ಇಆರ್ (‘ಏರ್ ಇಂಡಿಯಾ ಒನ್’) ವಿಮಾನ ಇದಲ್ಲ,factly,0
273,“ಬಿಹಾರ ವಿಧಾನಸಭಾ ಚುನಾವಣೆಯ ಕಾರಣ ಇಂದಿರಾಗಾಂಧಿಯವರ ಸೀರೆ ಧರಿಸಿದ ಪ್ರಿಯಾಂಕಾ” ಎಂದು 2009ರ ಹಳೆಯ ಫೋಟೋ ಹಂಚಿಕೊಳ್ಳಲಾಗುತ್ತಿದೆ,factly,0
274,ಶೂಟರ್ ಶ್ರೇಯಾಸಿ ಸಿಂಗ್‌ ರನ್ನು ಕಾಂಗ್ರೆಸ್ ನಾಯಕ ದಿಗ್ವಿಜಯ ಸಿಂಗ್ ಪುತ್ರಿ ಎಂದು ತಪ್ಪಾಗಿ ಚಿತ್ರಿಸಲಾಗಿದೆ,factly,0
275,"ದೇಹಕ್ಕೆ ಕಬ್ಬಿಣದ ಮುಳ್ಳುತಂತಿ ಸುತ್ತಿಕೊಂಡ ಈ ಮಹಿಳೆ ಭಾರತದವರಲ್ಲ, ಶ್ರೀಲಂಕದವರು",factly,0
276,ಇದು ಹತ್ರಾಸ್‌ನಲ್ಲಿ (ಉತ್ತರಪ್ರದೇಶ್) ಅತ್ಯಾಚಾರಕ್ಕೊಳಗಾದ ಸಂತ್ರಸ್ತೆಯ ಫೋಟೋವಲ್ಲ,factly,0
277,ಠಾಕೂರ್ ಸಮುದಾಯವನ್ನು ಬೆಂಬಲಿಸಿ ಯೋಗಿ ಆದಿತ್ಯನಾಥ್‌ ಹೇಳಿಕೆ ನೀಡಿದ್ದಾರೆ ಎಂದು ಎಡಿಟ್‌ ಮಾಡಲಾದ ತುಣುಕನ್ನು ಹಂಚಿಕೊಳ್ಳಲಾಗಿದೆ,factly,0
278,ಈ ಫೋಟೋಗಳಲ್ಲಿರುವ ಪಂಜಾಬ್‌ ಮಹಿಳಾ ಪೊಲೀಸ್ ಮೇಲೆ ಅತ್ಯಾಚಾರ ನಡೆದಿಲ್ಲ. ಅವರು ರಸ್ತೆ ಅಪಘಾತದಿಂದ ಮೃತಪಟ್ಟರು,factly,0
279,ಪಶ್ಚಿಮ ಬಂಗಾಳದಲ್ಲಿ ಹಲ್ಲೆಗೊಳಗಾದ ಬಿಜೆಪಿ ಪಕ್ಷದ ಕಾರ್ಯಕರ್ತನನ್ನು ಕೇಂದ್ರ ಆರೋಗ್ಯ ಸಚಿವ ಹರ್ಷ ವರ್ಧನ್ ಎಂದು ತಪ್ಪಾಗಿ ಬಿಂಬಿಸಲಾಗುತ್ತಿದೆ,factly,0
280,ದೀಪಿಕಾ ಪಡುಕೋಣೆ ರೈತಪರ ಘೋಷಣೆ ಹೊಂದಿದ್ದ ಟೀ ಶರ್ಟ್ ಧರಿಸಿದ್ದರು ಎಂದು ಎಡಿಟ್ ಮಾಡಲಾದ ಫೋಟೊ ಹಂಚಿಕೊಳ್ಳಲಾಗಿದೆ,factly,0
281,"ಈ ಪೋಟೋದಲ್ಲಿ ಇರುವ ವ್ಯಕ್ತಿ ಉತ್ತರಪ್ರದೇಶ ಬಿಜೆಪಿ ಮುಖಂಡ, ಹತ್ರಾಸ್‌ ಅತ್ಯಾಚಾರ ಘಟನೆಯ ಆರೋಪಿಯ ತಂದೆ ಅಲ್ಲ",factly,0
282,ಅಮೆರಿಕದ ಬಸ್ ಮೇಲೆ ಅಂಬೇಡ್ಕರ್ ಮತ್ತು ಅವರ ಪತ್ನಿಯ ಚಿತ್ರ ಎಂದು ಎಡಿಟ್ ಮಾಡಲಾದ ಫೋಟೊ ಹಂಚಿಕೊಳ್ಳಲಾಗಿದೆ,factly,0
283,ಬಾಲಿವುಡ್ ನಟಿ ಶ್ರೀದೇವಿ ಅವರದ್ದು ಅನ್ನಲಾದ ಈ ಮರಣೋತ್ತರ ವರದಿ ನಿಜವಲ್ಲ,factly,0
284,ಮಹಾರಾಷ್ಟ್ರದ ಐಡಿಬಿಐ ಬ್ಯಾಂಕ್ ಮ್ಯಾನೇಜರ್ ಮೇಲೆ ಶಿವಸೇನೆ ಕಾರ್ಯಕರ್ತರು ಹಲ್ಲೆ ನಡೆಸಿಲ್ಲ,factly,0
285,‘ಪಿಎಂ ಕನ್ಯಾ ಆಶಿರ್ವಾದ್ ಯೋಜನೆ’ ಎಂಬ ಯಾವುದೇ ಯೋಜನೆಯನ್ನು ಭಾರತ ಸರ್ಕಾರ ಜಾರಿಮಾಡಿಲ್ಲ,factly,0
286,ಕಂಗನಾ ರಣಾವತ್‌ ಬೆಂಬಲಿಸಿ ಕರ್ಣಿಸೇನಾ ರ್ಯಾಲಿ ಎಂದು ಜಮ್ಮು ರ್ಯಾಲಿಯ ವಿಡಿಯೋವನ್ನು ತಪ್ಪಾಗಿ ಹಂಚಿಕೊಳ್ಳಲಾಗಿದೆ,factly,0
287,ಕಂಗನಾ ರಣಾವತ್ ರಕ್ಷಣೆಗಾಗಿ ಸಾವಿರ ವಾಹನಗಳೊಂದಿಗೆ ಹೊರಟ ಬಿಜೆಪಿ ಎಂದು ಸಂಬಂಧವಿಲ್ಲದ ಹಳೆಯ ಫೋಟೋಗಳನ್ನು ಹಂಚಿಕೊಳ್ಳಲಾಗುತ್ತಿದೆ,factly,0
288,ಸಾಮಾಜಿಕ ಜಾಲತಾಣದಲ್ಲಿ ವೈರಲ್‌ ಆದ ಫೋಟೋ ಲಂಡನ್ ಮ್ಯೂಸಿಯಂನಲ್ಲಿರುವ ಛತ್ರಪತಿ ಶಿವಾಜಿಯ ಚಿತ್ರವಲ್ಲ,factly,0
289,"ಇಲ್ಲ, ಈ ಮೂವರು ಐಪಿಎಸ್ ಅಧಿಕಾರಿಗಳು ಒಡಹುಟ್ಟಿದವರಲ್ಲ, ಸಹಪಾಠಿಗಳು",factly,0
290,ಅಜ್ಜಿಯೊಬ್ಬರೊಂದಿಗೆ ಮೆಟ್ಟಿಲುಗಳ ಮೇಲೆ ಈ ಫೋಟೋದಲ್ಲಿ ಕುಳಿತಿರುವವರು ಭೂಪಾಲಪಲ್ಲಿ ಜಿಲ್ಲಾಧಿಕಾರಿ ಅಬ್ದುಲ್ ಅಜೀಂ,factly,0
291,ಬಾಂಗ್ಲಾ ದೇಶದ ಮುಸ್ಲಿಮರು ನಡೆಸಿದ ಬೃಹತ್ ಪ್ರತಿಭಟನೆಯನ್ನು ಪಶ್ಚಿಮಬಂಗಾಳದ್ದು ಎಂದು ಹಂಚಿಕೊಳ್ಳಲಾಗಿದೆ,factly,0
292,2011ರ ಸುನಾಮಿಯಿಂದ ಜಪಾನ್‌ ಗಾದ ವಿನಾಶದ ವಿಡಿಯೋವನ್ನು ಚೀನಾದ್ದ ಎಂದು ತಪ್ಪಾಗಿ ಹಂಚಿಕೊಳ್ಳಲಾಗಿದೆ,factly,0
293,"ಫೋಟೋದಲ್ಲಿನ ಮುಸ್ಲಿಂ ವ್ಯಕ್ತಿ ಕಳುಹಿಸಿಕೊಡುತ್ತಿರುವ ಹುಡುಗಿಯರು ಅನಾಥರಲ್ಲ, ಅವರನ್ನು ಆತ ದತ್ತು ತೆಗೆದುಕೊಂಡಿಲ್ಲ",factly,0
294,ಗಾಯಗೊಂಡ ಮಹಿಳೆಯ ಹಳೆಯ ಚಿತ್ರಗಳನ್ನು ಸಂಬಂಧವಿಲ್ಲದ ಸ್ವೀಡನ್ ಗಲಭೆಯೆಗೆ ಆರೋಪಿಸಿ ಹಂಚಿಕೊಳ್ಳಲಾಗಿದೆ,factly,0
295,2015ರಲ್ಲಿ ನಾರ್ವೆಯ ಮುಸ್ಲಿಮರ ಮಾನವ ಸರಪಳಿ ಫೋಟೋವನ್ನು ಸ್ವೀಡನ್‌ ಗೆ ತಪ್ಪಾಗಿ ಬೆಸೆಯಲಾಗಿದೆ,factly,0
296,ಪೂರ್ವ ಲಡಾಕ್‌ನಲ್ಲಿ ಚೀನಾ ಆಕ್ರಮಿಸಿಕೊಂಡಿದ್ದ ಪ್ರದೇಶವನ್ನು ಮರುವಶಪಡಿಸಿಕೊಂಡ ನಂತರ ಸೇನಾ ಸಿಬ್ಬಂದಿ ನೃತ್ಯ ಮಾಡುತ್ತಿದ್ದಾರೆಂದು ಹಳೆಯ ವಿಡಿಯೋವನ್ನು ತಪ್ಪಾಗಿ ಹಂಚಿಕೊಳ್ಳಲಾಗಿದೆ,factly,0
297,‘ಕೆಂಪು ಮರ್ಕ್ಯುರಿ’ ಎಂಬುವುದುಮಿಥ್ಯೆ. ಇದು ಹಳೆಯ  ಟಿವಿಗಳು ಮತ್ತು ರೇಡಿಯೋಗಳಲ್ಲಿ ಸಿಕ್ಕುವುದಿಲ್ಲ,factly,0
298,ಭಾರತದ ಜಿಡಿಪಿ ಬೆಳವಣಿಗೆಯ ದರ 2020 ಏಪ್ರಿಲ್‌ನಲ್ಲಿ ಐಎಂಎಫ್ ನಿರೀಕ್ಷಿಸಿದ್ದ 1.9% ನಿಂದ ಇತ್ತೀಚಿಗೆ -4.5%ಗೆ ಕುಸಿದಿದೆ,factly,0
299,ಅಯೋಧ್ಯೆ ರಾಮಮಂದಿರ ಚಿತ್ರವಿರುವ ಜಾಹೀರಾತು ಫಲಕಗಳನ್ನು ಹೊಂದಿರುವ ಟ್ರಕ್‌ನ ಈ ವಿಡಿಯೋ ಸಿಡ್ನಿಯದ್ದು (ಆಸ್ಟ್ರೇಲಿಯಾ),factly,0
300,ಟೊಕಿಯೋ 2020ರ ಒಲಂಪಿಕ್ಸ್‌ಗಾಗಿ ಸಿದ್ಧಪಡಿಸಿದ ಪಟಾಕಿ ಪ್ರದರ್ಶನವೆಂದು ಸಂಬಂಧವಿಲ್ಲದ ಡಿಜಿಟಲ್ ಸಿಮ್ಯುಲೇಶನ್ ವಿಡಿಯೋ ಹಂಚಿಕೊಳ್ಳಲಾಗಿದೆ,factly,0
301,ಬುರ್ಜ್ ಖಲೀಫ ಕಟ್ಟಡವನ್ನು ಇಸ್ರೇಲ್ ಬಾವುಟದ ಚಿತ್ರದಿಂದ ಬೆಳಗಿಸಿಲ್ಲ,factly,0
302,IC3 ಸಂಸ್ಥೆಯ ಸ್ಥಾಪಕ ಗಣೇಶ್ ಕೊಹ್ಲಿಯವರ ಹಳೆಯ ವಿಡಿಯೋವನ್ನು ಗೂಗಲ್‌ ಸಿಇಒ ಸುಂದರ್ ಪಿಚ್ಚೈರವರದು ಎಂದು ತಪ್ಪಾಗಿ ಹಂಚಿಕೊಳ್ಳಲಾಗಿದೆ,factly,0
303,ಪಾಕಿಸ್ತಾನಿ ಪುರುಷರು ವಿವಾದಿತ ಭೂಮಿಯಲ್ಲಿ ಸಸಿಗಳನ್ನು ಬೇರುಸಹಿತ ಕಿತ್ತುಹಾಕಿದ ಘಟನೆಗೆ  ಸುಳ್ಳು ಕೋಮು ಬಣ್ಣ ನೀಡಲಾಗಿದೆ,factly,0
304,ಕರ್ನಾಟಕದ ಕಲಾತ್ಮಕ ಆಲದ ಮರದ ಕೆತ್ತನೆಯ ಚಿತ್ರವನ್ನು ಪ್ರಯಾಗದ ನಾಗ ವಾಸುಕಿ ದೇವಸ್ಥಾನದಲ್ಲಿ ಕಲ್ಲಿನಲ್ಲಿ ಕೆತ್ತಿದ ಶಿಲ್ಪವೆಂದು ಹೇಳಿ ಹಂಚಿಕೊಳ್ಳಲಾಗಿದೆ,factly,0
305,ತಿರುಚಿದ 2010 ರ ಛಾಯಾಚಿತ್ರವನ್ನು 74ನೇ ಸ್ವಾತಂತ್ರ್ಯ ದಿನದ ಕಾಶ್ಮೀರದ ಲಾಲ್ ಚೌಕದ ಚಿತ್ರವೆಂದು ಹೇಳಿ ಹಂಚಿಕೊಳ್ಳಲಾಗಿದೆ,factly,0
306,ಈ ವಿಡಿಯೋದಲ್ಲಿ ಕೊರೊನಾ ಲಸಿಕೆ ಪ್ರಯೋಗಕ್ಕೆ ಒಳಗಾದ ಯುವತಿ ರಷ್ಯಾ ಅಧ್ಯಕ್ಷ ವ್ಲಾಡಿಮಿರ್ ಪುಟಿನ್ ಅವರ ಮಗಳಲ್ಲ,factly,0
307,ರಾಜಸ್ಥಾನದ ಕೌಟುಂಬಿ ಕಕಲಹಕ್ಕೆ ಸಂಬಂಧಿಸಿದ ಘಟನೆಗೆ ಕೋಮು ಆಯಾಮ,factly,0
308,ವರ್ಜಿನಿಯಾ ವಿವಿ ಹಾಸ್ಪಿಟಲ್ ವಿನ್ಯಾಸವನ್ನು ಅಯೋಧ್ಯೆಯಲ್ಲಿ ಕಟ್ಟಲಿರುವ ಬಾಬ್ರಿ ಆಸ್ಪತ್ರೆ ಕಟ್ಟಡದ ವಿನ್ಯಾಸ ಎಂದು ಹಂಚಿಕೊಳ್ಳಲಾಗಿದೆ,factly,0
309,ಅಯೋಧ್ಯೆಯ ರಾಮಮಂದಿರ ನಿರ್ಮಾಣದ ಜಾಗದಲ್ಲಿ ಯಾವುದೇ ಟೈಮ್ ಕ್ಯಾಪ್ಸುಲ್  ಹೂಳಲಾಗಿಲ್ಲ,factly,0
310,ಈ ವಿಡಿಯೋದಲ್ಲಿ ಹಾಡುವ ವ್ಯಕ್ತಿ ದಿವಂಗತ ಭಾರತೀಯ ಪೈಲಟ್ ದೀಪಕ್ ವಸಂತ್ ಸಾಥೆ ಅಲ್ಲ,factly,0
311,ಫ್ಲೈಟ್ ಸಿಮ್ಯುಲೇಶನ್ ವೀಡಿಯೊವನ್ನು ಏರ್ ಇಂಡಿಯಾ ಎಕ್ಸ್ಪ್ರೆಸ್ ವಿಮಾನ  ಅಪಘಾತಗೊಳ್ಳುವುದಕ್ಕೆ ಸ್ವಲ್ಪ ಮುಂಚಿನ ಹಾರಟದ ದೃಶ್ಯ ಎಂದು ಹಂಚಿಕೊಳ್ಳಲಾಗಿದೆ,factly,0
312,ಹಿಂದೂ ದೇವಾಲಯದಲ್ಲಿ ಏಸು ಫೋಟೊ ಇಟ್ಟು ಪೂಜೆ ಮಾಡಲು ಪೊಲೀಸ್ ವರಿಷ್ಠಾಧಿಕಾರಿ ದಿವ್ಯಾ ಸಾರಾ ಥಾಮಸ್ ಒತ್ತಾಯಿಸಿಲ್ಲ,factly,0
313,ಕಲಬುರ್ಗಿಯ (ಗುಲ್ಬರ್ಗಾ) ಜಾಮಿಯಾ ಮಸೀದಿಯನ್ನು ನೆಲಸಮ ಮಾಡಲಾದ ಬಾಬರಿ ಮಸೀದಿ ಎಂದು ತಪ್ಪಾಗಿ ಹೇಳಿ ಹಂಚಿಕೊಳ್ಳಲಾಗಿದೆ,factly,0
314,ಈ ಕೊಲೆಗಾರ ವೈದ್ಯನ 125 ಅಕ್ರಮ ಮೂತ್ರಪಿಂಡ ಕಸಿಯನ್ನು ಕೋವಿಡ್-19ಗೆ ತಪ್ಪಾಗಿ ಜೋಡಿಸಲಾಗಿದೆ,factly,0
315,ಹಳೆಯ ಮತ್ತು ಸಂಬಂಧವಿಲ್ಲದ ವಿಡಿಯೋಗಳನ್ನು ರಾಮಮಂದಿರ ಶಿಲಾನ್ಯಾಸ ಕಾರ್ಯಕ್ರಮದ ಸಂದರ್ಭದಲ್ಲಿ ತಪ್ಪಾಗಿ ಹಂಚಿಕೊಳ್ಳಲಾಗಿದೆ,factly,0
316,2017 ರಲ್ಲಿ ಪ್ರಧಾನಿ ನರೇಂದ್ರ ಮೋದಿ ಬಿಡುಗಡೆ ಮಾಡಿದ ರಾಮಾಯಣ ಸ್ಮರಣಾರ್ಥ ಅಂಚೆ ಚೀಟಿಗಳನ್ನು ಇತ್ತೀಚಿನದೆಂದು ಹಂಚಿಕೊಳ್ಳಲಾಗಿದೆ,factly,0
317,ಬ್ರೆಜಿಲಿಯನ್ ವಾಯುಪಡೆಯ ವಿಮಾನಗಳಿಗೆ ಆಗಸದಲ್ಲಿ ಇಂಧನ ತುಂಬುವ ವಿಡಿಯೋ ತುಣುಕನ್ನು ಭಾರತ ಖರೀದಿಸಿದ ರಫೇಲ್ ಫೈಟರ್ ಜೆಟ್‌ಗಳೆಂದು ಬಿಂಬಿಸಿ ಹಂಚಿಕೊಳ್ಳಲಾಗಿದೆ,factly,0
318,2018 ರಲ್ಲಿ ಸ್ಪೇನ್‌ನಲ್ಲಿ ನಡೆದಿದ್ದ ನೃತ್ಯ ಕಾರ್ಯಕ್ರಮದ ವಿಡಿಯೊವನ್ನು ಅಯೋಧ್ಯೆ ರಾಮ ಮಂದಿರ ನಿರ್ಮಾಣದ ಸಂಭ್ರಮಾಚರಣೆ ಎಂದು ತಪ್ಪಾಗಿ ಹಂಚಿಕೊಳ್ಳಲಾಗಿದೆ,factly,0
319,ಮಾಸ್ಕ್ ಧರಿಸದ ಕಾರಣಕ್ಕೆ ಕಾನ್ಪುರ ಪೊಲೀಸರು ಮೇಕೆಯನ್ನು ಬಂಧಿಸಿಲ್ಲ,factly,0
320,ಜೈನ ದೇವಾಲಯದ ಹಳೆಯ 3ಡಿ ಅನಿಮೇಷನ್ ವಿಡಿಯೋವನ್ನು ಅಯೋಧ್ಯೆಯ ರಾಮ ಮಂದಿರ ವಿನ್ಯಾಸ ಎಂದು ತಪ್ಪಾಗಿ ಪ್ರತಿಪಾದಿಸಲಾಗಿದೆ,factly,0
321,ಗುಂಡಿಗಳೇ ತುಂಬಿರುವ ರಸ್ತೆಯಲ್ಲಿ ವಾಹನಗಳು ಜಿಗಿದು ಹೋಗುವ ವಿಡಿಯೋ ಭಾರತದ್ದಲ್ಲ,factly,0
322,ಪ್ರಯಾಗರಾಜ್ ನಗರದಲ್ಲಿ ಹಿಂದೂ ದೇವತೆಗಳ ಚಿತ್ರಗಳನ್ನು ಬಿಡಿಸಿದ ಮನೆಗಳು ಮತ್ತು ಸೇತುವೆಯ ಕಂಬಗಳ ಛಾಯಾಚಿತ್ರಗಳನ್ನು ಅಯೋಧ್ಯೆಯದ್ದು ಎಂದು ತಪ್ಪಾಗಿ ಹಂಚಿಕೊಳ್ಳಲಾಗಿದೆ,factly,0
323,ಅಲಹಾಬಾದ್ ರೈಲ್ವೆ ಸೇತುವೆ ಕೆಳದಾರಿಯನ್ನು (ಅಂಡರ್‌ಪಾಸ್) ಪಿಎಂ ಮೋದಿಯವರ ಕ್ಷೇತ್ರ ವಾರಣಾಸಿಯ ರಸ್ತೆಯ ಸ್ಥಿತಿಯೆಂದು ತಪ್ಪಾಗಿ ಚಿತ್ರಿಸಲಾಗಿದೆ,factly,0
324,ಈ 3ಡಿ ದೃಶ್ಯವು ಅಯೋಧ್ಯೆಯಲ್ಲಿ ಕಟ್ಟಲು ಉದ್ದೇಶಿಸಿರುವ ರಾಮಮಂದಿರದ ವಿನ್ಯಾಸವಲ್ಲ,factly,0
325,ಬಿಹಾರದ ರಸ್ತೆಯ ಹಳೆಯ ಫೋಟೋವೊಂದನ್ನು ರಾಹುಲ್ ಗಾಂಧಿ ಕ್ಷೇತ್ರ ವಯನಾಡಿನ ರಸ್ತೆಗಳ ಕರುಣಾಜನಕ ಸ್ಥಿತಿ ಎಂದು ಹಂಚಿಕೊಳ್ಳಲಾಗಿದೆ,factly,0
326,ರಾಮ ಮಂದಿರವನ್ನು ನಿರ್ಮಿಸಿದರೆ ಆತ್ಮಹತ್ಯೆ ಮಾಡಿಕೊಳ್ಳುವುದಾಗಿ ಕಾಂಗ್ರೆಸ್ ಮುಖಂಡ ಕಪಿಲ್ ಸಿಬಲ್ ಹೇಳಿಲ್ಲ,factly,0
327,ಮನೆಯಲ್ಲಿ ಕೋವಿಡ್ ಮೆಡಿಕಲ್ ಕಿಟ್ ಇಟ್ಟುಕೊಳ್ಳುವುದು ಅಗತ್ಯ ಎಂಬ ಸಂದೇಶ ಟಾಟಾ ಹೆಲ್ತ್‌ ನದಲ್ಲ,factly,0
328,ಜಿಂಕೆ ಮರಿಯನ್ನು ರಕ್ಷಿಸುತ್ತಿರುವ ಬಾಂಗ್ಲಾದೇಶಿ ಹುಡುಗನ ಚಿತ್ರಗಳನ್ನು ಅಸ್ಸಾಂನ ಬಾಹುಬಲಿ ಎಂದು ಬಣ್ಣಿಸಲಾಗಿದೆ,factly,0
329,ದೆಹಲಿ ಪೊಲೀಸರ ಹಳೆಯ ವಿಡಿಯೋವನ್ನು ‘ವಿಕಾಸ್ ದುಬೆ ಎನ್ಕೌಂಟರ್ ನಂತರ ಯುಪಿ ಪೊಲೀಸರ ಕುಣಿತ’ ಎಂದು ತಪ್ಪಾಗಿ ಹಂಚಿಕೊಳ್ಳಲಾಗಿದೆ,factly,0
330,"ಎಡಿಟ್ ಮಾಡಿದ ವಿಡಿಯೋವನ್ನು ಹಾಕಿ, ‘ಮೂರು ಕಣ್ಣಿರುವ ಮಗು ಜನನ’ ಎಂದು ತಪ್ಪಾಗಿ ಶೇರ್ ಮಾಡುತ್ತಿದ್ದಾರೆ",factly,0
331,ಕೋವಿಡ್ 19 ರೋಗಕ್ಕೆ ರಷ್ಯಾ ಇನ್ನೂ ವ್ಯಾಕ್ಸಿನ್ ಕಂಡುಹಿಡಿದಿಲ್ಲ. ಇನ್ನೂ ಕ್ಲಿನಿಕಲ್ ಪ್ರಯೋಗಗಳು ನಡೆಯುತ್ತಿವೆ,factly,0
332,"‘ಗದೆ, ಬಿಲ್ಲು ಮತ್ತು ಬಾಣ’ ಶಿಲ್ಪಕಲೆ ಹೊಂದಿರುವ ಸರ್ಕಲ್‌ ಇರುವುದು ವಡೋದರಾದಲ್ಲಿ,  ಅಯೋಧ್ಯೆಯಲ್ಲಿ ಅಲ್ಲ",factly,0
333,ಗಾಲ್ವಾನ್ ಸಂಘರ್ಷದಲ್ಲಿ 100ಕ್ಕೂ ಹೆಚ್ಚು ಚೀನಿ ಸೈನಿಕರ ಹತ್ಯೆಯಾಗಿದೆ ಎಂದು ಜಿಯಾನ್ಲಿ ಯಾಂಗ್ ಹೇಳಿಲ್ಲ,factly,0
334,ವಿವಿಧ ದೇಶಗಳಲ್ಲಿನ ಪೆಟ್ರೋಲ್ ಬೆಲೆಯ ತಪ್ಪಾದ ದರಪಟ್ಟಿಯನ್ನು ಭಾರತದ ಬೆಲೆಗೆ ಹೋಲಿಸಲಾಗುತ್ತಿದೆ,factly,0
335,ಅಮಿತಾಬ್ ಬಚ್ಚನ್ ಅವರು ನಾನಾವತಿ ಆಸ್ಪತ್ರೆಯ ಸಿಬ್ಬಂದಿಯನ್ನು ಶ್ಲಾಘಿಸುವ ಹಳೆಯ ವಿಡಿಯೋವನ್ನು ಈಗಿನ ವಿಡಿಯೊ ಎಂದು ಹಂಚಿಕೊಳ್ಳಲಾಗುತ್ತಿದೆ,factly,0
336,ಡ್ರೋಣ್ ಬಾಯ್ ಪ್ರತಾಪ್‌ನನ್ನು ವಿಜ್ಞಾನಿಯಾಗಿ DRDOಗೆ ಪ್ರಧಾನಿ ಮೋದಿಯವರು ನೇಮಿಸಿಲ್ಲ,factly,0
337,ಭಾರತ್ ಬಯೋಟೆಕ್ ವಿ.ಪಿ ‘ಕೋವಾಕ್ಸಿನ್’ (ಕೋವಿಡ್ -19 ಲಸಿಕೆ) ಮೊದಲ ಡೋಸ್ ತೆಗೆದುಕೊಳ್ಳುತ್ತಿರುವುದಾಗಿ ಸಂಬಂಧವಿಲ್ಲದ ಫೋಟೋವನ್ನು ತಪ್ಪಾಗಿ ಹಂಚಿಕೊಳ್ಳಲಾಗುತ್ತಿದೆ,factly,0
338,ಕಾನ್ಪುರದಲ್ಲಿ 8 ಯು.ಪಿ ಪೊಲೀಸರನ್ನು ಕೊಂದ ಕುಖ್ಯಾತ ಕ್ರಿಮಿನಲ್ ವಿಕಾಸ್ ದುಬೆ ಎಂದು ಬಿಜೆಪಿ ನಾಯಕ ವಿಕಾಸ್ ದುಬೆ ಅವರನ್ನು ತಪ್ಪಾಗಿ ಚಿತ್ರಿಸಲಾಗಿದೆ,factly,0
339,ಬಿಹಾರದಲ್ಲಿ ‘ಜ್ಯೋತಿ ಕುಮಾರಿ’ ಬಾಲಕಿಯ ಸಾವನ್ನು ‘ಸೈಕಲ್ ಹುಡುಗಿ’ ಜ್ಯೋತಿ ಕುಮಾರಿ ಪಾಸ್ವಾನ್ ಅವರೊಂದಿಗೆ ತಪ್ಪಾಗಿ ಸಂಬಂಧಿಸಲಾಗಿದೆ,factly,0
340,ಪ್ರಧಾನಿ ಭೇಟಿಗಾಗಿ ಲೇಹ್‌ ಮಿಲಿಟರಿ ಆಸ್ಪತ್ರೆಯಲ್ಲಿ ನಕಲಿ ವಾರ್ಡ್ ಸೃಷ್ಟಿ ಮಾಡಿಲ್ಲ,factly,0
341,ಭಾರತೀಯ ಮಾಧ್ಯಮಗಳ ಪ್ರಸ್ತುತ ಸ್ಥಿತಿಯನ್ನು ಚಿತ್ರಿಸುವ ವ್ಯಂಗ್ಯಚಿತ್ರವನ್ನು ಅಮೇರಿಕನ್ ವ್ಯಂಗ್ಯಚಿತ್ರಕಾರ ಬೆನ್ ಗ್ಯಾರಿಸನ್ ಬಿಡಿಸಿಲ್ಲ,factly,0
342,ವಿಡಂಬನಾತ್ಮಕ ಲೇಖನವನ್ನು ‘ಬಡ್ವೈಸರ್ ಉದ್ಯೋಗಿ ಬಿಯರ್ ಟ್ಯಾಂಕ್ ಗಳಲ್ಲಿ ಮೂತ್ರ ಮಾಡಿರುವುದಾಗಿ ಒಪ್ಪಿಕೊಂಡಿದ್ದಾನೆ’ ಎಂದು ಶೇರ್ ಮಾಡಲಾಗಿದೆ,factly,0
343,ತೈಲಬೆಲೆ ಏರಿಕೆ ಖಂಡಿಸಿ ಪೆಟ್ರೋಲ್ ಬಂಕ್ ಧ್ವಂಸ ಎಂದು 2018ರ ವಿಡಿಯೋವನ್ನು ತಪ್ಪಾಗಿ ಹಂಚಿಕೊಳ್ಳಲಾಗಿದೆ,factly,0
344,ರಷ್ಯಾದ ಹೆದ್ದಾರಿಯಲ್ಲಿ ಟ್ರಕ್ ಒಂದು ಕಾರುಗಳ ಮೇಲೆ ನುಗ್ಗುತ್ತಿರುವ ವಿಡಿಯೋವನ್ನು ಮೈಸೂರು ರಸ್ತೆಯಲ್ಲಾದ ಅಪಘಾತ ಎಂದು ಹಂಚಿಕೊಳ್ಳಲಾಗುತ್ತಿದೆ,factly,0
345,ಅಮೇರೀಕಾಗೆ ಸಂಬಂಧಿಸಿದ ಹೆಲಿಕಾಪ್ಟರ್‌ಗಳನ್ನು ತೋರಿಸುತ್ತಾ ಭಾರತ ಪಾಂಗೋಂಗ್‌ ಸರೋವರದ ಮೇಲೆ ಗಸ್ತು ತಿರುಗುತ್ತಿದೆ ಎಂದು ಶೇರ್‌ ಮಾಡುತ್ತಿದ್ದಾರೆ,factly,0
346,ಜನತಾ ಕರ್ಫ್ಯೂ ದಿನದಂದು ತೆಗೆದ ಫೋಟೋವನ್ನು ಸೂರ್ಯಗ್ರಹಣಕ್ಕೆ ತಪ್ಪಾಗಿ ಲಿಂಕ್ ಮಾಡಲಾಗಿದೆ,factly,0
347,‘ಕೊರೊನಿಲ್ ಅನುಮೋದನೆಯನ್ನು ತಡೆದಿದ್ದಕ್ಕಾಗಿ ಡಾ. ಮುಜಾಹಿದ್ ಹುಸೇನ್ ಅವರನ್ನು ಆಯುಶ್ ಸಚಿವಾಲಯ ವಜಾಮಾಡಿದೆ’ ಎಂದು ನಕಲಿ ಸುದ್ದಿಯೊಂದು ಪ್ರತಿಪಾದಿಸಿದೆ,factly,0
348,ಚೀನಾವನ್ನು ಬೆಂಬಲಿಸಿ ಸಿಪಿಐ (ಎಂ) ನಾಯಕರು ಭಾರತೀಯ ಸೇನೆಯ ವಿರುದ್ಧ ಪ್ರತಿಭಟನೆ ನಡೆಸುತ್ತಿದ್ದಾರೆಂದು ತಿರುಚಿದ ಫೋಟೋಗಳನ್ನು ಹಂಚಿಕೊಳ್ಳಲಾಗಿದೆ,factly,0
349,ಇಂದಿರಾ ಗಾಂಧಿ ಲೇಹ್ ನಲ್ಲಿ ಭಾರತೀಯ ಸೈನಿಕರನ್ನು ಉದ್ದೇಶಿಸಿ ಮಾತನಾಡುವ ಫೋಟೋ ಗಾಲ್ವಾನ್ ಕಣಿವೆಯದ್ದು ಎಂದು ಹಂಚಿಕೊಳ್ಳಲಾಗಿದೆ,factly,0
350,ಗಾಲ್ವಾನ್  ಕಣಿವೆಯಲ್ಲಿ ಇತ್ತೀಚೆಗೆ ನಡೆದ ಘರ್ಷಣೆಯಲ್ಲಿ ಹುತಾತ್ಮರಾದ ಭಾರತೀಯ ಸೈನಿಕರ ಚಿತ್ರಗಳು ಎಂದು ಹಳೆಯ ಫೋಟೋಗಳನ್ನು ಲಿಂಕ್ ಮಾಡಲಾಗಿದೆ,factly,0
351,ಲಡಾಖ್‌ನ ಗಾಲ್ವಾನ್ ಕಣಿವೆಯಲ್ಲಿ ಇತ್ತೀಚೆಗೆ ನಡೆದ ಭಾರತ-ಚೀನಾ ಗಡಿ ಘರ್ಷಣೆಯ ಹಿನ್ನೆಲೆಯಲ್ಲಿ ಹಳೆಯ ವಿಡಿಯೋಗಳನ್ನು ಮತ್ತೆ ಹಂಚಿಕೊಳ್ಳಲಾಗುತ್ತಿದೆ,factly,0
352,ಉದ್ಯಾನವನದ ಈ ಜಿಮ್ ಉಪಕರಣಗಳು ಭೂತ ಚೇಷ್ಟೆಯಿಂದ ಚಲಿಸುತ್ತಿಲ್ಲ,factly,0
353,ಸುಶಾಂತ್ ಸಿಂಗ್ ರಾಜಪೂತ್ ಅವರನ್ನು ಕ್ರಿಕೆಟರ್ ಎಂದು ಸಂಬೋಧಿಸಿದ್ದಾರೆ ಎಂದು ಈಗ ಅಮಿತ್ ಶಾ ಅವರ ಟ್ವೀಟ್ ತಿರುಚಲಾಗಿದೆ,factly,0
354,ಈ ಫೋಟೋದಲ್ಲಿರುವ ವೆಂಟಿಲೇಟರ್ ಅನ್ನು ‘PM CARES’ ನಿಧಿಯಿಂದ ಖರೀದಿಸಲಾಗಿದೆ,factly,0
355,"ಬಾರಾಮುಲ್ಲಾದ (ಜಮ್ಮು ಮತ್ತು ಕಾಶ್ಮೀರ) ಕ್ವಾರಂಟೈನ್ ಕೇಂದ್ರದಲ್ಲಿ ಜನ ಕ್ರಿಕೆಟ್ ಆಡುತ್ತಿರುವ ವಿಡಿಯೋ ಇದು, ಮುಂಬೈನದ್ದಲ್ಲ",factly,0
356,ಸುಶಾಂತ್ ಸಿಂಗ್ ರಜಪೂತ್ ಅವರನ್ನು ಕ್ರಿಕೆಟರ್‍ ಎಂದು ರಾಹುಲ್ ಗಾಂಧಿ ತಮ್ಮ ಟ್ವೀಟ್ ನಲ್ಲಿ ಉಲ್ಲೇಖಿಸಿಲ್ಲ,factly,0
357,‘53000 ಕೋಟಿ ರೂ 41 ಕೋಟಿ ಬ್ಯಾಂಕ್ ಖಾತೆಗಳಿಗೆ’ ಎಂದು ಅಮಿತ್ ಶಾ ಹೇಳಿದ್ದನ್ನು ತಪ್ಪಾಗಿ ಉಲ್ಲೇಖಿಸಿದ ‘ಆಜ್ ತಕ್’,factly,0
358,ಗುಜರಾತ್‌ನಲ್ಲಿ ಅಪ್ರಾಪ್ತ ಬುಡಕಟ್ಟು ಬಾಲಕಿಯನ್ನು ಥಳಿಸುವ ವಿಡಿಯೋವನ್ನು ಸುಳ್ಳು ವ್ಯಾಖ್ಯಾನದೊಂದಿಗೆ ಹಂಚಿಕೊಳ್ಳಲಾಗಿದೆ,factly,0
359,ಈ ಚಿತ್ರದಲ್ಲಿರುವ ಶಿವಲಿಂಗ ಅಯೋಧ್ಯೆಯಲ್ಲಿ ಪತ್ತೆಯಾಗಿಲ್ಲ,factly,0
360,ಜನರನ್ನು ದಿಕ್ಕುತಪ್ಪಿಸಲು ಸಂಬಂಧವಿಲ್ಲದ 2 ವಿಭಿನ್ನ ಕ್ವಾರಂಟೈನ್ ಕೇಂದ್ರಗಳ ಘಟನೆಗಳನ್ನು ಜೋಡಿಸಲಾಗಿದೆ,factly,0
361,ಒಹಾಯೋ ಸ್ಟೇಟ್‌ಹೌಸ್‌ನಲ್ಲಿನ ಪ್ರತಿಭಟನಕಾರರ ವಿಡಿಯೋವನ್ನು “ಶ್ವೇತಭವನಕ್ಕೆ ಪ್ರತಿಭಟನಾಕಾರರು ನುಗ್ಗಿದ್ದಾರೆ” ಎಂದು ಸುಳ್ಳು ಸುದ್ದಿ ಹರಡಲಾಗಿದೆ,factly,0
362,TRAI ಮೊಬೈಲ್ ಸೇವೆಗಳಿಗೆ 11-ಅಂಕಿಯ ಸಂಖ್ಯಾ ಯೋಜನೆಯನ್ನು ಶಿಫಾರಸ್ಸು ಮಾಡಿದೆ,factly,0
363,ಸೂರ್ಯೋದಯದ ಈ ಫೋಟೋಗಳು ಒರಿಸ್ಸಾದ (ಭಾರತ) ಕೊನಾರ್ಕ್ ದೇವಸ್ಥಾನಕ್ಕೆ ಸಂಬಂಧಿಸಿದವಲ್ಲ,factly,0
364,ನಾನು ಸಾಂಸ್ಕೃತಿಕವಾಗಿ ಮುಸ್ಲಿಂ ಮತ್ತು ಆಕಸ್ಮಿಕವಾಗಿ ಹಿಂದೂ ಆಗಿ ಹುಟ್ಟಿದ್ದೇನೆ ಎಂದು ನೆಹರೂ ಹೇಳಿಲ್ಲ,factly,0
365,ಒಂದು ಕೋಟಿ ಕೋವಿಡ್-19 ರೋಗಿಗಳಿಗೆ ಸರ್ಕಾರ ಚಿಕಿತ್ಸೆ ನೀಡಿರುವುದಾಗಿ ಪ್ರಧಾನಿ ಹೇಳಿಲ್ಲ,factly,0
366,"ಸೂಪರ್ಮಾರ್ಕೆಟ್ ಹೊರಗೆ ಕಾಣುವ ಪಕ್ಷಿಗಳ ಸಮೂಹದ ವೀಡಿಯೊ ಟೆಕ್ಸಾಸ್ (ಯುಎಸ್ಎ) ಯಿಂದ ಬಂದಿದೆ, ಸೌದಿ ಅರೇಬಿಯಾದಿಂದ ಅಲ್ಲ",factly,0
367,ಈ ಫೋಟೋದಲ್ಲಿ ಜಯಲಲಿತಾ ಅವರೊಂದಿಗೆ ನೋಡಿದ ಮಹಿಳೆ ನಿರ್ಮಲಾ ಸೀತಾರಾಮನ್ ಅಲ್ಲ,factly,0
368,ಅಮ್ಫಾನ್ ಚಂಡಮಾರುತದ ಸಂದರ್ಭದಲ್ಲಿ ಹಳೆಯ ವೀಡಿಯೊಗಳನ್ನು ತಪ್ಪಾಗಿ ಹಂಚಿಕೊಳ್ಳಲಾಗುತ್ತಿದೆ,factly,0
369,"ಗೂಗಲ್ ನಕ್ಷೆಗಳಂತೆಯೇ, ಪಾಕಿಸ್ತಾನ ಸರ್ಕಾರದ COVID-19 ಟ್ರ್ಯಾಕರ್ ವೆಬ್‌ಸೈಟ್ ಭಾರತದಿಂದ ಪ್ರವೇಶಿಸಿದಾಗ ಮಾತ್ರ ಇಡೀ ಜೆ & ಕೆ ಅನ್ನು ಭಾರತದ ಭಾಗವಾಗಿ ತೋರಿಸಿದೆ",factly,0
370,ಲಾಕ್‌ಡೌನ್ ತೆಗೆದ ನಂತರ ಸೌದಿ ಅರೇಬಿಯಾದ ಜನರು ಶಾಪಿಂಗ್ ಮಾಲ್‌ಗೆ ಓಡುತ್ತಿರುವ ಹಳೆಯ ವಿಡಿಯೋವನ್ನು ಹಂಚಿಕೊಳ್ಳಲಾಗಿದೆ,factly,0
371,ಸಂಪಾದಿತ ವೀಡಿಯೊವೊಂದನ್ನು ‘ಮೋದಿ ಅವರ ಪಶ್ಚಿಮ ಬಂಗಾಳ ಭೇಟಿಯ ಸಂದರ್ಭದಲ್ಲಿ‘ ಚೌಕಿದಾರ್ ಚೋರ್ ಹೈ ’ ಎಂಬ ಘೋಷಣೆಗಳಿಂದ ಕೂಗಿದ್ದಾರೆ’ ಎಂದು ಹಂಚಿಕೊಳ್ಳಲಾಗಿದೆ,factly,0
372,ಈ ವೀಡಿಯೊದಲ್ಲಿ ಹೊಡೆದ ವ್ಯಕ್ತಿ ‘ನಾಗ ಸಾಧು’ ಅಲ್ಲ ಅಥವಾ ‘ಮುಸ್ಲಿಂ’ ನಿಂದ ಹೊಡೆದಿಲ್ಲ,factly,0
373,ಪಶ್ಚಿಮ ಬಂಗಾಳದಲ್ಲಿ ಇತ್ತೀಚಿನ ಕೋಮು ಹಿಂಸಾಚಾರದ ಹಿನ್ನೆಲೆಯಲ್ಲಿ ಹಳೆಯ ವೀಡಿಯೊವನ್ನು ಹಂಚಿಕೊಳ್ಳಲಾಗುತ್ತಿದೆ,factly,0
374,ಕುಂಭಮೇಳ ಸಂದರ್ಭದಲ್ಲಿ ಮೆರವಣಿಗೆ ನಡೆಸಿದ ಬಸ್‌ಗಳ ಚಿತ್ರವನ್ನು ವಲಸೆ ಕಾರ್ಮಿಕರನ್ನು ಸಾಗಿಸಲು ಪ್ರಿಯಾಂಕಾ ಗಾಂಧಿ ಏರ್ಪಡಿಸಿದ ಬಸ್‌ಗಳಂತೆ ಹಂಚಿಕೊಳ್ಳಲಾಗಿದೆ,factly,0
375,ಕರಾಚಿ (ಪಾಕಿಸ್ತಾನ) ಯ ಹಳೆಯ ವೀಡಿಯೊವನ್ನು ಬೆಂಗಳೂರಿನಲ್ಲಿ ಮಹಿಳೆಯರು ಸಂಪರ್ಕತಡೆಯ ಕೇಂದ್ರದಿoದ ತಪ್ಪಿಸಿಕೊಳ್ಳುತ್ತಿರುವುದು ಎಂದು ತಪ್ಪಾಗಿ ಹಂಚಿಕೊಳ್ಳಲಾಗುತ್ತಿದೆ,factly,0
376,"ಗೂಗಲ್ ನಕ್ಷೆಗಳು ಎಲ್‌ಒಸಿ ಅನ್ನು ತೆಗೆದುಹಾಕಿದೆಯೇ? ಇಲ್ಲ, ಅದು ಭಾರತದಿಂದ ಹುಡುಕಿದಾಗ ಮಾತ್ರ ಕಾಣಿಸಿಕೊಳ್ಳುತ್ತದೆ",factly,0
377,‘ಟಿಪ್ಪು ಸುಲ್ತಾನ್’ ಅವರ ಜೀವನ ಕಥೆಯನ್ನು ಆಧರಿಸಿ ಶಾರುಖ್ ಖಾನ್ ಚಿತ್ರ ಮಾಡುತ್ತಿದ್ದಾರೆ ಎಂದು ಖಚಿತಪಡಿಸಲು ಯಾವುದೇ ಮಾಹಿತಿ ಇಲ್ಲ,factly,0
378,ಗೋಧಿ ಚೀಲಗಳಲ್ಲಿ ಹಣವನ್ನು ಹಾಕುವ ವ್ಯಕ್ತಿ ನಾನಲ್ಲಾ ಎಂದು ಅಮೀರ್ ಖಾನ್ ಸ್ಪಷ್ಟಪಡಿಸಿದ್ದಾರೆ,factly,0
379,ಹಳೆಯ ಮತ್ತು ಸಂಬಂಧವಿಲ್ಲದ ವೀಡಿಯೊವನ್ನು ‘ಹಣ್ಣಿನ ಅಂಗಡಿಗಳಲ್ಲಿ ಪೊಲೀಸರು ಧ್ವಜಗಳನ್ನು ತೆಗೆದ ನಂತರ ಜಮ್ಶೆಡ್ಪುರ ಮನೆಗಳ ಮೇಲೆ ಕೇಸರಿ ಧ್ವಜಗಳು’ ಎಂದು ತಪ್ಪಾಗಿ ಹಂಚಿಕೊಳ್ಳಲಾಗಿದೆ,factly,0
380,‘ಲಾಕ್‌ಡೌನ್ ಸಮಯದಲ್ಲಿ ಕಡಿಮೆ ಮಾಲಿನ್ಯದಿಂದಾಗಿ ಹಲವು ವರ್ಷಗಳ ನಂತರ ಬ್ರಹ್ಮ ಕಮಲ್ ಹೂವುಗಳ ಅರಳುವಿಕೆ’ ಎಂದು ತಪ್ಪಾಗಿ ಹಂಚಿಕೊಂಡ ಹಳೆಯ ವೀಡಿಯೊ,factly,0
381,ಹಳೆಯ ವೀಡಿಯೊವನ್ನು ‘ರಿಷಿ ಕಪೂರ್ ಅವರ ಕೊನೆಯ ದಿನದಂದು ಆಸ್ಪತ್ರೆಯ ಸಿಬ್ಬಂದಿಗಳೊಂದಿಗೆ ಎಂದು ಹಂಚಿಕೊಳ್ಳಲಾಗಿದೆ’,factly,0
382,"ಸಾಮಾಜಿಕ ಅಂತರದ ಈ ಫೋಟೋಗಳನ್ನು ಕಲಾವ್ (ಮ್ಯಾನ್ಮಾರ್) ಮಾರುಕಟ್ಟೆಯಲ್ಲಿ ತೆಗೆಯಲಾಗಿದೆ, ಮಣಿಪುರ ಅಥವಾ ಮಿಜೋರಾಂ (ಭಾರತ) ನಲ್ಲಿ ಅಲ್ಲ",factly,0
383,ನೊಬೆಲ್ ಪ್ರಶಸ್ತಿ ವಿಜೇತ ತಸುಕು ಹೊಂಜೊ ಅವರು ‘ಕರೋನವೈರಸ್ ಮನುಷ್ಯನಿಂದ ಮಾಡಲ್ಪಟ್ಟಿದೆ’ ಎಂದು ಹೇಳಿಕೊಂಡಿಲ್ಲ,factly,0
384,‘ನಮಗೆ ಕಾಶ್ಮೀರ ಬೇಡ. ನಮಗೆ ಹೈಡ್ರಾಕ್ಸಿಕ್ಲೋರೋಕ್ವಿನ್ ನೀಡಿ’ ಎಂದು ಪಾಕಿಸ್ತಾನದ ಜನರು ಬ್ಯಾನರ್ ಹಿಡಿದಿರುವಂತೆ ಸಂಪಾದಿಸಲಾದ ಫೋಟೋವನ್ನು ಹಂಚಿಕೊಳ್ಳಲಾಗಿದೆ,factly,0
385,ದುಬೈನ ಫೋಟೋವನ್ನು ಭಾರತದಲ್ಲಿ ಮುಸ್ಲಿಮರು ಮೇಲ್ಛಾವಣಿಯಲ್ಲಿ ಪ್ರಾರ್ಥನೆ ಸಲ್ಲಿಸುತ್ತಿದ್ದಾರೆ ಎಂದು ಹಂಚಿಕೊಳ್ಳಲಾಗಿದೆ,factly,0
386,ಹಳೆಯ ಪ್ರತಿಭಟನಾ ವೀಡಿಯೊವನ್ನು ‘ಇಂದು ಹಳೆಯ ನಗರದಲ್ಲಿನ (ಹೈದರಾಬಾದ್) ಪರಿಸ್ಥಿತಿ’ ಎಂದು ತಪ್ಪಾಗಿ ಹಂಚಿಕೊಳ್ಳಲಾಗಿದೆ,factly,0
387,"ವೀಡಿಯೊದಲ್ಲಿ ಕಂಡುಬರುವ ಕ್ವಾರ್ಟೈನ್ ಕೇಂದ್ರವಾಗಿ ಕನಿಪಕಂ ‘ದೇವಾಲಯ’ ಅಲ್ಲ, ಇದು ಕನಿಪಕಂನಲ್ಲಿರುವ ‘ಯಾತ್ರಾ ವಸತಿಗೃಹ’",factly,0
388,ಹಳೆಯ ಚಿತ್ರವನ್ನು ‘ಲಾಕ್‌ಡೌನ್ ಸಮಯದಲ್ಲಿ ಸೌಲಭ್ಯಗಳ ಕೊರತೆಯಿಂದಾಗಿ ಆತ್ಮಹತ್ಯೆ’ ಎಂದು ತಪ್ಪಾಗಿ ಹಂಚಿಕೊಳ್ಳಲಾಗಿದೆ,factly,0
389,ಹಳೆಯ ಮತ್ತು ಸಂಬಂಧವಿಲ್ಲದ ಫೋಟೋವನ್ನು ‘ಲಾಕ್‌ಡೌನ್ ಸಮಯದಲ್ಲಿ ಹಸಿವಿನಿಂದ ಕುಟುಂಬ ಆತ್ಮಹತ್ಯೆ ಮಾಡಿಕೊಂಡಿದೆ’ ಎಂದು ತಪ್ಪಾಗಿ ಹಂಚಿಕೊಳ್ಳಲಾಗಿದೆ,factly,0
390,‘ರಾಹುಲ್ ಗಾಂಧಿ ಮತ್ತು ಪ್ರಿಯಾಂಕಾ ವಾದ್ರಾ ಗಾಂಧಿ ಅವರು‘ ಲಾಕ್‌ಡೌನ್ ’ನಿಯಮಗಳನ್ನು ಉಲ್ಲಂಘಿಸಿದ್ದಾರೆ’ ಎಂದು ಹಳೆಯ ವೀಡಿಯೊವನ್ನು ತಪ್ಪಾಗಿ ಹಂಚಿಕೊಳ್ಳಲಾಗಿದೆ,factly,0
391,2007 ರ ಟಿವಿ ಸರಣಿಯ ‘ಸಾಂಕ್ರಾಮಿಕ’ ದ ವೀಡಿಯೊ ಕ್ಲಿಪ್ ಅನ್ನು ‘ಇಟಲಿಯ ಪ್ರಸ್ತುತ ಸ್ಥಾನ’ ಎಂದು ತಪ್ಪಾಗಿ ಹಂಚಿಕೊಳ್ಳಲಾಗುತ್ತಿದೆ.,factly,0
392,ಅಜೆರ್ಬೈಜಾನ್‌ನ ಹಳೆಯ ಮತ್ತು ಸಂಬಂಧವಿಲ್ಲದ ವೀಡಿಯೊವನ್ನು ‘ಪೊಲೀಸರು ಸ್ಪೇನ್‌ನಲ್ಲಿ ಲಾಕ್‌ಡೌನ್ ಜಾರಿಗೊಳಿಸುತ್ತಿದ್ದಾರೆ’ ಎಂದು ಹಂಚಿಕೊಂಡಿದ್ದಾರೆ,factly,0
393,ಬ್ರೆಜಿಲ್ ಪೊಲೀಸರು ಚಾಕು ಹಿಡಿದಿರುವ ವ್ಯಕ್ತಿಯನ್ನು ಕೆಳಗಿಳಿಸುವ ವಿಡಿಯೋವನ್ನು ‘ಇಟಲಿಯ ಲಾಕ್‌ಡೌನ್’ ಗೆ ಲಿಂಕ್ ಮಾಡಲಾಗುತ್ತಿದೆ,factly,0
394,ಸಂಬಂಧವಿಲ್ಲದ ಫೋಟೋಗಳನ್ನು ಇಟಲಿಯಲ್ಲಿ COVID-19 ಏಕಾಏಕಿ ಹಿನ್ನೆಲೆಯಲ್ಲಿ ತಪ್ಪಾಗಿ ಹಂಚಿಕೊಳ್ಳಲಾಗುತ್ತಿದೆ,factly,0
395,COVID-19 ಸ್ಪೋಟ ಹಿನ್ನೆಲೆಯಲ್ಲಿ ಸೆನೆಗಲ್‌ನ ವಿಮಾನ ನಿಲ್ದಾಣದಲ್ಲಿ ಹಳೆಯ ‘ತುರ್ತು ವ್ಯಾಯಾಮ’ ವೀಡಿಯೊವನ್ನು ತಪ್ಪಾಗಿ ಹಂಚಿಕೊಳ್ಳಲಾಗಿದೆ,factly,0
396,ಲಾಕ್‌ಡೌನ್ ಸಮಯದಲ್ಲಿ ಹಳೆಯ ಫೋಟೋಗಳನ್ನು ‘ಭುಜ್ ಮಂದಿರದಲ್ಲಿ (ಗುಜರಾತ್) ರಾಮ್ ನವಮಿ ಆಚರಣೆಗಳು’ ಎಂದು ತಪ್ಪಾಗಿ ಹಂಚಿಕೊಳ್ಳಲಾಗಿದೆ,factly,0
397,COVID-19 ಡಯಗ್ನೊಸ್ಟಿಕ್ ಟೆಸ್ಟ್ ಕಿಟ್‌ನ ಫೋಟೋವನ್ನು COVID-19 ಲಸಿಕೆ ಎಂದು ತಪ್ಪಾಗಿ ಹಂಚಿಕೊಳ್ಳಲಾಗುತ್ತಿದೆ,factly,0
398,ಅಯೋಧ್ಯೆಯ ರಾಮ್ ದೇವಾಲಯದ ವಿನ್ಯಾಸವಾಗಿ ಸ್ವಾಮಿನಾರಾಯಣ್ ಅಕ್ಷರ್ಧಮ್ ದೇವಾಲಯದ ಫೋಟೋವನ್ನು ಹಂಚಿಕೊಳ್ಳಲಾಗಿದೆ,factly,0
399,‘ಬೆಳ್ಳುಳ್ಳಿ ಆರೋಗ್ಯಕರವಾಗಿದೆ ಆದರೆ ಇದು ಹೊಸ ಕೊರೊನಾವೈರಸ್‌ನಿಂದ ಜನರನ್ನು ರಕ್ಷಿಸುತ್ತದೆ ಎಂಬುದಕ್ಕೆ ಯಾವುದೇ ಪುರಾವೆಗಳಿಲ್ಲ’ ಎಂದು ಡಬ್ಲ್ಯುಎಚ್‌ಒ ಹೇಳುತ್ತದೆ,factly,0
400,"ಈ ವೀಡಿಯೊದಲ್ಲಿ ಚೀನಾ SWAT ತಂಡವು ಸಿಕ್ಕಿಬಿದ್ದ ಜನರು, ಕೊರೊನಾವೈರಸ್ ಹೊಂದಿಲ್ಲ. ಇದು ‘ಅಣಕು ಡ್ರಿಲ್’ ವೀಡಿಯೊ",factly,0
401,ಈ ವೀಡಿಯೊದಲ್ಲಿ ಮನೆಗೆಲಸದವಳು ಆಹಾರದಲ್ಲಿ ಮೂತ್ರವನ್ನು ಬೆರೆಸುತ್ತಿರುವುದು ಕಂಡುಬರುತ್ತದೆ ಅವಳು ಮುಸ್ಲಿಂ ಅಲ್ಲ,factly,0
402,"ದೆಹಲಿ ಗಲಭೆಯಲ್ಲಿ ಮುಸ್ಲಿಮರಿಂದ ಅತ್ಯಾಚಾರಕ್ಕೊಳಗಾದ ಹುಡುಗಿಯ ಕೊಲೆ ಫೋಟೋ? ಇಲ್ಲ, ಮಧ್ಯಪ್ರದೇಶದ ಒ೦ದು ಅನುಮಾನಾಸ್ಪದ ಸಾವಿನ ಪ್ರಕರಣ",factly,0
403,ಕೇಂದ್ರ ಸರ್ಕಾರ ‘ಪ್ರಧಾನ್ ಮಂತ್ರಿ ಶಿಶು ವಿಕಾಸ್ ಯೋಜನೆ (ಪಿಎಂಎಸ್‌ವಿವೈ)’ಎಂಬ ಹೆಸರಿನ ಯಾವುದೇ ಯೋಜನೆ ಜಾರಿಗೆ ತಂದಿಲ್ಲ,factly,0
404,ದೆಹಲಿಯ ಜಾಫ್ರಾಬಾದ್‌ನಲ್ಲಿ ಗುಂಡಿನ ದಾಳಿ ನಡೆಸಿದ ವ್ಯಕ್ತಿ ಅನುರಾಗ್ ಮಿಶ್ರಾ ಅಲ್ಲ,factly,0
405,"ಇಲ್ಲ, ಟಾಟಾ ಗ್ರೂಪ್ ಜೆಎನ್‌ಯು ವಿದ್ಯಾರ್ಥಿಗಳನ್ನು ಕೆಲಸಕ್ಕ ನೇಮಕ ಮಾಡುವುದಿಲ್ಲ ಎಂದು ರತನ್ ಟಾಟಾ ಘೋಷಿಸಿಲ್ಲ",factly,0
406,ವೀಡಿಯೊದಲ್ಲಿರುವ ವ್ಯಕ್ತಿ ಯೋಗಿಯಲ್ಲ ಅಥವಾ 300 ವರ್ಷಗಳ ಕಾಲ ತಮಿಳುನಾಡಿನಲ್ಲಿ ಸಮಾಧಿ ಮಾಡಲಾಗಿಲ್ಲ.,factly,0
407,ದೆಹಲಿ ಚುನಾವಣೆಯಲ್ಲಿ ಬಿಜೆಪಿ ಕೇವಲ 1000 ಕ್ಕಿಂತ ಕಡಿಮೆ ಮತಗಳ ಅಂತರದಿಂದ ಒಂದು ಸ್ಥಾನವನ್ನು ಕಳೆದುಕೊಂಡಿತು.,factly,0
408,ಬಾಂಗ್ಲಾದೇಶದ ಹುಡುಗಿಯ ಚಿತ್ರವನ್ನು ಮಂಗಳೂರಿನಲ್ಲಿ ತಮಿಳು ಭಿಕ್ಷುಕರೊಂದಿಗೆ ಅಪಹರಣಕ್ಕೊಳಗಾದ ಹುಡುಗಿಯಂತೆ ತಪ್ಪಾಗಿ ಹಂಚಿಕೊಳ್ಳಲಾಗಿದೆ.,factly,0
409,ವೀಡಿಯೊದಲ್ಲಿರುವ ಹಕ್ಕಿ ‘ಲೈರೆಬರ್ಡ್’. ಈ ವಿಡಿಯೋವನ್ನು ಆಸ್ಟ್ರೇಲಿಯಾದ ಅಡಿಲೇಡ್ ಮೃಗಾಲಯದಲ್ಲಿ ತೆಗೆದುಕೊಳ್ಳಲಾಗಿದೆ.,factly,0
410,ನೀತಾ ಅಂಬಾನಿಯವರು ಅಯೋಧ್ಯೆಯಲ್ಲಿ ರಾಮ ದೇವಾಲಯ ನಿರ್ಮಾಣಕ್ಕಾಗಿ ಚಿನ್ನ ಮತ್ತು ಬೆಳ್ಳಿ ಆಭರಣಗಳನ್ನು ನೀಡಿಲ್ಲ.,factly,0
411,ಕರೋನವೈರಸ್ ಹಿನ್ನೆಲೆಯಲ್ಲಿ ಚೀನಾದಿಂದ ಹಳೆಯ ಸಂಬಂಧವಿಲ್ಲದ ಬಾವಲಿಗಳ ವೀಡಿಯೊವನ್ನು ಚೀನಾದಿಂದ ಹಂಚಿಕೊಳ್ಳಲಾಗುತ್ತಿದೆ.,factly,0
412,ಹಳೆಯ ಸಂಬಂಧವಿಲ್ಲದ ವೀಡಿಯೊವನ್ನು ಇತ್ತೀಚಿಗೆ ಹಠಾತ್ ಸಂಭವೀಸಿದ ಕೊರೊನಾವೈರಸ್ಗೆ ಸಂಬಂಧಿಸಿದೆ ಎಂದು ತಪ್ಪಾಗಿ ಹಂಚಿಕೊಳ್ಳಲಾಗಿದೆ.,factly,0
413,"ಈ ವೀಡಿಯೊ ವುಹಾನ್ (ಚೀನಾ) ನಲ್ಲಿ ಅಲ್ಲ, ಲ್ಯಾಂಗೋವಾನ್ (ಇಂಡೋನೇಷ್ಯಾ) ನ ಮಾರುಕಟ್ಟೆಯನ್ನು ತೋರಿಸುತ್ತದೆ.",factly,0
414,"ಇಲ್ಲ, ಈ ವೀಡಿಯೊ ಚೀನಾ ಕರೋನವೈರಸ್ ರೋಗಿಗಳಿಗಾಗಿ ಹೊಸ ಆಸ್ಪತ್ರೆಯನ್ನು ಸ್ಥಾಪಿಸಿದೆ ಎಂದು ತೋರಿಸುವುದಿಲ್ಲ .",factly,0
415,ವೀಡಿಯೊದಲ್ಲಿ ತೋರಿಸಿರುವ ಲುಪ್ಪೋ ಕೇಕ್ ಭಾರತದಲ್ಲಿ ಮಾರಾಟ ಮಾಡಲಾಗುವುದಿಲ್ಲ. ಅಲ್ಲದೆ ಅದು ಪಾರ್ಶ್ವವಾಯುವಿಗೆ ಕಾರಣವಾಗುವುದಿಲ್ಲ.,factly,0
416,ಹಳೆಯ ಸಂಬಂಧವಿಲ್ಲದ ವೀಡಿಯೊವನ್ನು ‘ಅಸ್ಸಾಂನ ಎನ್‌ಆರ್‌ಸಿಯಿಂದ ಹೊರಗಿಡಲ್ಪಟ್ಟ ಜನರ ಮನೆಗಳನ್ನು ನೆಲಸಮ ಮಾಡುವುದು’ ಎಂದು ತಪ್ಪಾಗಿ ಹಂಚಿಕೊಳ್ಳಲಾಗಿದೆ.,factly,0
417,‘ಕೇರಳದ ಜನರು ಸಿಎಎ ಮತ್ತು ಎನ್‌ಆರ್‌ಸಿಯನ್ನು ಬೆಂಬಲಿಸಿ ಬಿಜೆಪಿ ಮತ್ತು ಆರ್‌ಎಸ್‌ಎಸ್ ಬೈಕ್ ರಾಲಿಯ ಮೇಲೆ ದಾಳಿ ಮಾಡಿದ್ದಾರೆ’ ಎಂದು ಹಂಚಿಕೊಂಡ ಹಳೆಯ ಮತ್ತು ಸಂಬಂಧವಿಲ್ಲದ ವೀಡಿಯೊ,factly,0
418,"ಜೆಎನ್‌ಯುಎಸ್‌ಯು ಅಧ್ಯಕ್ಷ ಆಯಿಷೆ ಘೋಷ್ ಕೈಗೆ ನಕಲಿ ಗಾಯವಾಗಿದೆಯೇ? ಇಲ್ಲ, ಇದು ಮಿರರ್ ಇಮೇಜ್ ಆಗಿದೆ",factly,0
419,‘ಚಪಾಕ್’ ಚಿತ್ರದಲ್ಲಿ ಅಪರಾಧಿಗಳ ಹೆಸರನ್ನು ಹಿಂದೂ ಹೆಸರಾಗಿ ಬದಲಾಯಿಸಲಾಗಿಲ್ಲ,factly,0
420,ಅಬ್ದುಲ್ ಘಫರ್ ಖಾನ್ ಅವರ ಅಂತ್ಯಕ್ರಿಯೆಯ ಸನ್ನಿವೇಶದ ರಾಹುಲ್ ಮತ್ತು ರಾಜೀವ್ ಗಾಂಧಿಯವರ ಫೋಟೋವನ್ನು ಸುಳ್ಳು ನಿರೂಪಣೆಯೊಂದಿಗೆ ಹಂಚಿಕೊಳ್ಳಲಾಗುತ್ತಿದೆ.,factly,0
421,"ಫೋಟೋಶಾಪ್ ಮಾಡಿದ ಚಿತ್ರವನ್ನು ‘ಸಿಎಎ, ಎನ್ಆರ್ಸಿ ಮತ್ತು ಎನ್ಪಿಆರ್ ವಿರುದ್ಧ ಅಸ್ಸಾಂ ಎಬಿವಿಪಿ ಪ್ರತಿಭಟಿಸುತ್ತಿದೆ’ ಎಂದು ತಪ್ಪಾಗಿ ಹಂಚಿಕೊಳ್ಳಲಾಗುತ್ತಿದೆ",factly,0
422,‘ಜೈಲಿನಲ್ಲಿದ್ದ ಮಹಿಳೆ ಬನಾರಸ್ (ವಾರಣಾಸಿ) ನ ಬಂಧನ ಕೇಂದ್ರದಲ್ಲಿ ಬೇಲಿ ಮೂಲಕ ಮಗುವಿಗೆ ಹಾಲುಣಿಸುತ್ತಾಳೆ’ ಎಂದು ಹಳೆಯ ಚಿತ್ರವನ್ನು ಹಂಚಿಕೊಳ್ಳಲಾಗಿದೆ,factly,0
423,ಪೊಲೀಸರು ಸಿಖ್ ಪ್ರತಿಭಟನಾಕಾರರ ಪೇಟವನ್ನು ತೆಗೆದುಹಾಕುವ ಹಳೆಯ ವೀಡಿಯೊವನ್ನು ಸುಳ್ಳು ನಿರೂಪಣೆಯೊಂದಿಗೆ ಹಂಚಿಕೊಳ್ಳಲಾಗುತ್ತಿದೆ,factly,0
424,‘ಆಯಿಷಾ ರೆನ್ನಾ’ – ನಕಲಿ ಸುದ್ದಿ ಪೆಡ್ಲರ್‌ಗಳಿಗೆ ಹೊಸ ಗುರಿ,factly,0
425,‘ಜಾಮಿಯಾ ವಿಶ್ವವಿದ್ಯಾಲಯದಲ್ಲಿ ನಡೆದ ಪ್ರತಿಭಟನೆಯ ಸಂದರ್ಭದಲ್ಲಿ ಪುರುಷ ವಿದ್ಯಾರ್ಥಿಯು ಹೆಣ್ಣಿನ ವೇಷ ಧರಿಸಿದ್ದಾನೆ ’ ಎಂದು ಈಜಿಪ್ಟ್‌ನ ಚಿತ್ರವನ್ನು ಹಂಚಿಕೊಳ್ಳಲಾಗುತ್ತಿದೆ,factly,0
426,ಯಾವುದೇ ಜಾಮಿಯಾ ಮಿಲಿಯಾ ಇಸ್ಲಾಮಿಯಾ ವಿಶ್ವವಿದ್ಯಾಲಯದ ವಿದ್ಯಾರ್ಥಿನಿಗೆ ಯಾವುದೇ ಗಾಯಗಳಿಲ್ಲ. ಸುಳ್ಳು ವದಂತಿಗಳನ್ನು ಜಾಮಿಯಾ ವಿಸಿ ಖಂಡಿಸಿದ್ದಾರೆ,factly,0
427,ಈ ಚಿತ್ರದಲ್ಲಿರುವ ಹುಡುಗ ತನ್ನ ಶಾಲೆಯ ರಸಾಯನಶಾಸ್ತ್ರ ಪ್ರಯೋಗಾಲಯವನ್ನು ಸ್ವಚ್ಚಗೊಳಿಸುವಾಗ ಗಾಯಗೊಂಡಿದ್ದಾನೆ,factly,0
428,ವೀಡಿಯೊದಲ್ಲಿರುವ ಪ್ರಾಣಿ ‘ಅಲಿಗೇಟರ್ ಸ್ನ್ಯಾಪಿಂಗ್ ಆಮೆ’ಅದು ಮನುಷ್ಯರಂತೆ ಅಳುವುದಿಲ್ಲ,factly,0
429,ಆದಿತ್ಯನಾಥ್ ಭೇಟಿಯ 2017 ರ ಚಿತ್ರ ಅಂಬಾನಿಯನ್ನು ‘ರಾಮ್ ಮಂದಿರ ನಿರ್ಮಾಣಕ್ಕಾಗಿ ಅಂಬಾನಿ ರೂ.500 ಕೋಟಿ ದೇಣಿಗೆ ನೀಡಿದ್ದಾರೆ’ ಎಂದು ಹಂಚಿಕೊಳ್ಳಲಾಗಿದೆ,factly,0
430,ಸಂಬಂಧವಿಲ್ಲದ ಹಳೆಯ ಚಿತ್ರವನ್ನು ವೃದ್ಧಾಪ್ಯದ ಜೆಎನ್‌ಯು ವಿದ್ಯಾರ್ಥಿಯಂತೆ ಹಂಚಿಕೊಳ್ಳಲಾಗುತ್ತಿದೆ,factly,0
431,ಪೋಸ್ಟ್‌ನಲ್ಲಿನ ‘ಪೊಲೀಸ್ ಕ್ರೂರತೆ’ ಚಿತ್ರವು ‘ಜೆಎನ್‌ಯು ಶುಲ್ಕ ಹೆಚ್ಚಳ’ ಪ್ರತಿಭಟನೆಗೆ ಸಂಬಂಧಿಸಿಲ್ಲ,factly,0
432,"ಚಿತ್ರದಲ್ಲಿರುವ ಸಸ್ಯ ‘ಸಿಕ್ಕಿಂ ವಿರೇಚಕ’, ಇದು ಹಿಮಾಲಯದಲ್ಲಿ ಪ್ರತಿವರ್ಷ ಅರಳುತ್ತದೆ.",factly,0
433,ಗಣರಾಜ್ಯೋತ್ಸವ -2015 ವಿಡಿಯೋವನ್ನು ‘ಭಾರತ ಮತ್ತು ಪಾಕಿಸ್ತಾನ ಸೇನೆಗಳು ದೀಪಾವಳಿಗೆ ಸಿಹಿ ವಿನಿಮಯ ಮಾಡಿಕೊಳ್ಳುತ್ತಿವೆ’ ಎಂದು ತಪ್ಪಾಗಿ ಹಂಚಿಕೊಳ್ಳಲಾಗುತ್ತಿದೆ.,factly,0
434,ಈ ಘಟನೆ ಪ್ರಸ್ತುತ ಕಾಶ್ಮೀರದಲ್ಲಿ ನಡೆದಿರುವುದಲ್ಲ. ಇದು ಒಂದು ಹಳೆಯ ಘಟನೆಯಾಗಿದ್ದು 2017  ರ್ ಇಸವಿಯಲ್ಲಿ ಅರುಣಾಚಲ ಪ್ರದೇಶದ ತವಾಂಗ್ ಎಂಬ ಪ್ರದೇಶದಲ್ಲಿ ನಡೆದಿದ್ದಾಗಿದೆ,factly,0
435,ಪಾಕಿಸ್ತಾನ ಮೇಲೆ ಭಾರತೀಯ ಸೇನೆಯು ಇತ್ತೀಚೆಗೆ ನಡೆಸಿದ ದಾಳಿಯಂತೆ ಮಹಾರಾಷ್ಟ್ರದ ಹಳೆಯ ಗುಂಡಿನ ವ್ಯಾಯಾಮ ವೀಡಿಯೊವನ್ನು ಹಂಚಿಕೊಳ್ಳಲಾಗುತ್ತಿದೆ,factly,0
436,ಜಾಹೀರಾತು ಚಿತ್ರೀಕರಣದ ಸಮಯದಲ್ಲಿ ತೆಗೆದ ಫೋಟೋವನ್ನು ಕೋಲ್ಕತ್ತಾದ ಐಎಎಸ್ ಟಾಪರ್ ಎಂದು ತಪ್ಪಾಗಿ ಹಂಚಿಕೊಳ್ಳಲಾಗಿದೆ,factly,0
